Prov_ID,Province,Dist_ID,District,Sect_ID,Name,area_sqkm,join_key,sector,non_poor,vulnerable,moderately_poor,severely_poor,total,count,district,poverty_rate,poverty_index,population_density,poor_population,poor_population_density
1.0,Kigali City,11.0,Nyarugenge,1101.0,Gitega,1.1734335339460493,gitega,Gitega,90.0,7.5,2.2,0.3,100,32945,Nyarugenge,2.5,11.28,28075.72738202887,823.625,701.8931845507217
1.0,Kigali City,11.0,Nyarugenge,1102.0,Kanyinya,24.16960703303324,kanyinya,Kanyinya,65.7,18.5,12.6,3.2,100,34608,Nyarugenge,15.8,15.330000000000002,1431.880954982029,5468.064,226.23719088716058
1.0,Kigali City,11.0,Nyarugenge,1103.0,Kigali,29.377588759583944,kigali,Kigali,68.1,17.6,11.4,3.0,100,71619,Nyarugenge,14.4,14.95,2437.8787716754155,10313.136,351.0545431212599
1.0,Kigali City,11.0,Nyarugenge,1104.0,Kimisagara,3.3121500383490226,kimisagara,Kimisagara,86.4,9.7,3.4,0.5,100,65713,Nyarugenge,3.9,11.8,19839.982862840163,2562.807,773.7593316507663
1.0,Kigali City,11.0,Nyarugenge,1105.0,Mageregere,54.6402733604726,mageregere,Mageregere,56.3,18.7,18.1,6.9,100,49847,Nyarugenge,25.0,17.560000000000002,912.2758166151469,12461.75,228.06895415378673
1.0,Kigali City,11.0,Nyarugenge,1106.0,Muhima,2.9430287907138086,muhima,Muhima,91.7,6.4,1.7,0.2,100,27195,Nyarugenge,1.9,11.040000000000001,9240.480448512386,516.705,175.56912852173537
1.0,Kigali City,11.0,Nyarugenge,1107.0,Nyakabanda,2.4238978186912754,nyakabanda,Nyakabanda,89.7,7.6,2.3,0.4,100,33924,Nyarugenge,2.6999999999999997,11.34,13995.639477210487,915.9479999999999,377.8822658846831
1.0,Kigali City,11.0,Nyarugenge,1108.0,Nyamirambo,8.74426047967889,nyamirambo,Nyamirambo,83.7,9.9,4.7,1.6,100,61987,Nyarugenge,6.300000000000001,12.4,7088.87848710064,3905.1810000000005,446.59934468734036
1.0,Kigali City,11.0,Nyarugenge,1109.0,Nyarugenge,4.625551648432881,nyarugenge,Nyarugenge,90.6,7.0,2.2,0.2,100,20673,Nyarugenge,2.4000000000000004,11.2,4469.30476000715,496.15200000000004,107.26331424017162
1.0,Kigali City,11.0,Nyarugenge,1109.0,Nyarugenge,4.625551648432881,nyarugenge,Nyarugenge,32.0,24.0,31.0,13.0,100,25347,Bugesera,44.0,22.5,5479.778829966684,11152.68,2411.1026851853408
1.0,Kigali City,11.0,Nyarugenge,1110.0,Rwezamenyo,1.0266140697423578,rwezamenyo,Rwezamenyo,94.0,4.9,1.0,0.0,100,17286,Nyarugenge,1.0,10.68,16837.875604352615,172.86,168.37875604352615
1.0,Kigali City,12.0,Gasabo,1201.0,Bumbogo,60.59142667419423,bumbogo,Bumbogo,71.3,14.4,10.9,3.4,100,123525,Gasabo,14.3,14.64,2038.6547533235268,17664.075,291.5276297252643
1.0,Kigali City,12.0,Gasabo,1202.0,Gatsata,6.021112406471054,gatsata,Gatsata,84.0,11.2,3.9,0.8,100,56768,Gasabo,4.7,12.129999999999999,9428.158148814808,2668.0960000000005,443.123432994296
1.0,Kigali City,12.0,Gasabo,1203.0,Gikomero,35.054716411102035,gikomero,Gikomero,38.6,25.0,28.7,7.8,100,19161,Gasabo,36.5,20.59,546.6026247450001,6993.765,199.509958031925
1.0,Kigali City,12.0,Gasabo,1204.0,Gisozi,8.30274468053967,gisozi,Gisozi,85.9,9.1,4.0,0.9,100,91564,Gasabo,4.9,11.97,11028.160388288423,4486.636,540.3798590261327
1.0,Kigali City,12.0,Gasabo,1205.0,Jabana,36.375976850235325,jabana,Jabana,69.5,14.9,12.1,3.5,100,66461,Gasabo,15.6,14.959999999999999,1827.0574636010097,10367.916,285.0209643217575
1.0,Kigali City,12.0,Gasabo,1206.0,Jali,37.36699842691339,jali,Jali,60.2,17.7,17.0,5.0,100,43313,Gasabo,22.0,16.660000000000004,1159.1244098644015,9528.86,255.00737017016831
1.0,Kigali City,12.0,Gasabo,1207.0,Kacyiru,5.783221860876994,kacyiru,Kacyiru,93.0,5.4,1.4,0.1,100,35660,Gasabo,1.5,10.84,6166.113086761703,534.9,92.49169630142553
1.0,Kigali City,12.0,Gasabo,1208.0,Kimihurura,5.070553114654637,kimihurura,Kimihurura,91.5,6.8,1.6,0.1,100,21401,Gasabo,1.7000000000000002,11.03,4220.644082821654,363.81700000000006,71.75094940796812
1.0,Kigali City,12.0,Gasabo,1209.0,Kimironko,11.331087037407535,kimironko,Kimironko,91.7,6.0,1.9,0.3,100,70424,Gasabo,2.1999999999999997,11.059999999999999,6215.114204622019,1549.328,136.73251250168443
1.0,Kigali City,12.0,Gasabo,1210.0,Kinyinya,24.190268759995366,kinyinya,Kinyinya,84.5,10.5,4.2,0.8,100,146389,Gasabo,5.0,12.129999999999999,6051.565670989596,7319.45,302.57828354947975
1.0,Kigali City,12.0,Gasabo,1211.0,Ndera,50.36657633939696,ndera,Ndera,73.0,13.7,9.9,3.4,100,113105,Gasabo,13.3,14.37,2245.6360590769154,15042.965,298.66959585722975
1.0,Kigali City,12.0,Gasabo,1212.0,Nduba,46.53413742733589,nduba,Nduba,62.5,16.6,16.0,4.9,100,71155,Gasabo,20.9,16.330000000000002,1529.0924885222196,14871.395,319.58033010114394
1.0,Kigali City,12.0,Gasabo,1213.0,Remera,7.265450951862925,remera,Remera,90.8,6.7,2.1,0.4,100,49371,Gasabo,2.5,11.209999999999999,6795.311168860186,1234.275,169.88277922150465
1.0,Kigali City,12.0,Gasabo,1213.0,Remera,7.265450951862925,remera,Remera,51.1,23.5,23.3,2.1,100,19805,Musanze,25.400000000000002,17.64,2725.914761687549,5030.47,692.3823494686375
1.0,Kigali City,12.0,Gasabo,1213.0,Remera,7.265450951862925,remera,Remera,35.4,23.3,30.7,10.7,100,32297,Gatsibo,41.4,21.689999999999998,4445.284981480574,13370.958,1840.3479823329576
1.0,Kigali City,12.0,Gasabo,1213.0,Remera,7.265450951862925,remera,Remera,48.1,20.0,24.4,7.5,100,33049,Ngoma,31.9,19.13,4548.788536178329,10542.631,1451.0635430408868
1.0,Kigali City,12.0,Gasabo,1214.0,Rusororo,52.221698205505945,rusororo,Rusororo,68.5,14.7,12.0,4.7,100,66577,Gasabo,16.7,15.27,1274.8915161280702,11118.358999999999,212.9068831933877
1.0,Kigali City,12.0,Gasabo,1215.0,Rutunga,42.701497286502644,rutunga,Rutunga,40.8,25.6,26.1,7.5,100,22460,Gasabo,33.6,20.03,525.9768726446812,7546.56,176.72822920861287
1.0,Kigali City,13.0,Kicukiro,1301.0,Gahanga,36.76099790019146,gahanga,Gahanga,72.8,14.7,9.2,3.3,100,91500,Kicukiro,12.5,14.3,2489.0510385063144,11437.5,311.1313798132893
1.0,Kigali City,13.0,Kicukiro,1302.0,Gatenga,12.438081560534618,gatenga,Gatenga,85.4,9.2,4.2,1.2,100,76266,Kicukiro,5.4,12.120000000000001,6131.652990762501,4118.3640000000005,331.10926150117507
1.0,Kigali City,13.0,Kicukiro,1303.0,Gikondo,3.3848646280541947,gikondo,Gikondo,91.8,5.9,1.9,0.3,100,18466,Kicukiro,2.1999999999999997,11.05,5455.461895566343,406.25199999999995,120.02016170245952
1.0,Kigali City,13.0,Kicukiro,1304.0,Kagarama,7.992546479216292,kagarama,Kagarama,90.2,6.9,2.6,0.4,100,21609,Kicukiro,3.0,11.34,2703.6439583043707,648.27,81.10931874913112
1.0,Kigali City,13.0,Kicukiro,1305.0,Kanombe,22.99484841370641,kanombe,Kanombe,83.7,9.9,5.1,1.3,100,79728,Kicukiro,6.3999999999999995,12.4,3467.2113755912815,5102.592,221.90152803784198
1.0,Kigali City,13.0,Kicukiro,1306.0,Kicukiro,2.0477559328531187,kicukiro,Kicukiro,93.3,5.3,1.2,0.2,100,17982,Kicukiro,1.4,10.83,8781.319937354961,251.748,122.93847912296945
1.0,Kigali City,13.0,Kicukiro,1307.0,Kigarama,8.360836936881071,kigarama,Kigarama,86.4,8.8,3.9,0.8,100,70740,Kicukiro,4.7,11.89,8460.875452307155,3324.78,397.6611462584363
1.0,Kigali City,13.0,Kicukiro,1307.0,Kigarama,8.360836936881071,kigarama,Kigarama,34.7,24.3,32.6,8.4,100,37679,Kirehe,41.0,21.47,4506.606250600527,15448.39,1847.708562746216
1.0,Kigali City,13.0,Kicukiro,1308.0,Masaka,52.704196032356656,masaka,Masaka,74.5,14.2,9.0,2.4,100,85335,Kicukiro,11.4,13.95,1619.131045042606,9728.19,184.5809391348571
1.0,Kigali City,13.0,Kicukiro,1309.0,Niboye,5.026496564437608,niboye,Niboye,94.2,4.3,1.4,0.1,100,30306,Kicukiro,1.5,10.74,6029.249122423464,454.59,90.43873683635195
1.0,Kigali City,13.0,Kicukiro,1310.0,Nyarugunga,15.276185073216796,nyarugunga,Nyarugunga,94.1,4.1,1.6,0.3,100,49735,Kicukiro,1.9000000000000001,10.83,3255.7212263157667,944.965,61.858703299999576
2.0,Southern Province,21.0,Nyanza,2101.0,Busasamana,49.27750614807219,busasamana,Busasamana,59.0,18.5,17.3,5.1,100,54321,Nyanza,22.4,16.830000000000002,1102.3488046812433,12167.903999999999,246.9261322485985
2.0,Southern Province,21.0,Nyanza,2101.0,Busasamana,49.27750614807219,busasamana,Busasamana,27.5,19.5,35.2,17.8,100,36619,Rubavu,53.0,24.330000000000002,743.1179631932853,19408.07,393.8525204924412
2.0,Southern Province,21.0,Nyanza,2102.0,Busoro,73.40896584412644,busoro,Busoro,33.7,21.0,29.7,15.6,100,40338,Nyanza,45.3,22.72,549.4969113943389,18273.113999999998,248.9221008616355
2.0,Southern Province,21.0,Nyanza,2103.0,Cyabakamyi,60.18764889530378,cyabakamyi,Cyabakamyi,30.6,29.0,32.5,7.9,100,24979,Nyanza,40.4,21.77,415.0187033132145,10091.516,167.66755613853863
2.0,Southern Province,21.0,Nyanza,2104.0,Kibilizi,83.58719840844398,kibilizi,Kibilizi,27.1,22.7,32.1,18.1,100,41150,Nyanza,50.2,24.12,492.30026587232794,20657.300000000003,247.13473346790866
2.0,Southern Province,21.0,Nyanza,2105.0,Kigoma,66.16974704090902,kigoma,Kigoma,36.3,22.5,30.2,10.9,100,42249,Nyanza,41.1,21.55,638.494204517358,17364.339,262.4211180566341
2.0,Southern Province,21.0,Nyanza,2105.0,Kigoma,66.16974704090902,kigoma,Kigoma,42.1,26.0,27.0,4.9,100,26579,Huye,31.9,19.47,401.6790329207048,8478.701,128.1356115017048
2.0,Southern Province,21.0,Nyanza,2106.0,Mukingo,76.06699134966729,mukingo,Mukingo,42.9,24.3,25.8,7.0,100,40510,Nyanza,32.8,19.69,532.556885466684,13287.28,174.67865843307234
2.0,Southern Province,21.0,Nyanza,2107.0,Muyira,80.73189826542044,muyira,Muyira,30.3,24.8,31.5,13.4,100,43489,Nyanza,44.9,22.8,538.6842243820677,19526.560999999998,241.86921674754834
2.0,Southern Province,21.0,Nyanza,2108.0,Ntyazo,62.37233834933671,ntyazo,Ntyazo,26.5,22.3,33.0,18.2,100,34064,Nyanza,51.2,24.29,546.1395371969768,17440.768,279.62344304485214
2.0,Southern Province,21.0,Nyanza,2109.0,Nyagisozi,72.85341367126055,nyagisozi,Nyagisozi,30.4,29.2,32.1,8.2,100,28846,Nyanza,40.3,21.790000000000003,395.94575664172703,11624.937999999998,159.56613992661596
2.0,Southern Province,21.0,Nyanza,2109.0,Nyagisozi,72.85341367126055,nyagisozi,Nyagisozi,48.1,18.7,28.5,4.8,100,18554,Nyaruguru,33.3,19.02,254.67578065349107,6178.482,84.80703495761253
2.0,Southern Province,21.0,Nyanza,2110.0,Rwabicuma,47.11413174211777,rwabicuma,Rwabicuma,35.6,26.6,30.9,6.9,100,21952,Nyanza,37.8,20.91,465.9323898858135,8297.856,176.1224433768375
2.0,Southern Province,22.0,Gisagara,2201.0,Gikonko,49.53388800413697,gikonko,Gikonko,32.2,21.9,34.5,11.5,100,28794,Gisagara,46.0,22.55,581.2990088239223,13245.24,267.3975440590043
2.0,Southern Province,22.0,Gisagara,2202.0,Gishubi,61.74160831086805,gishubi,Gishubi,21.3,19.9,38.9,20.0,100,31209,Gisagara,58.9,25.78,505.47760017625654,18382.101,297.72630650381507
2.0,Southern Province,22.0,Gisagara,2203.0,Kansi,41.914055980708596,kansi,Kansi,40.6,22.7,29.7,7.0,100,23524,Gisagara,36.7,20.31,561.2437033253756,8633.308,205.97643912041286
2.0,Southern Province,22.0,Gisagara,2204.0,Kibirizi,39.94896415653787,kibirizi,Kibirizi,36.8,22.0,32.1,9.1,100,34480,Gisagara,41.2,21.35,863.1012274784391,14205.76,355.5977057211169
2.0,Southern Province,22.0,Gisagara,2204.0,Kibirizi,39.94896415653787,kibirizi,Kibirizi,34.2,33.5,27.8,4.6,100,22044,Nyamagabe,32.4,20.3,551.8040446210763,7142.255999999999,178.78451045722872
2.0,Southern Province,22.0,Gisagara,2205.0,Kigembe,45.04809713691372,kigembe,Kigembe,32.8,24.3,35.6,7.3,100,23360,Gisagara,42.9,21.74,518.5568644331958,10021.44,222.460894841841
2.0,Southern Province,22.0,Gisagara,2206.0,Mamba,80.12160035222719,mamba,Mamba,30.1,20.9,32.3,16.7,100,44880,Gisagara,49.0,23.56,560.1485717047643,21991.2,274.4728001353345
2.0,Southern Province,22.0,Gisagara,2207.0,Muganza,69.96086733045101,muganza,Muganza,29.8,21.4,34.8,14.0,100,36715,Gisagara,48.8,23.3,524.7933795128854,17916.92,256.099169202288
2.0,Southern Province,22.0,Gisagara,2207.0,Muganza,69.96086733045101,muganza,Muganza,35.9,23.4,33.3,7.4,100,19277,Nyaruguru,40.699999999999996,21.220000000000002,275.5397515149092,7845.738999999999,112.14467886656803
2.0,Southern Province,22.0,Gisagara,2207.0,Muganza,69.96086733045101,muganza,Muganza,48.4,18.3,25.4,8.0,100,29446,Rusizi,33.4,19.32,420.8924377811909,9834.964,140.57807421891775
2.0,Southern Province,22.0,Gisagara,2208.0,Mugombwa,49.83452075796243,mugombwa,Mugombwa,41.2,21.5,29.7,7.6,100,34760,Gisagara,37.3,20.369999999999997,697.5084634368865,12965.48,260.17065686195866
2.0,Southern Province,22.0,Gisagara,2209.0,Mukindo,51.1901865460256,mukindo,Mukindo,33.0,22.1,33.6,11.3,100,32209,Gisagara,44.900000000000006,22.32,629.2026299033033,14461.841,282.51198082658317
2.0,Southern Province,22.0,Gisagara,2210.0,Musha,49.83287138056681,musha,Musha,30.7,21.5,34.4,13.4,100,29634,Gisagara,47.8,23.049999999999997,594.6677199009707,14165.052,284.251170112664
2.0,Southern Province,22.0,Gisagara,2210.0,Musha,49.83287138056681,musha,Musha,40.7,23.1,27.6,8.5,100,27614,Rwamagana,36.1,20.369999999999997,554.1322270819128,9968.654,200.04173397657053
2.0,Southern Province,22.0,Gisagara,2211.0,Ndora,60.873062161403546,ndora,Ndora,30.7,22.7,33.1,13.5,100,31477,Gisagara,46.6,22.94,517.0924360029638,14668.282,240.96507517738112
2.0,Southern Province,22.0,Gisagara,2212.0,Nyanza,38.91352570645888,nyanza,Nyanza,26.3,22.8,40.0,10.9,100,20225,Gisagara,50.9,23.55,519.7421624698234,10294.525,264.5487606971401
2.0,Southern Province,22.0,Gisagara,2213.0,Save,41.06917691003312,save,Save,39.2,24.7,28.7,7.5,100,33173,Gisagara,36.2,20.47,807.7347172715288,12008.626,292.3999676522934
2.0,Southern Province,23.0,Nyaruguru,2301.0,Busanze,70.78780780212635,busanze,Busanze,32.0,26.6,31.8,9.6,100,26955,Nyaruguru,41.4,21.9,380.7859126722429,11159.37,157.64536784630857
2.0,Southern Province,23.0,Nyaruguru,2302.0,Cyahinda,53.24319727512127,cyahinda,Cyahinda,39.8,25.7,28.1,6.5,100,21972,Nyaruguru,34.6,20.15,412.6724375034248,7602.312000000001,142.784663376185
2.0,Southern Province,23.0,Nyaruguru,2303.0,Kibeho,78.53024591820592,kibeho,Kibeho,46.4,23.3,23.8,6.5,100,25307,Nyaruguru,30.3,19.04,322.2580001386828,7668.021,97.6441740420209
2.0,Southern Province,23.0,Nyaruguru,2304.0,Kivu,124.01875371043408,kivu,Kivu,37.1,24.6,31.0,7.3,100,17606,Nyaruguru,38.3,20.85,141.96240063101644,6743.097999999999,54.37159944167929
2.0,Southern Province,23.0,Nyaruguru,2305.0,Mata,62.161094825507774,mata,Mata,43.4,28.1,23.3,5.2,100,15687,Nyaruguru,28.5,19.03,252.36042003499023,4470.795,71.92271970997221
2.0,Southern Province,23.0,Nyaruguru,2306.0,Muganza,91.36422773950055,muganza,Muganza,29.8,21.4,34.8,14.0,100,36715,Gisagara,48.8,23.3,401.8531202899511,17916.92,196.1043227014961
2.0,Southern Province,23.0,Nyaruguru,2306.0,Muganza,91.36422773950055,muganza,Muganza,35.9,23.4,33.3,7.4,100,19277,Nyaruguru,40.699999999999996,21.220000000000002,210.99067410675167,7845.738999999999,85.8732043614479
2.0,Southern Province,23.0,Nyaruguru,2306.0,Muganza,91.36422773950055,muganza,Muganza,48.4,18.3,25.4,8.0,100,29446,Rusizi,33.4,19.32,322.29244123812884,9834.964,107.64567537353503
2.0,Southern Province,23.0,Nyaruguru,2307.0,Munini,46.96673226122922,munini,Munini,37.5,29.2,27.5,5.8,100,17990,Nyaruguru,33.3,20.16,383.03708037296536,5990.67,127.55134776419746
2.0,Southern Province,23.0,Nyaruguru,2308.0,Ngera,59.403979552772284,ngera,Ngera,35.9,23.0,33.0,8.1,100,24004,Nyaruguru,41.1,21.330000000000002,404.08067238451156,9865.644,166.07715635003424
2.0,Southern Province,23.0,Nyaruguru,2309.0,Ngoma,47.23078446456721,ngoma,Ngoma,44.2,19.3,30.5,6.0,100,23800,Nyaruguru,36.5,19.830000000000002,503.90863225773626,8687.0,183.92665077407375
2.0,Southern Province,23.0,Nyaruguru,2309.0,Ngoma,47.23078446456721,ngoma,Ngoma,79.4,10.5,8.3,1.8,100,22160,Huye,10.100000000000001,13.25,469.1855164214889,2238.1600000000003,47.38773715857038
2.0,Southern Province,23.0,Nyaruguru,2309.0,Ngoma,47.23078446456721,ngoma,Ngoma,42.9,29.6,24.3,3.2,100,12980,Rulindo,27.5,18.78,274.8207582649335,3569.5,75.5757085228567
2.0,Southern Province,23.0,Nyaruguru,2310.0,Nyabimata,127.1159664452556,nyabimata,Nyabimata,31.3,23.2,36.2,9.3,100,17166,Nyaruguru,45.5,22.35,135.04204452076283,7810.53,61.44413025694708
2.0,Southern Province,23.0,Nyaruguru,2311.0,Nyagisozi,34.99600647296147,nyagisozi,Nyagisozi,30.4,29.2,32.1,8.2,100,28846,Nyanza,40.3,21.790000000000003,824.2654778992262,11624.937999999998,332.1789875933881
2.0,Southern Province,23.0,Nyaruguru,2311.0,Nyagisozi,34.99600647296147,nyagisozi,Nyagisozi,48.1,18.7,28.5,4.8,100,18554,Nyaruguru,33.3,19.02,530.1747790661528,6178.482,176.5482014290289
2.0,Southern Province,23.0,Nyaruguru,2312.0,Ruheru,106.32770563655527,ruheru,Ruheru,33.0,24.0,32.7,10.3,100,24408,Nyaruguru,43.0,22.03,229.55446893051905,10495.44,98.70842164012319
2.0,Southern Province,23.0,Nyaruguru,2313.0,Ruramba,49.03491443109796,ruramba,Ruramba,37.9,27.1,28.8,6.2,100,17294,Nyaruguru,35.0,20.330000000000002,352.6874717870852,6052.9,123.44061512547982
2.0,Southern Province,23.0,Nyaruguru,2314.0,Rusenge,59.866176324082105,rusenge,Rusenge,27.9,28.8,33.3,10.0,100,25099,Nyaruguru,43.3,22.54,419.2517635355231,10867.867,181.5360136108815
2.0,Southern Province,24.0,Huye,2401.0,Gishamvu,22.4742664922094,gishamvu,Gishamvu,40.8,22.9,29.3,7.1,100,14967,Huye,36.4,20.290000000000003,665.9616679898426,5447.987999999999,242.41004714830268
2.0,Southern Province,24.0,Huye,2402.0,Huye,35.453394235472224,huye,Huye,48.8,22.0,22.0,7.2,100,29738,Huye,29.2,18.76,838.7913383550228,8683.496,244.92707079966667
2.0,Southern Province,24.0,Huye,2403.0,Karama,53.144487004958954,karama,Karama,38.5,30.3,26.1,5.2,100,17802,Huye,31.3,19.82,334.97359751236064,5572.026,104.84673602136887
2.0,Southern Province,24.0,Huye,2403.0,Karama,53.144487004958954,karama,Karama,50.3,25.5,21.6,2.7,100,21261,Kamonyi,24.3,17.69,400.06031101619476,5166.423,97.21465557693533
2.0,Southern Province,24.0,Huye,2403.0,Karama,53.144487004958954,karama,Karama,34.2,26.6,31.1,8.1,100,33037,Nyagatare,39.2,21.310000000000002,621.6449129881956,12950.504,243.6848058913727
2.0,Southern Province,24.0,Huye,2404.0,Kigoma,51.07897591647027,kigoma,Kigoma,36.3,22.5,30.2,10.9,100,42249,Nyanza,41.1,21.55,827.1309132957173,17364.339,339.9508053645398
2.0,Southern Province,24.0,Huye,2404.0,Kigoma,51.07897591647027,kigoma,Kigoma,42.1,26.0,27.0,4.9,100,26579,Huye,31.9,19.47,520.3510744511555,8478.701,165.99199274991858
2.0,Southern Province,24.0,Huye,2405.0,Kinazi,60.49334328912205,kinazi,Kinazi,38.5,23.3,28.9,9.2,100,34192,Huye,38.099999999999994,20.86,565.219214890846,13027.151999999996,215.3485208734123
2.0,Southern Province,24.0,Huye,2405.0,Kinazi,60.49334328912205,kinazi,Kinazi,31.7,23.8,31.2,13.4,100,52274,Ruhango,44.6,22.65,864.1281363828992,23314.203999999998,385.401148826773
2.0,Southern Province,24.0,Huye,2406.0,Maraba,52.398990746452434,maraba,Maraba,40.6,26.9,26.5,6.1,100,27614,Huye,32.6,19.83,526.9948830430393,9002.164,171.80033187203082
2.0,Southern Province,24.0,Huye,2407.0,Mbazi,41.186943702292965,mbazi,Mbazi,47.5,23.3,23.4,5.8,100,37487,Huye,29.2,18.75,910.1670731133424,10946.204,265.768785349096
2.0,Southern Province,24.0,Huye,2407.0,Mbazi,41.186943702292965,mbazi,Mbazi,47.7,23.5,25.4,3.5,100,13131,Nyamagabe,28.9,18.49,318.81462472460584,3794.8589999999995,92.13742654541107
2.0,Southern Province,24.0,Huye,2408.0,Mukura,28.136828882156006,mukura,Mukura,46.0,18.2,26.6,9.2,100,27958,Huye,35.8,19.9,993.6443128362124,10008.964,355.72466399536404
2.0,Southern Province,24.0,Huye,2408.0,Mukura,28.136828882156006,mukura,Mukura,21.1,32.9,34.0,12.1,100,36563,Rutsiro,46.1,23.729999999999997,1299.4712429440744,16855.543,599.0562429972184
2.0,Southern Province,24.0,Huye,2409.0,Ngoma,20.59907195554732,ngoma,Ngoma,44.2,19.3,30.5,6.0,100,23800,Nyaruguru,36.5,19.830000000000002,1155.3918570390097,8687.0,421.7180278192385
2.0,Southern Province,24.0,Huye,2409.0,Ngoma,20.59907195554732,ngoma,Ngoma,79.4,10.5,8.3,1.8,100,22160,Huye,10.100000000000001,13.25,1075.7766198312795,2238.1600000000003,108.65343860295924
2.0,Southern Province,24.0,Huye,2409.0,Ngoma,20.59907195554732,ngoma,Ngoma,42.9,29.6,24.3,3.2,100,12980,Rulindo,27.5,18.78,630.1254749733758,3569.5,173.28450561767835
2.0,Southern Province,24.0,Huye,2410.0,Ruhashya,49.52689842635362,ruhashya,Ruhashya,35.2,25.7,31.0,8.1,100,25967,Huye,39.1,21.2,524.3009521101521,10153.097000000002,205.00167227506952
2.0,Southern Province,24.0,Huye,2411.0,Rusatira,51.48465795641819,rusatira,Rusatira,38.0,22.8,28.8,10.5,100,31725,Huye,39.3,21.2,616.2029866616816,12467.925,242.16777375804088
2.0,Southern Province,24.0,Huye,2412.0,Rwaniro,54.11396167697844,rwaniro,Rwaniro,27.5,30.5,33.8,8.2,100,24136,Huye,42.0,22.27,446.0216781775213,10137.12,187.32910483455896
2.0,Southern Province,24.0,Huye,2413.0,Simbi,42.950327715938464,simbi,Simbi,38.9,27.3,28.0,5.9,100,24196,Huye,33.9,20.11,563.3484372930894,8202.444,190.9751202423573
2.0,Southern Province,24.0,Huye,2414.0,Tumba,17.925404619727512,tumba,Tumba,68.8,13.9,12.5,4.8,100,39494,Huye,17.3,15.330000000000002,2203.24175871241,6832.462,381.16082425724693
2.0,Southern Province,24.0,Huye,2414.0,Tumba,17.925404619727512,tumba,Tumba,46.1,31.0,21.0,1.9,100,21093,Rulindo,22.9,17.869999999999997,1176.7098398875996,4830.297,269.4665533342603
2.0,Southern Province,25.0,Nyamagabe,2501.0,Buruhukiro,156.80880850047382,buruhukiro,Buruhukiro,23.1,29.0,35.4,12.6,100,27259,Nyamagabe,48.0,23.77,173.8358977449767,13084.32,83.44123091758881
2.0,Southern Province,25.0,Nyamagabe,2502.0,Cyanika,53.731616522987935,cyanika,Cyanika,40.6,27.7,27.3,4.5,100,27403,Nyamagabe,31.8,19.59,509.99768429219336,8714.154,162.17926360491748
2.0,Southern Province,25.0,Nyamagabe,2502.0,Cyanika,53.731616522987935,cyanika,Cyanika,36.1,25.1,32.6,6.1,100,40938,Burera,38.7,20.85,761.897792196249,15843.006000000001,294.8544455799484
2.0,Southern Province,25.0,Nyamagabe,2503.0,Gasaka,40.42042967511407,gasaka,Gasaka,60.5,20.5,16.4,2.6,100,36379,Nyamagabe,19.0,16.11,900.0151728322105,6912.01,171.00288283812
2.0,Southern Province,25.0,Nyamagabe,2504.0,Gatare,64.26576676235247,gatare,Gatare,24.0,28.8,36.1,11.1,100,17838,Nyamagabe,47.2,23.43,277.56612732814506,8419.536,131.01121209888447
2.0,Southern Province,25.0,Nyamagabe,2505.0,Kaduha,74.71643710736086,kaduha,Kaduha,27.0,26.9,34.8,11.3,100,23844,Nyamagabe,46.099999999999994,23.04,319.1265660290827,10992.083999999999,147.1173469394071
2.0,Southern Province,25.0,Nyamagabe,2506.0,Kamegeri,32.68055306662011,kamegeri,Kamegeri,28.4,32.1,31.7,7.9,100,14967,Nyamagabe,39.6,21.93,457.97878541068155,5926.932000000001,181.3595990226299
2.0,Southern Province,25.0,Nyamagabe,2507.0,Kibirizi,49.210845033541105,kibirizi,Kibirizi,36.8,22.0,32.1,9.1,100,34480,Gisagara,41.2,21.35,700.6585637068239,14205.76,288.6713282472115
2.0,Southern Province,25.0,Nyamagabe,2507.0,Kibirizi,49.210845033541105,kibirizi,Kibirizi,34.2,33.5,27.8,4.6,100,22044,Nyamagabe,32.4,20.3,447.9500399754416,7142.255999999999,145.13581295204307
2.0,Southern Province,25.0,Nyamagabe,2508.0,Kibumbwe,48.93954127485224,kibumbwe,Kibumbwe,27.0,32.3,30.9,9.8,100,14131,Nyamagabe,40.7,22.349999999999998,288.74402235685164,5751.317000000001,117.51881709923865
2.0,Southern Province,25.0,Nyamagabe,2509.0,Kitabi,96.2272194020393,kitabi,Kitabi,27.7,28.8,33.9,9.6,100,26391,Nyamagabe,43.5,22.54,274.2571193888276,11480.085,119.30184693414
2.0,Southern Province,25.0,Nyamagabe,2510.0,Mbazi,33.458169031455554,mbazi,Mbazi,47.5,23.3,23.4,5.8,100,37487,Huye,29.2,18.75,1120.4139701953432,10946.204,327.1608792970402
2.0,Southern Province,25.0,Nyamagabe,2510.0,Mbazi,33.458169031455554,mbazi,Mbazi,47.7,23.5,25.4,3.5,100,13131,Nyamagabe,28.9,18.49,392.4602086759424,3794.8589999999995,113.42100030734733
2.0,Southern Province,25.0,Nyamagabe,2511.0,Mugano,74.28205674287666,mugano,Mugano,24.4,28.6,35.8,11.2,100,20993,Nyamagabe,47.0,23.38,282.6119916505023,9866.71,132.82763607573608
2.0,Southern Province,25.0,Nyamagabe,2512.0,Musange,62.92731043825269,musange,Musange,42.1,26.9,26.0,4.9,100,21261,Nyamagabe,30.9,19.349999999999998,337.8660211588467,6569.649,104.40060053808365
2.0,Southern Province,25.0,Nyamagabe,2513.0,Musebeya,53.07794267240406,musebeya,Musebeya,25.4,30.7,33.7,10.1,100,20453,Nyamagabe,43.800000000000004,22.830000000000002,385.33897453854763,8958.414,168.77847084788388
2.0,Southern Province,25.0,Nyamagabe,2514.0,Mushubi,36.274691832961636,mushubi,Mushubi,29.7,27.6,35.4,7.4,100,14279,Nyamagabe,42.8,22.07,393.63532199672983,6111.411999999999,168.47591781460036
2.0,Southern Province,25.0,Nyamagabe,2515.0,Nkomane,78.85804871636121,nkomane,Nkomane,17.1,30.0,39.7,13.1,100,18174,Nyamagabe,52.800000000000004,24.86,230.46474387628766,9595.872000000001,121.68538476667989
2.0,Southern Province,25.0,Nyamagabe,2516.0,Tare,44.569393174754566,tare,Tare,33.1,29.5,29.2,8.2,100,24364,Nyamagabe,37.4,21.249999999999996,546.6531685650253,9112.136,204.44828504331952
2.0,Southern Province,25.0,Nyamagabe,2517.0,Uwinkingi,90.45785239961027,uwinkingi,Uwinkingi,27.5,30.7,33.7,8.1,100,25171,Nyamagabe,41.800000000000004,22.240000000000002,278.26218876835117,10521.478000000001,116.31359490517079
2.0,Southern Province,26.0,Ruhango,2601.0,Bweramana,55.32904868288409,bweramana,Bweramana,41.2,25.7,25.7,7.4,100,33764,Ruhango,33.1,19.93,610.240024069758,11175.884000000002,201.98944796708992
2.0,Southern Province,26.0,Ruhango,2602.0,Byimana,61.51064813532978,byimana,Byimana,51.8,23.9,20.2,4.2,100,42413,Ruhango,24.4,17.7,689.5228921452269,10348.771999999999,168.24358568343536
2.0,Southern Province,26.0,Ruhango,2603.0,Kabagali,60.27402823474088,kabagali,Kabagali,34.1,27.9,30.5,7.5,100,27203,Ruhango,38.0,21.14,451.32208343627303,10337.14,171.50239170578374
2.0,Southern Province,26.0,Ruhango,2604.0,Kinazi,87.41256694534579,kinazi,Kinazi,38.5,23.3,28.9,9.2,100,34192,Huye,38.099999999999994,20.86,391.15657158745097,13027.151999999996,149.03065377481877
2.0,Southern Province,26.0,Ruhango,2604.0,Kinazi,87.41256694534579,kinazi,Kinazi,31.7,23.8,31.2,13.4,100,52274,Ruhango,44.6,22.65,598.0147000222979,23314.203999999998,266.7145562099449
2.0,Southern Province,26.0,Ruhango,2605.0,Kinihira,60.22278140448383,kinihira,Kinihira,32.7,31.4,28.4,7.5,100,27966,Ruhango,35.9,21.07,464.3757619258319,10039.794,166.71089853137366
2.0,Southern Province,26.0,Ruhango,2605.0,Kinihira,60.22278140448383,kinihira,Kinihira,44.4,29.9,23.2,2.5,100,17434,Rulindo,25.7,18.38,289.49177692251135,4480.538,74.39938666908542
2.0,Southern Province,26.0,Ruhango,2606.0,Mbuye,77.1778133192191,mbuye,Mbuye,31.6,25.0,31.0,12.4,100,47148,Ruhango,43.4,22.419999999999998,610.9009567942635,20462.232,265.13101524871036
2.0,Southern Province,26.0,Ruhango,2607.0,Mwendo,56.172081706875396,mwendo,Mwendo,40.8,27.1,27.5,4.6,100,26967,Ruhango,32.1,19.590000000000003,480.0783446254097,8656.407000000001,154.10514862475654
2.0,Southern Province,26.0,Ruhango,2608.0,Ntongwe,73.21974541818781,ntongwe,Ntongwe,28.8,25.6,33.0,12.6,100,38339,Ruhango,45.6,22.940000000000005,523.6155873122796,17482.584000000003,238.7687078143995
2.0,Southern Province,26.0,Ruhango,2609.0,Ruhango,94.49552378463488,ruhango,Ruhango,47.6,22.8,23.0,6.7,100,81828,Ruhango,29.7,18.9,865.9457794688192,24302.916,257.1858965022393
2.0,Southern Province,26.0,Ruhango,2609.0,Ruhango,94.49552378463488,ruhango,Ruhango,28.4,31.4,29.8,10.4,100,28330,Rutsiro,40.2,22.220000000000002,299.80256064368734,11388.66,120.52062937876231
2.0,Southern Province,27.0,Muhanga,2701.0,Cyeza,57.02070059866113,cyeza,Cyeza,51.3,23.5,22.3,2.9,100,35812,Muhanga,25.2,17.68,628.0526128933758,9024.624,158.2692584491307
2.0,Southern Province,27.0,Muhanga,2702.0,Kabacuzi,75.76460633662188,kabacuzi,Kabacuzi,43.3,26.8,26.6,3.4,100,30553,Muhanga,30.0,19.03,403.2621758008367,9165.9,120.97865274025101
2.0,Southern Province,27.0,Muhanga,2703.0,Kibangu,47.76549994903947,kibangu,Kibangu,41.0,26.1,28.5,4.4,100,21089,Muhanga,32.9,19.630000000000003,441.5111329830032,6938.281,145.25716275140806
2.0,Southern Province,27.0,Muhanga,2704.0,Kiyumba,59.35817269204536,kiyumba,Kiyumba,42.9,30.5,24.3,2.3,100,26827,Muhanga,26.6,18.6,451.9512441729041,7135.982000000001,120.2190309499925
2.0,Southern Province,27.0,Muhanga,2705.0,Muhanga,62.10672583491052,muhanga,Muhanga,49.2,25.0,22.9,2.9,100,29642,Muhanga,25.799999999999997,17.95,477.27520009335404,7647.635999999999,123.13700162408533
2.0,Southern Province,27.0,Muhanga,2706.0,Mushishiro,53.052492582656654,mushishiro,Mushishiro,45.1,26.0,25.5,3.4,100,21852,Muhanga,28.9,18.72,411.8939362925168,6315.227999999999,119.03734758853734
2.0,Southern Province,27.0,Muhanga,2707.0,Nyabinoni,39.282149074025995,nyabinoni,Nyabinoni,25.7,32.0,35.6,6.7,100,17322,Muhanga,42.300000000000004,22.330000000000002,440.963654186975,7327.206000000001,186.52762572109046
2.0,Southern Province,27.0,Muhanga,2708.0,Nyamabuye,29.701775431663545,nyamabuye,Nyamabuye,79.2,11.3,7.9,1.6,100,65673,Muhanga,9.5,13.190000000000001,2211.0799454092353,6238.935,210.05259481387736
2.0,Southern Province,27.0,Muhanga,2709.0,Nyarusange,61.730006191275166,nyarusange,Nyarusange,37.1,28.4,28.3,6.2,100,28838,Muhanga,34.5,20.36,467.16340689555807,9949.11,161.17137537896755
2.0,Southern Province,27.0,Muhanga,2710.0,Rongi,81.96453694871043,rongi,Rongi,30.5,31.1,32.5,6.0,100,32037,Muhanga,38.5,21.419999999999998,390.8641614122368,12334.245,150.48270214371118
2.0,Southern Province,27.0,Muhanga,2711.0,Rugendabari,42.739526622741145,rugendabari,Rugendabari,39.4,28.0,29.5,3.1,100,19081,Muhanga,32.6,19.630000000000003,446.4485572904602,6220.406,145.54222967669003
2.0,Southern Province,27.0,Muhanga,2712.0,Shyogwe,36.011739828553885,shyogwe,Shyogwe,61.4,17.2,17.2,4.2,100,44109,Muhanga,21.4,16.419999999999998,1224.8505684533952,9439.326,262.11802164902656
2.0,Southern Province,28.0,Kamonyi,2801.0,Gacurabwenge,50.63584821291285,gacurabwenge,Gacurabwenge,56.9,22.0,17.8,3.4,100,38135,Kamonyi,21.2,16.79,753.1225672304437,8084.62,159.66198425285407
2.0,Southern Province,28.0,Kamonyi,2802.0,Karama,37.65649169571293,karama,Karama,38.5,30.3,26.1,5.2,100,17802,Huye,31.3,19.82,472.7471731527953,5572.026,147.96986519682494
2.0,Southern Province,28.0,Kamonyi,2802.0,Karama,37.65649169571293,karama,Karama,50.3,25.5,21.6,2.7,100,21261,Kamonyi,24.3,17.69,564.6038449837986,5166.423,137.19873433106304
2.0,Southern Province,28.0,Kamonyi,2802.0,Karama,37.65649169571293,karama,Karama,34.2,26.6,31.1,8.1,100,33037,Nyagatare,39.2,21.310000000000002,877.3254892399112,12950.504,343.9115917820452
2.0,Southern Province,28.0,Kamonyi,2803.0,Kayenzi,51.52491211049669,kayenzi,Kayenzi,49.6,25.1,22.3,3.0,100,26339,Kamonyi,25.3,17.87,511.1896152974553,6663.767000000001,129.33097267025622
2.0,Southern Province,28.0,Kamonyi,2804.0,Kayumbu,33.27818147822162,kayumbu,Kayumbu,46.1,25.9,24.9,3.1,100,18290,Kamonyi,28.0,18.499999999999996,549.6093592725192,5121.2,153.89062059630538
2.0,Southern Province,28.0,Kamonyi,2805.0,Mugina,89.73411958911053,mugina,Mugina,33.5,27.4,30.2,9.0,100,47020,Kamonyi,39.2,21.49,523.9924369381788,18431.840000000004,205.40503527976614
2.0,Southern Province,28.0,Kamonyi,2806.0,Musambira,63.2255344017239,musambira,Musambira,46.1,27.6,22.0,4.3,100,43589,Kamonyi,26.3,18.45,689.4208236033749,11463.907,181.3176766076876
2.0,Southern Province,28.0,Kamonyi,2807.0,Ngamba,31.407770965902973,ngamba,Ngamba,41.4,29.2,25.9,3.4,100,17158,Kamonyi,29.299999999999997,19.11,546.2979215757506,5027.294,160.06529102169492
2.0,Southern Province,28.0,Kamonyi,2808.0,Nyamiyaga,77.6492718758295,nyamiyaga,Nyamiyaga,34.8,29.2,28.2,7.8,100,46360,Kamonyi,36.0,20.9,597.0435894638549,16689.6,214.93569220698774
2.0,Southern Province,28.0,Kamonyi,2808.0,Nyamiyaga,77.6492718758295,nyamiyaga,Nyamiyaga,35.0,25.5,32.4,7.1,100,20217,Gicumbi,39.5,21.16,260.3630338263752,7985.715,102.84339836141821
2.0,Southern Province,28.0,Kamonyi,2809.0,Nyarubaka,46.98712080739574,nyarubaka,Nyarubaka,42.1,27.1,26.3,4.6,100,29438,Kamonyi,30.9,19.36,626.5121057463576,9096.341999999999,193.59224067562448
2.0,Southern Province,28.0,Kamonyi,2810.0,Rugarika,74.86175738488853,rugarika,Rugarika,51.6,22.3,20.6,5.4,100,62366,Kamonyi,26.0,17.96,833.0822328863615,16215.16,216.60138055045397
2.0,Southern Province,28.0,Kamonyi,2811.0,Rukoma,51.56368220395556,rukoma,Rukoma,48.7,25.7,21.9,3.8,100,40850,Kamonyi,25.7,18.1,792.2242604479148,10498.45,203.60163493511413
2.0,Southern Province,28.0,Kamonyi,2812.0,Runda,51.17312884221969,runda,Runda,69.4,15.2,11.9,3.5,100,74546,Kamonyi,15.4,14.95,1456.7410999988892,11480.084,224.33812939982897
3.0,Western Province,31.0,Karongi,3101.0,Bwishyura,46.20743219515827,bwishyura,Bwishyura,51.6,21.6,20.4,6.4,100,41162,Karongi,26.799999999999997,18.16,890.8090764739153,11031.416,238.73683249500928
3.0,Western Province,31.0,Karongi,3102.0,Gashari,54.358915304810985,gashari,Gashari,36.5,32.1,27.3,4.0,100,20985,Karongi,31.3,19.860000000000003,386.0452307101636,6568.305,120.83215721228122
3.0,Western Province,31.0,Karongi,3103.0,Gishyita,44.15798800009284,gishyita,Gishyita,45.3,24.6,25.8,4.3,100,23716,Karongi,30.1,18.910000000000004,537.0715712851351,7138.516,161.65854295682564
3.0,Western Province,31.0,Karongi,3104.0,Gitesi,75.48328050248352,gitesi,Gitesi,29.6,31.1,31.4,7.9,100,27199,Karongi,39.3,21.759999999999998,360.3314511364554,10689.207,141.610260296627
3.0,Western Province,31.0,Karongi,3105.0,Mubuga,37.019910713032125,mubuga,Mubuga,38.1,24.7,30.4,6.9,100,23284,Karongi,37.3,20.63,628.9588373265128,8684.931999999999,234.60164632278924
3.0,Western Province,31.0,Karongi,3106.0,Murambi,50.61580139353398,murambi,Murambi,33.4,33.5,27.6,5.5,100,23012,Karongi,33.1,20.520000000000003,454.640633289266,7616.972000000001,150.48604961874705
3.0,Western Province,31.0,Karongi,3106.0,Murambi,50.61580139353398,murambi,Murambi,53.5,21.8,20.1,4.6,100,27315,Rulindo,24.700000000000003,17.580000000000002,539.6536110853598,6746.805000000001,133.2944419380839
3.0,Western Province,31.0,Karongi,3106.0,Murambi,50.61580139353398,murambi,Murambi,34.5,28.0,29.5,8.0,100,36887,Gatsibo,37.5,21.1,728.7645159108794,13832.625,273.2866934665797
3.0,Western Province,31.0,Karongi,3107.0,Murundi,65.82240481645461,murundi,Murundi,20.9,34.4,34.7,10.0,100,28174,Karongi,44.7,23.380000000000003,428.0305479352059,12593.778,191.32965492703704
3.0,Western Province,31.0,Karongi,3107.0,Murundi,65.82240481645461,murundi,Murundi,29.2,25.7,32.5,12.6,100,56261,Kayonza,45.1,22.85,854.7393574708105,25373.711,385.4874502193356
3.0,Western Province,31.0,Karongi,3108.0,Mutuntu,64.15607273203501,mutuntu,Mutuntu,21.3,39.2,31.3,8.2,100,24032,Karongi,39.5,22.640000000000004,374.58651966394626,9492.64,147.96167526725876
3.0,Western Province,31.0,Karongi,3109.0,Rubengera,47.33575383419998,rubengera,Rubengera,50.6,23.6,21.1,4.7,100,41382,Karongi,25.8,17.990000000000002,874.2229001981499,10676.556,225.5495082511227
3.0,Western Province,31.0,Karongi,3110.0,Rugabano,75.63463356991436,rugabano,Rugabano,33.5,27.8,31.9,6.8,100,33129,Karongi,38.699999999999996,21.2,438.01362466278835,12820.922999999999,169.51127274449908
3.0,Western Province,31.0,Karongi,3111.0,Ruganda,59.53825651643414,ruganda,Ruganda,28.6,39.0,28.7,3.7,100,18821,Karongi,32.4,20.749999999999996,316.1160756328984,6098.004,102.42160850505908
3.0,Western Province,31.0,Karongi,3112.0,Rwankuba,69.73980357839393,rwankuba,Rwankuba,39.9,23.5,29.9,6.7,100,33584,Karongi,36.6,20.34,481.5614366084141,12291.744,176.25148579867957
3.0,Western Province,31.0,Karongi,3113.0,Twumba,98.58747657349801,twumba,Twumba,31.1,32.5,30.2,6.2,100,27171,Karongi,36.4,21.15,275.6029563221829,9890.243999999999,100.31947610127456
3.0,Western Province,32.0,Rutsiro,3201.0,Boneza,32.88489304670041,boneza,Boneza,40.8,32.3,22.6,4.3,100,23492,Rutsiro,26.900000000000002,19.040000000000003,714.3705763810331,6319.348000000001,192.1656850464979
3.0,Western Province,32.0,Rutsiro,3202.0,Gihango,46.263662996687714,gihango,Gihango,42.1,30.5,23.5,3.9,100,26723,Rutsiro,27.4,18.919999999999998,577.6239551527352,7322.102,158.26896371184944
3.0,Western Province,32.0,Rutsiro,3203.0,Kigeyo,40.86515986764438,kigeyo,Kigeyo,34.5,26.1,32.2,7.1,100,23356,Rutsiro,39.300000000000004,21.169999999999998,571.5382021175567,9178.908000000001,224.6145134321998
3.0,Western Province,32.0,Rutsiro,3204.0,Kivumu,28.964621955635028,kivumu,Kivumu,38.5,21.2,31.4,8.9,100,32601,Rutsiro,40.3,21.07,1125.5455034053196,13138.202999999998,453.5948378723437
3.0,Western Province,32.0,Rutsiro,3205.0,Manihira,36.94898191781862,manihira,Manihira,26.4,33.5,31.9,8.2,100,18806,Rutsiro,40.099999999999994,22.19,508.9720751123272,7541.205999999998,204.09780212004318
3.0,Western Province,32.0,Rutsiro,3206.0,Mukura,103.05323484303862,mukura,Mukura,46.0,18.2,26.6,9.2,100,27958,Huye,35.8,19.9,271.2966753793134,10008.964,97.1242097857942
3.0,Western Province,32.0,Rutsiro,3206.0,Mukura,103.05323484303862,mukura,Mukura,21.1,32.9,34.0,12.1,100,36563,Rutsiro,46.1,23.729999999999997,354.79720802252797,16855.543,163.5615128983854
3.0,Western Province,32.0,Rutsiro,3207.0,Murunda,45.31528238376247,murunda,Murunda,28.3,29.9,27.4,14.4,100,21884,Rutsiro,41.8,22.79,482.9275875337268,9147.511999999999,201.8637315890978
3.0,Western Province,32.0,Rutsiro,3208.0,Musasa,43.465463040669775,musasa,Musasa,35.8,29.0,29.5,5.8,100,25523,Rutsiro,35.3,20.55,587.2018429003881,9009.618999999999,207.282250543837
3.0,Western Province,32.0,Rutsiro,3209.0,Mushonyi,32.15303434276282,mushonyi,Mushonyi,37.8,27.3,29.9,5.0,100,23696,Rutsiro,34.9,20.209999999999997,736.9755447461717,8269.904,257.204465116414
3.0,Western Province,32.0,Rutsiro,3210.0,Mushubati,52.11326689887512,mushubati,Mushubati,38.2,28.4,27.0,6.4,100,30485,Rutsiro,33.4,20.159999999999997,584.975800100109,10181.99,195.3819172334364
3.0,Western Province,32.0,Rutsiro,3211.0,Nyabirasi,90.83890938161812,nyabirasi,Nyabirasi,23.9,22.8,35.2,18.2,100,29698,Rutsiro,53.400000000000006,24.79,326.9303892150162,15858.732000000002,174.58082784081867
3.0,Western Province,32.0,Rutsiro,3212.0,Ruhango,56.33803590869322,ruhango,Ruhango,47.6,22.8,23.0,6.7,100,81828,Ruhango,29.7,18.9,1452.4468004638684,24302.916,431.37669973776894
3.0,Western Province,32.0,Rutsiro,3212.0,Ruhango,56.33803590869322,ruhango,Ruhango,28.4,31.4,29.8,10.4,100,28330,Rutsiro,40.2,22.220000000000002,502.8574309177958,11388.66,202.1486872289539
3.0,Western Province,32.0,Rutsiro,3213.0,Rusebeya,52.56192330153088,rusebeya,Rusebeya,16.3,32.1,36.5,15.0,100,25931,Rutsiro,51.5,25.0,493.3419169470298,13354.465,254.07108722772037
3.0,Western Province,33.0,Rubavu,3301.0,Bugeshi,31.04495580813488,bugeshi,Bugeshi,33.6,24.0,31.0,11.4,100,31401,Rubavu,42.4,22.02,1011.4686647990596,13314.024,428.8627138748013
3.0,Western Province,33.0,Rubavu,3302.0,Busasamana,35.15217021182747,busasamana,Busasamana,59.0,18.5,17.3,5.1,100,54321,Nyanza,22.4,16.830000000000002,1545.3099957317256,12167.903999999999,346.1494390439065
3.0,Western Province,33.0,Rubavu,3302.0,Busasamana,35.15217021182747,busasamana,Busasamana,27.5,19.5,35.2,17.8,100,36619,Rubavu,53.0,24.330000000000002,1041.7280008412965,19408.07,552.1158404458871
3.0,Western Province,33.0,Rubavu,3303.0,Cyanzarwe,34.79671441027405,cyanzarwe,Cyanzarwe,29.4,18.0,34.5,18.2,100,34008,Rubavu,52.7,24.17,977.3336527990938,17922.216,515.0548350251224
3.0,Western Province,33.0,Rubavu,3304.0,Gisenyi,11.247824909640885,gisenyi,Gisenyi,88.9,7.5,2.9,0.7,100,52898,Rubavu,3.5999999999999996,11.540000000000001,4702.953719937386,1904.328,169.30633391774592
3.0,Western Province,33.0,Rubavu,3305.0,Kanama,42.905678251019815,kanama,Kanama,37.2,17.8,27.6,17.4,100,33972,Rubavu,45.0,22.52,791.7833113194645,15287.4,356.30249009375905
3.0,Western Province,33.0,Rubavu,3306.0,Kanzenze,22.585018111394447,kanzenze,Kanzenze,43.1,20.8,24.5,11.5,100,21189,Rubavu,36.0,20.419999999999998,938.1883111844778,7628.04,337.747792026412
3.0,Western Province,33.0,Rubavu,3307.0,Mudende,33.10052650593573,mudende,Mudende,27.8,24.0,34.3,13.8,100,29830,Rubavu,48.099999999999994,23.39,901.1941243487698,14348.229999999998,433.47437381175826
3.0,Western Province,33.0,Rubavu,3308.0,Nyakiriba,21.898178752869825,nyakiriba,Nyakiriba,56.9,16.0,18.1,9.0,100,38087,Rubavu,27.1,17.92,1739.2770617971405,10321.577000000001,471.34408374702514
3.0,Western Province,33.0,Rubavu,3309.0,Nyamyumba,23.34152393061498,nyamyumba,Nyamyumba,45.6,18.2,25.1,11.0,100,43553,Rubavu,36.1,20.130000000000003,1865.902163434815,15722.633,673.5906809999683
3.0,Western Province,33.0,Rubavu,3310.0,Nyundo,31.503378032200015,nyundo,Nyundo,37.9,24.3,26.4,11.4,100,37859,Rubavu,37.8,21.13,1201.7441418918256,14310.702,454.2592856351101
3.0,Western Province,33.0,Rubavu,3311.0,Rubavu,25.674358760208783,rubavu,Rubavu,59.5,16.6,15.8,8.1,100,73918,Rubavu,23.9,17.25,2879.059247024361,17666.402,688.0951600388222
3.0,Western Province,33.0,Rubavu,3312.0,Rugerero,25.312838204086976,rugerero,Rugerero,57.9,17.6,17.4,7.2,100,62814,Rubavu,24.599999999999998,17.41,2481.507584947868,15452.243999999999,610.4508658971755
3.0,Western Province,34.0,Nyabihu,3401.0,Bigogwe,52.21301774725956,bigogwe,Bigogwe,48.1,21.9,21.6,8.4,100,31177,Nyabihu,30.0,19.029999999999998,597.1116274281302,9353.1,179.13348822843906
3.0,Western Province,34.0,Nyabihu,3402.0,Jenda,47.82783606090702,jenda,Jenda,41.7,26.4,24.2,7.6,100,41394,Nyabihu,31.799999999999997,19.75,865.4792566254981,13163.292,275.2224036069084
3.0,Western Province,34.0,Nyabihu,3403.0,Jomba,35.02959627577483,jomba,Jomba,25.1,36.7,32.4,5.8,100,21057,Nyabihu,38.199999999999996,21.89,601.1202594008267,8043.773999999999,229.62793909111582
3.0,Western Province,34.0,Nyabihu,3404.0,Kabatwa,52.034673107294985,kabatwa,Kabatwa,49.5,24.4,21.8,4.3,100,20177,Nyabihu,26.1,18.09,387.760675624794,5266.197000000001,101.20553633807124
3.0,Western Province,34.0,Nyabihu,3405.0,Karago,38.11878001904449,karago,Karago,25.0,33.9,33.1,8.0,100,25139,Nyabihu,41.1,22.410000000000004,659.4912005956204,10332.129,271.05088344480004
3.0,Western Province,34.0,Nyabihu,3406.0,Kintobo,27.427721481720305,kintobo,Kintobo,25.2,39.1,30.4,5.3,100,14683,Nyabihu,35.699999999999996,21.58,535.3342970828163,5241.830999999999,191.1143440585654
3.0,Western Province,34.0,Nyabihu,3407.0,Mukamira,38.56060115408382,mukamira,Mukamira,49.6,25.9,20.4,4.1,100,31777,Nyabihu,24.5,17.9,824.0794761736905,7785.365,201.89947166255416
3.0,Western Province,34.0,Nyabihu,3408.0,Muringa,68.23810136570499,muringa,Muringa,20.5,29.5,37.9,12.1,100,21365,Nyabihu,50.0,24.16,313.09487767691013,10682.5,156.54743883845507
3.0,Western Province,34.0,Nyabihu,3409.0,Rambura,63.647914537779705,rambura,Rambura,29.9,31.1,31.9,7.2,100,27806,Nyabihu,39.1,21.66,436.87213009147536,10872.146,170.81700286576688
3.0,Western Province,34.0,Nyabihu,3410.0,Rugera,41.183677869330474,rugera,Rugera,34.0,31.1,30.1,4.7,100,25479,Nyabihu,34.800000000000004,20.53,618.6674264702871,8866.692000000001,215.29626441165993
3.0,Western Province,34.0,Nyabihu,3411.0,Rurembo,39.70865384182769,rurembo,Rurembo,24.7,32.9,36.2,6.2,100,23260,Nyabihu,42.400000000000006,22.389999999999997,585.7665206343192,9862.240000000002,248.3650047489514
3.0,Western Province,34.0,Nyabihu,3412.0,Shyira,33.708635410273466,shyira,Shyira,36.0,31.9,27.7,4.5,100,22144,Nyabihu,32.2,20.089999999999996,656.923655629534,7130.368,211.52941711270995
3.0,Western Province,35.0,Ngororero,3501.0,Bwira,38.14689701358311,bwira,Bwira,30.9,31.9,32.6,4.6,100,20477,Ngororero,37.2,21.09,536.7933332220621,7617.444,199.6871199586071
3.0,Western Province,35.0,Ngororero,3502.0,Gatumba,43.491977799738066,gatumba,Gatumba,42.3,29.0,25.7,3.0,100,26279,Ngororero,28.7,18.939999999999998,604.226372987762,7542.072999999999,173.4129690474877
3.0,Western Province,35.0,Ngororero,3503.0,Hindiro,35.06119968744293,hindiro,Hindiro,33.8,31.9,29.2,5.1,100,25911,Ngororero,34.3,20.560000000000002,739.0220594556538,8887.473,253.48456639328927
3.0,Western Province,35.0,Ngororero,3504.0,Kabaya,49.04731516092612,kabaya,Kabaya,37.2,31.9,26.6,4.3,100,34944,Ngororero,30.900000000000002,19.8,712.4548996279898,10797.696000000002,220.1485639850489
3.0,Iburengerazuba,35.0,Ngororero,3505.0,Kageyo,46.256755850360626,kageyo,Kageyo,35.0,31.4,28.9,4.7,100,26231,Ngororero,33.6,20.33,567.0739228850503,8813.616000000002,190.53683808937694
3.0,Iburengerazuba,35.0,Ngororero,3505.0,Kageyo,46.256755850360626,kageyo,Kageyo,39.9,28.4,27.4,4.3,100,19969,Gicumbi,31.7,19.61,431.69910282076813,6330.172999999999,136.84861559418349
3.0,Iburengerazuba,35.0,Ngororero,3505.0,Kageyo,46.256755850360626,kageyo,Kageyo,31.2,26.4,32.0,10.5,100,25167,Gatsibo,42.5,22.2,544.0718774445527,10695.975,231.23054791393488
3.0,Western Province,35.0,Ngororero,3506.0,Kavumu,56.96476354177189,kavumu,Kavumu,21.4,32.8,34.1,11.8,100,32141,Ngororero,45.900000000000006,23.65,564.2259881660216,14752.719000000001,258.9797285682039
3.0,Western Province,35.0,Ngororero,3507.0,Matyazo,41.034278234478634,matyazo,Matyazo,22.0,35.9,34.3,7.9,100,27471,Ngororero,42.199999999999996,22.830000000000002,669.464681284872,11592.761999999999,282.514095502216
3.0,Western Province,35.0,Ngororero,3508.0,Muhanda,106.25393279728448,muhanda,Muhanda,14.5,23.5,40.5,21.5,100,30793,Ngororero,62.0,26.9,289.8057435553762,19091.66,179.67956100433324
3.0,Western Province,35.0,Ngororero,3509.0,Muhororo,37.22382381123749,muhororo,Muhororo,40.7,29.2,26.9,3.2,100,23020,Ngororero,30.099999999999998,19.259999999999998,618.4211519142883,6929.02,186.1447667262008
3.0,Western Province,35.0,Ngororero,3510.0,Ndaro,55.37740031320618,ndaro,Ndaro,29.0,32.0,33.8,5.3,100,25395,Ngororero,39.099999999999994,21.56,458.5805735980694,9929.445,179.30500427684515
3.0,Iburengerazuba,35.0,Ngororero,3511.0,Ngororero,58.495061641225426,ngororero,Ngororero,40.3,29.4,26.4,3.9,100,41062,Ngororero,30.299999999999997,19.389999999999997,701.973788007103,12441.785999999998,212.69805776615217
3.0,Western Province,35.0,Ngororero,3512.0,Nyange,54.36563209171287,nyange,Nyange,32.3,34.1,28.8,4.8,100,25927,Ngororero,33.6,20.610000000000003,476.9005528393762,8711.472000000002,160.23858575403042
3.0,Western Province,35.0,Ngororero,3512.0,Nyange,54.36563209171287,nyange,Nyange,40.0,25.2,28.6,6.2,100,32685,Musanze,34.800000000000004,20.1,601.2070262488916,11374.380000000003,209.2200451346143
3.0,Western Province,35.0,Ngororero,3513.0,Sovu,54.66773521289896,sovu,Sovu,13.8,35.6,37.0,13.6,100,30713,Ngororero,50.6,25.040000000000003,561.8121892262551,15540.778,284.2769677484851
3.0,Western Province,36.0,Rusizi,3601.0,Bugarama,24.25648597837389,bugarama,Bugarama,41.8,20.2,26.1,11.9,100,36595,Rusizi,38.0,20.810000000000002,1508.6686518660053,13906.1,573.2940877090821
3.0,Western Province,36.0,Rusizi,3602.0,Butare,206.413958560531,butare,Butare,17.8,32.6,34.5,15.1,100,21932,Rusizi,49.6,24.690000000000005,106.25250420537054,10878.271999999999,52.70124208586378
3.0,Western Province,36.0,Rusizi,3603.0,Bweyeye,225.96965702363258,bweyeye,Bweyeye,25.3,28.3,33.6,12.8,100,14403,Rusizi,46.400000000000006,23.39,63.73864610722355,6682.992000000001,29.574731793751734
3.0,Western Province,36.0,Rusizi,3604.0,Gashonga,45.40446157892539,gashonga,Gashonga,42.4,22.1,28.6,6.8,100,24755,Rusizi,35.4,19.96,545.2107378692076,8763.27,193.0046012056995
3.0,Western Province,36.0,Rusizi,3605.0,Giheke,35.80341798469675,giheke,Giheke,43.5,25.6,26.3,4.7,100,18782,Rusizi,31.0,19.240000000000002,524.5867868824112,5822.42,162.62190393354746
3.0,Western Province,36.0,Rusizi,3606.0,Gihundwe,24.440904508442856,gihundwe,Gihundwe,65.2,17.3,13.9,3.5,100,35496,Rusizi,17.4,15.55,1452.3194093630323,6176.303999999999,252.70357722916756
3.0,Western Province,36.0,Rusizi,3607.0,Gikundamvura,37.17481653388599,gikundamvura,Gikundamvura,30.5,21.8,35.2,12.5,100,19285,Rusizi,47.7,22.970000000000002,518.7651694910486,9198.945,247.45098584723016
3.0,Western Province,36.0,Rusizi,3608.0,Gitambi,30.899898451588545,gitambi,Gitambi,38.6,27.7,28.4,5.2,100,21772,Rusizi,33.6,19.999999999999996,704.5977848150733,7315.392000000001,236.74485569786464
3.0,Western Province,36.0,Rusizi,3609.0,Kamembe,14.426874949447807,kamembe,Kamembe,74.5,14.6,9.0,1.8,100,30657,Rusizi,10.8,13.790000000000001,2124.992426109121,3310.956,229.49918201978508
3.0,Western Province,36.0,Rusizi,3610.0,Muganza,18.739409089019794,muganza,Muganza,29.8,21.4,34.8,14.0,100,36715,Gisagara,48.8,23.3,1959.240007280318,17916.92,956.1091235527952
3.0,Western Province,36.0,Rusizi,3610.0,Muganza,18.739409089019794,muganza,Muganza,35.9,23.4,33.3,7.4,100,19277,Nyaruguru,40.699999999999996,21.220000000000002,1028.6877194700446,7845.738999999999,418.67590182430814
3.0,Western Province,36.0,Rusizi,3610.0,Muganza,18.739409089019794,muganza,Muganza,48.4,18.3,25.4,8.0,100,29446,Rusizi,33.4,19.32,1571.3409030199168,9834.964,524.8278616086523
3.0,Western Province,36.0,Rusizi,3611.0,Mururu,33.18871948060217,mururu,Mururu,48.3,22.9,22.7,6.0,100,26055,Rusizi,28.7,18.619999999999997,785.0558987438001,7477.785,225.3110429394706
3.0,Western Province,36.0,Rusizi,3612.0,Nkanka,20.434282889662015,nkanka,Nkanka,36.0,28.1,30.1,5.8,100,16586,Rusizi,35.9,20.57,811.6751681259676,5954.374,291.39138535722236
3.0,Western Province,36.0,Rusizi,3613.0,Nkombo,9.05051542497241,nkombo,Nkombo,16.8,27.8,36.9,18.6,100,13627,Rusizi,55.5,25.75,1505.6601044400231,7562.985,835.6413579642128
3.0,Western Province,36.0,Rusizi,3614.0,Nkungu,38.23047564447676,nkungu,Nkungu,37.2,26.2,31.2,5.4,100,19797,Rusizi,36.6,20.48,517.8329504477435,7245.702000000001,189.52685986387417
3.0,Western Province,36.0,Rusizi,3615.0,Nyakabuye,37.53926129003353,nyakabuye,Nyakabuye,38.7,24.4,29.5,7.3,100,29518,Rusizi,36.8,20.52,786.3234114262358,10862.624,289.3670154048547
3.0,Western Province,36.0,Rusizi,3616.0,Nyakarenzo,31.448337043564667,nyakarenzo,Nyakarenzo,42.9,24.1,27.6,5.4,100,16482,Rusizi,33.0,19.550000000000004,524.0976645972682,5439.06,172.95222931709853
3.0,Western Province,36.0,Rusizi,3617.0,Nzahaha,59.51808527651903,nzahaha,Nzahaha,38.5,21.7,31.4,8.4,100,25703,Rusizi,39.8,20.97,431.85193005764086,10229.794,171.87706816294104
3.0,Western Province,36.0,Rusizi,3618.0,Rwimbogo,26.457504394103395,rwimbogo,Rwimbogo,46.1,21.8,26.8,5.3,100,18710,Rusizi,32.1,19.130000000000003,707.17176198107,6005.91,227.00213559592348
3.0,Western Province,36.0,Rusizi,3618.0,Rwimbogo,26.457504394103395,rwimbogo,Rwimbogo,30.8,29.7,30.1,9.4,100,47136,Gatsibo,39.5,21.810000000000002,1781.573926923555,18618.72,703.7217011348043
3.0,Western Province,37.0,Nyamasheke,3701.0,Bushekeri,105.4568635474655,bushekeri,Bushekeri,36.1,25.5,30.1,8.4,100,25151,Nyamasheke,38.5,21.1,238.49561947838214,9683.135,91.82081349917712
3.0,Western Province,37.0,Nyamasheke,3702.0,Bushenge,31.85310840391065,bushenge,Bushenge,52.9,23.3,21.3,2.5,100,19441,Nyamasheke,23.8,17.34,610.332899178317,4626.958,145.25923000443944
3.0,Western Province,37.0,Nyamasheke,3703.0,Cyato,155.13673159429874,cyato,Cyato,32.1,27.0,34.1,6.8,100,23640,Nyamasheke,40.9,21.56,152.38170713703994,9668.76,62.32411821904933
3.0,Western Province,37.0,Nyamasheke,3704.0,Gihombo,57.34448685569379,gihombo,Gihombo,30.6,30.9,29.7,8.9,100,26995,Nyamasheke,38.6,21.71,470.7514441263091,10420.07,181.7100574327553
3.0,Western Province,37.0,Nyamasheke,3705.0,Kagano,44.56454113864738,kagano,Kagano,40.8,24.7,27.9,6.6,100,35272,Nyamasheke,34.5,20.03,791.4812785856628,12168.84,273.0610411120537
3.0,Western Province,37.0,Nyamasheke,3706.0,Kanjongo,49.24828015906412,kanjongo,Kanjongo,44.3,24.5,25.1,6.2,100,36335,Nyamasheke,31.3,19.340000000000003,737.7922616311416,11372.855,230.92897789054732
3.0,Western Province,37.0,Nyamasheke,3707.0,Karambi,86.97798714108563,karambi,Karambi,41.7,27.7,27.1,3.5,100,26999,Nyamasheke,30.6,19.240000000000002,310.41187417001663,8261.694,94.98603349602509
3.0,Western Province,37.0,Nyamasheke,3708.0,Karengera,56.34319436400912,karengera,Karengera,42.8,26.1,27.1,4.0,100,27842,Nyamasheke,31.1,19.23,494.15018644709465,8658.862000000001,153.68070798504647
3.0,Western Province,37.0,Nyamasheke,3709.0,Kirimbi,43.417315418670015,kirimbi,Kirimbi,36.6,29.3,29.2,4.8,100,22628,Nyamasheke,34.0,20.2,521.1745540183643,7693.52,177.1993483662439
3.0,Western Province,37.0,Nyamasheke,3710.0,Macuba,51.77014662305167,macuba,Macuba,42.6,28.6,23.9,4.9,100,29370,Nyamasheke,28.799999999999997,19.11,567.315372194106,8458.56,163.3868271919025
3.0,Western Province,37.0,Nyamasheke,3711.0,Mahembe,50.66625704201271,mahembe,Mahembe,38.0,28.2,28.6,5.2,100,18893,Nyamasheke,33.800000000000004,20.1,372.8911726069252,6385.834,126.0372163411407
3.0,Western Province,37.0,Nyamasheke,3712.0,Nyabitekeri,31.828784903187508,nyabitekeri,Nyabitekeri,43.5,27.1,25.3,4.1,100,24855,Nyamasheke,29.4,19.0,780.8969169134347,7307.37,229.5836935725498
3.0,Western Province,37.0,Nyamasheke,3713.0,Rangiro,88.04319008159919,rangiro,Rangiro,39.6,29.0,27.2,4.2,100,15863,Nyamasheke,31.4,19.599999999999998,180.17293541156374,4980.982,56.57430171923101
3.0,Western Province,37.0,Nyamasheke,3714.0,Ruharambuga,61.498314485944746,ruharambuga,Ruharambuga,49.2,25.4,21.9,3.5,100,24076,Nyamasheke,25.4,17.97,391.4904042695755,6115.304,99.43856268447217
3.0,Western Province,37.0,Nyamasheke,3715.0,Shangi,34.68799120715646,shangi,Shangi,47.2,23.4,24.4,5.1,100,23424,Nyamasheke,29.5,18.759999999999998,675.2769239392395,6910.08,199.20669256207566
4.0,Northern Province,41.0,Rulindo,4101.0,Base,28.386661613520165,base,Base,48.5,27.1,22.3,2.2,100,20937,Rulindo,24.5,17.84,737.5647156067131,5129.565,180.7033553236447
4.0,Northern Province,41.0,Rulindo,4102.0,Burega,32.34793441740497,burega,Burega,44.4,24.4,26.2,5.0,100,14883,Rulindo,31.2,19.18,460.09120112448744,4643.496,143.54845475084008
4.0,Northern Province,41.0,Rulindo,4103.0,Bushoki,35.10496821150851,bushoki,Bushoki,58.9,23.7,16.0,1.3,100,23720,Rulindo,17.3,15.95,675.6878358950867,4103.56,116.89399560985001
4.0,Northern Province,41.0,Rulindo,4104.0,Buyoga,53.35365229537551,buyoga,Buyoga,43.5,27.9,24.8,3.8,100,25351,Rulindo,28.6,18.89,475.15022701074446,7250.386000000001,135.89296492507293
4.0,Northern Province,41.0,Rulindo,4105.0,Cyinzuzi,33.47129401166384,cyinzuzi,Cyinzuzi,39.6,27.0,29.0,4.4,100,15990,Rulindo,33.4,19.82,477.7227911902036,5340.66,159.559412257528
4.0,Northern Province,41.0,Rulindo,4106.0,Cyungo,19.780518607855246,cyungo,Cyungo,38.7,27.4,29.2,4.7,100,15167,Rulindo,33.9,19.99,766.7645272948948,5141.613,259.93317475296936
4.0,Northern Province,41.0,Rulindo,4107.0,Kinihira,27.38856035724453,kinihira,Kinihira,32.7,31.4,28.4,7.5,100,27966,Ruhango,35.9,21.07,1021.0832418799528,10039.794,366.56888383490303
4.0,Northern Province,41.0,Rulindo,4107.0,Kinihira,27.38856035724453,kinihira,Kinihira,44.4,29.9,23.2,2.5,100,17434,Rulindo,25.7,18.38,636.5431323369482,4480.538,163.5915850105957
4.0,Northern Province,41.0,Rulindo,4108.0,Kisaro,38.244084512550955,kisaro,Kisaro,36.1,31.2,28.1,4.5,100,23376,Rulindo,32.6,20.080000000000002,611.2317838940152,7620.576,199.26156154944897
4.0,Northern Province,41.0,Rulindo,4109.0,Masoro,29.671528147837346,masoro,Masoro,50.4,22.0,22.5,5.2,100,27678,Rulindo,27.7,18.270000000000003,932.8134318561329,7666.806,258.3893206241488
4.0,Northern Province,41.0,Rulindo,4110.0,Mbogo,40.86974379610749,mbogo,Mbogo,51.1,26.5,20.4,2.0,100,19465,Rulindo,22.4,17.33,476.2691955473888,4360.16,106.68429980261509
4.0,Northern Province,41.0,Rulindo,4111.0,Murambi,29.512548835182468,murambi,Murambi,33.4,33.5,27.6,5.5,100,23012,Karongi,33.1,20.520000000000003,779.7361091552675,7616.972000000001,258.09265213039356
4.0,Northern Province,41.0,Rulindo,4111.0,Murambi,29.512548835182468,murambi,Murambi,53.5,21.8,20.1,4.6,100,27315,Rulindo,24.700000000000003,17.580000000000002,925.5384938977982,6746.805000000001,228.6080079927562
4.0,Northern Province,41.0,Rulindo,4111.0,Murambi,29.512548835182468,murambi,Murambi,34.5,28.0,29.5,8.0,100,36887,Gatsibo,37.5,21.1,1249.8751024861097,13832.625,468.7031634322911
4.0,Northern Province,41.0,Rulindo,4112.0,Ngoma,31.47075437360879,ngoma,Ngoma,44.2,19.3,30.5,6.0,100,23800,Nyaruguru,36.5,19.830000000000002,756.2576898365854,8687.0,276.03405679035365
4.0,Northern Province,41.0,Rulindo,4112.0,Ngoma,31.47075437360879,ngoma,Ngoma,79.4,10.5,8.3,1.8,100,22160,Huye,10.100000000000001,13.25,704.1458154108711,2238.1600000000003,71.11872735649798
4.0,Northern Province,41.0,Rulindo,4112.0,Ngoma,31.47075437360879,ngoma,Ngoma,42.9,29.6,24.3,3.2,100,12980,Rulindo,27.5,18.78,412.44642075961673,3569.5,113.4227657088946
4.0,Northern Province,41.0,Rulindo,4113.0,Ntarabana,34.97042762296559,ntarabana,Ntarabana,47.8,22.6,24.3,5.3,100,25455,Rulindo,29.6,18.71,727.9007358572685,7534.68,215.4586178137515
4.0,Northern Province,41.0,Rulindo,4114.0,Rukozo,20.249649770553592,rukozo,Rukozo,40.6,29.1,26.2,4.1,100,17066,Rulindo,30.299999999999997,19.38,842.780008216085,5170.998,255.36234248947372
4.0,Northern Province,41.0,Rulindo,4115.0,Rusiga,31.335313125085115,rusiga,Rusiga,48.4,27.6,22.4,1.6,100,13835,Rulindo,24.0,17.720000000000002,441.5146561571952,3320.4,105.96351747772685
4.0,Northern Province,41.0,Rulindo,4117.0,Tumba,34.370039137947394,tumba,Tumba,68.8,13.9,12.5,4.8,100,39494,Huye,17.3,15.330000000000002,1149.0821945673995,6832.462,198.7912196601601
4.0,Northern Province,41.0,Rulindo,4117.0,Tumba,34.370039137947394,tumba,Tumba,46.1,31.0,21.0,1.9,100,21093,Rulindo,22.9,17.869999999999997,613.7031126249597,4830.297,140.53801279111573
4.0,Northern Province,42.0,Gakenke,4201.0,Busengo,38.07000596103376,busengo,Busengo,37.8,32.7,26.7,2.7,100,21365,Gakende,29.4,19.410000000000004,561.2029591450017,6281.31,164.99366998863053
4.0,Northern Province,42.0,Gakenke,4202.0,Coko,55.544333747834635,coko,Coko,49.0,28.3,21.1,1.6,100,18386,Gakende,22.700000000000003,17.53,331.01486253252193,4173.622,75.14037379488248
4.0,Northern Province,42.0,Gakenke,4203.0,Cyabingo,24.15487276708988,cyabingo,Cyabingo,38.6,28.4,30.0,2.9,100,19289,Gakende,32.9,19.699999999999996,798.5552309048197,6346.081,262.72467096768565
4.0,Northern Province,42.0,Gakenke,4204.0,Gakenke,41.90288835614229,gakenke,Gakenke,43.6,29.4,24.2,2.7,100,25527,Gakende,26.9,18.58,609.1942823377747,6866.762999999999,163.87326194886137
4.0,Northern Province,42.0,Gakenke,4205.0,Gashenyi,41.34494959945679,gashenyi,Gashenyi,40.1,28.3,28.9,2.7,100,23528,Gakende,31.599999999999998,19.419999999999998,569.0658769193208,7434.847999999999,179.82481710650535
4.0,Northern Province,42.0,Gakenke,4206.0,Janja,30.65775691000833,janja,Janja,29.6,38.2,28.2,4.0,100,15743,Gakende,32.2,20.66,513.507887945339,5069.246,165.34953991839916
4.0,Northern Province,42.0,Gakenke,4207.0,Kamubuga,34.6010463169173,kamubuga,Kamubuga,32.6,27.1,32.8,7.5,100,22768,Gakende,40.3,21.519999999999996,658.0147834682145,9175.503999999999,265.1799577376905
4.0,Northern Province,42.0,Gakenke,4208.0,Karambo,21.58217769088982,karambo,Karambo,37.3,28.4,31.1,3.3,100,14483,Gakende,34.4,20.060000000000002,671.0629579383689,4982.151999999999,230.84565753079886
4.0,Northern Province,42.0,Gakenke,4209.0,Kivuruga,31.390994595900466,kivuruga,Kivuruga,48.4,23.8,25.3,2.5,100,19357,Gakende,27.8,18.19,616.6418187503987,5381.246,171.42642561261084
4.0,Northern Province,42.0,Gakenke,4210.0,Mataba,32.77289782723078,mataba,Mataba,22.3,32.8,37.7,7.2,100,16334,Gakende,44.900000000000006,22.98,498.3996253888843,7333.966000000001,223.7814317996091
4.0,Northern Province,42.0,Gakenke,4211.0,Minazi,47.18933417136087,minazi,Minazi,38.5,30.9,27.6,3.0,100,14455,Gakende,30.6,19.51,306.31921924367214,4423.23,93.73368108856367
4.0,Northern Province,42.0,Gakenke,4212.0,Mugunga,29.394808692469695,mugunga,Mugunga,36.8,32.4,25.5,5.4,100,20833,Gakende,30.9,19.97,708.7305863411507,6437.397,218.99775117941556
4.0,Northern Province,42.0,Gakenke,4213.0,Muhondo,54.56088375244885,muhondo,Muhondo,59.8,22.0,17.2,1.0,100,22312,Gakende,18.2,15.939999999999998,408.9376576309318,4060.7839999999997,74.42665368882959
4.0,Northern Province,42.0,Gakenke,4214.0,Muyongwe,34.086617105908836,muyongwe,Muyongwe,41.1,30.0,26.6,2.4,100,16754,Gakende,29.0,19.05,491.51254722475034,4858.66,142.5386386951776
4.0,Northern Province,42.0,Gakenke,4215.0,Muzo,46.1763182333499,muzo,Muzo,22.7,38.3,33.4,5.7,100,22140,Gakende,39.1,22.229999999999997,479.46655010727636,8656.74,187.47142109194505
4.0,Northern Province,42.0,Gakenke,4216.0,Nemba,22.420142651178153,nemba,Nemba,37.7,32.0,27.3,3.0,100,17454,Gakende,30.3,19.560000000000002,778.4963847713436,5288.562000000001,235.88440458571716
4.0,Northern Province,42.0,Gakenke,4216.0,Nemba,22.420142651178153,nemba,Nemba,39.0,27.3,29.1,4.5,100,21077,Burera,33.6,19.89,940.0921451716289,7081.872,315.8709607776673
4.0,Northern Province,42.0,Gakenke,4217.0,Ruli,47.38494740441265,ruli,Ruli,63.9,21.4,12.9,1.8,100,24995,Gakende,14.700000000000001,15.26,527.4881870539415,3674.265,77.5407634969294
4.0,Northern Province,42.0,Gakenke,4218.0,Rusasa,30.225699559809424,rusasa,Rusasa,28.9,34.9,32.1,4.1,100,18945,Gakende,36.2,21.14,626.7845004716063,6858.09,226.8959891707215
4.0,Northern Province,42.0,Gakenke,4219.0,Rushashi,40.34422612758531,rushashi,Rushashi,49.2,28.6,20.9,1.3,100,19637,Gakende,22.2,17.43,486.73631606910976,4359.414,108.05546216734237
4.0,Northern Province,43.0,Musanze,4301.0,Busogo,20.130720264506586,busogo,Busogo,59.9,17.8,19.0,3.3,100,27750,Musanze,22.3,16.57,1378.4901700177775,6188.25,307.40330791396434
4.0,Northern Province,43.0,Musanze,4302.0,Cyuve,33.157198080936226,cyuve,Cyuve,60.7,16.5,18.2,4.6,100,61755,Musanze,22.799999999999997,16.669999999999998,1862.4915123786084,14080.139999999998,424.6480648223226
4.0,Northern Province,43.0,Musanze,4303.0,Gacaca,34.23611396173055,gacaca,Gacaca,39.7,22.3,30.7,7.3,100,29526,Musanze,38.0,20.560000000000002,862.4226462443851,11219.88,327.7206055728663
4.0,Northern Province,43.0,Musanze,4304.0,Gashaki,29.34158339319075,gashaki,Gashaki,51.7,22.9,23.2,2.2,100,13835,Musanze,25.4,17.589999999999996,471.5151126851138,3514.09,119.76483862201891
4.0,Northern Province,43.0,Musanze,4305.0,Gataraga,48.60059066200996,gataraga,Gataraga,31.8,32.7,28.5,7.0,100,25323,Musanze,35.5,21.07,521.043050198862,8989.665,184.97028282059605
4.0,Northern Province,43.0,Musanze,4306.0,Kimonyi,21.326039129215676,kimonyi,Kimonyi,41.3,21.8,27.5,9.3,100,22508,Musanze,36.8,20.46,1055.423365943519,8282.944,388.39579866721493
4.0,Northern Province,43.0,Musanze,4307.0,Kinigi,80.72126888975582,kinigi,Kinigi,43.2,26.0,26.4,4.4,100,32793,Musanze,30.799999999999997,19.2,406.2498081489115,10100.243999999999,125.12494090986473
4.0,Northern Province,43.0,Musanze,4308.0,Muhoza,21.14940024959015,muhoza,Muhoza,78.9,10.8,8.7,1.7,100,67577,Musanze,10.399999999999999,13.34,3195.2206304909078,7028.007999999999,332.30294557105435
4.0,Northern Province,43.0,Musanze,4309.0,Muko,20.221839021507808,muko,Muko,45.6,22.5,25.7,6.2,100,27738,Musanze,31.9,19.249999999999996,1371.6853333911943,8848.421999999999,437.56762135179093
4.0,Northern Province,43.0,Musanze,4309.0,Muko,20.221839021507808,muko,Muko,42.4,26.3,25.8,5.5,100,20209,Gicumbi,31.3,19.44,999.365091300838,6325.417,312.8012735771623
4.0,Northern Province,43.0,Musanze,4310.0,Musanze,32.892474701379605,musanze,Musanze,43.6,24.8,25.0,6.5,100,49323,Musanze,31.5,19.419999999999998,1499.5223207675297,15536.745,472.34953104177185
4.0,Northern Province,43.0,Musanze,4311.0,Nkotsi,23.84933368718723,nkotsi,Nkotsi,43.3,27.8,25.5,3.4,100,18218,Musanze,28.9,18.9,763.8787833216239,5265.0019999999995,220.7609683799493
4.0,Northern Province,43.0,Musanze,4312.0,Nyange,54.951869866745454,nyange,Nyange,32.3,34.1,28.8,4.8,100,25927,Ngororero,33.6,20.610000000000003,471.8128803054602,8711.472000000002,158.52912778263467
4.0,Northern Province,43.0,Musanze,4312.0,Nyange,54.951869866745454,nyange,Nyange,40.0,25.2,28.6,6.2,100,32685,Musanze,34.800000000000004,20.1,594.7932268594117,11374.380000000003,206.98804294707534
4.0,Northern Province,43.0,Musanze,4313.0,Remera,25.78673438587726,remera,Remera,90.8,6.7,2.1,0.4,100,49371,Gasabo,2.5,11.209999999999999,1914.589077515734,1234.275,47.86472693789335
4.0,Northern Province,43.0,Musanze,4313.0,Remera,25.78673438587726,remera,Remera,51.1,23.5,23.3,2.1,100,19805,Musanze,25.400000000000002,17.64,768.0305580239232,5030.47,195.07976173807648
4.0,Northern Province,43.0,Musanze,4313.0,Remera,25.78673438587726,remera,Remera,35.4,23.3,30.7,10.7,100,32297,Gatsibo,41.4,21.689999999999998,1252.465687073903,13370.958,518.5207944485958
4.0,Northern Province,43.0,Musanze,4313.0,Remera,25.78673438587726,remera,Remera,48.1,20.0,24.4,7.5,100,33049,Ngoma,31.9,19.13,1281.6279682975328,10542.631,408.83932188691296
4.0,Northern Province,43.0,Musanze,4314.0,Rwaza,27.693489466650863,rwaza,Rwaza,39.8,26.7,28.8,4.8,100,24168,Musanze,33.6,19.880000000000003,872.6960908665433,8120.448,293.22588653115855
4.0,Northern Province,43.0,Musanze,4315.0,Shingiro,53.28049234889754,shingiro,Shingiro,24.7,31.1,33.6,10.6,100,24380,Musanze,44.2,23.01,457.5783542004837,10775.96,202.2496325566138
4.0,Northern Province,44.0,Burera,4401.0,Bungwe,25.697921645020934,bungwe,Bungwe,38.9,27.4,30.3,3.3,100,15819,Burera,33.6,19.78,615.5750732886598,5315.184,206.83322462498973
4.0,Northern Province,44.0,Burera,4402.0,Butaro,58.47580891713732,butaro,Butaro,42.2,25.5,27.9,4.4,100,34896,Burera,32.3,19.45,596.75959420158,11271.407999999998,192.7533489271103
4.0,Northern Province,44.0,Burera,4403.0,Cyanika,39.99604009950238,cyanika,Cyanika,40.6,27.7,27.3,4.5,100,27403,Nyamagabe,31.8,19.59,685.1428274355826,8714.154,217.87541912451528
4.0,Northern Province,44.0,Burera,4403.0,Cyanika,39.99604009950238,cyanika,Cyanika,36.1,25.1,32.6,6.1,100,40938,Burera,38.7,20.85,1023.5513290354297,15843.006000000001,396.11436433671133
4.0,Northern Province,44.0,Burera,4404.0,Cyeru,23.160975786088603,cyeru,Cyeru,41.6,26.9,27.5,4.0,100,14231,Burera,31.5,19.39,614.4387063582917,4482.765,193.54819250286192
4.0,Northern Province,44.0,Burera,4405.0,Gahunga,38.04820812841909,gahunga,Gahunga,34.4,28.0,31.5,6.1,100,26599,Burera,37.6,20.93,699.0867982593006,10001.224,262.856636145497
4.0,Northern Province,44.0,Burera,4406.0,Gatebe,40.02474235969068,gatebe,Gatebe,31.1,28.7,33.5,6.6,100,18694,Burera,40.1,21.54,467.06109515965096,7496.294,187.29149915902002
4.0,Northern Province,44.0,Burera,4407.0,Gitovu,38.00304932383952,gitovu,Gitovu,36.2,32.9,27.1,3.8,100,11000,Burera,30.900000000000002,19.85,289.4504571531748,3399.0,89.44019126033102
4.0,Northern Province,44.0,Burera,4408.0,Kagogo,26.625714256319,kagogo,Kagogo,33.1,28.2,32.3,6.4,100,21153,Burera,38.699999999999996,21.2,794.4575607011114,8186.210999999998,307.4550759913301
4.0,Northern Province,44.0,Burera,4409.0,Kinoni,30.617972838929603,kinoni,Kinoni,43.0,26.6,26.5,3.8,100,18606,Burera,30.3,19.09,607.6822949017437,5637.618,184.12773535522837
4.0,Northern Province,44.0,Burera,4410.0,Kinyababa,53.493058415110525,kinyababa,Kinyababa,37.2,28.8,28.5,5.6,100,21804,Burera,34.1,20.27,407.6042882199625,7435.164000000001,138.99306228300722
4.0,Northern Province,44.0,Burera,4411.0,Kivuye,36.73817023268368,kivuye,Kivuye,46.7,21.4,27.7,4.2,100,16462,Burera,31.9,18.939999999999998,448.08981764025845,5251.378,142.94065182724242
4.0,Northern Province,44.0,Burera,4412.0,Nemba,38.00379230750682,nemba,Nemba,37.7,32.0,27.3,3.0,100,17454,Gakende,30.3,19.560000000000002,459.2699554500076,5288.562000000001,139.15879650135233
4.0,Northern Province,44.0,Burera,4412.0,Nemba,38.00379230750682,nemba,Nemba,39.0,27.3,29.1,4.5,100,21077,Burera,33.6,19.89,554.602546752596,7081.872,186.34645570887227
4.0,Northern Province,44.0,Burera,4413.0,Rugarama,32.88458557258914,rugarama,Rugarama,38.0,29.9,28.5,3.6,100,25451,Burera,32.1,19.77,773.9492396466329,8169.771000000001,248.4377059265692
4.0,Northern Province,44.0,Burera,4413.0,Rugarama,32.88458557258914,rugarama,Rugarama,37.7,26.1,27.9,8.3,100,49927,Gatsibo,36.2,20.68,1518.2493296073806,18073.574,549.6062573178718
4.0,Northern Province,44.0,Burera,4414.0,Rugengabari,29.616275457375956,rugengabari,Rugengabari,32.3,32.3,31.6,3.8,100,20121,Burera,35.4,20.690000000000005,679.3899533031541,7122.834,240.50404346931654
4.0,Northern Province,44.0,Burera,4415.0,Ruhunde,43.23313082417019,ruhunde,Ruhunde,35.3,31.6,28.7,4.4,100,20297,Burera,33.1,20.22,469.47791226474465,6718.307000000001,155.3971889596305
4.0,Northern Province,44.0,Burera,4416.0,Rusarabuye,42.204090613718385,rusarabuye,Rusarabuye,44.4,26.0,26.2,3.4,100,19473,Burera,29.599999999999998,18.86,461.4007722197034,5764.007999999999,136.5746285770322
4.0,Northern Province,44.0,Burera,4417.0,Rwerere,48.296205524680374,rwerere,Rwerere,41.3,26.6,27.5,4.6,100,20397,Burera,32.1,19.540000000000003,422.33131523296805,6547.437000000001,135.56835218978276
4.0,Northern Province,45.0,Gicumbi,4501.0,Bukure,41.66686808769206,bukure,Bukure,43.1,23.6,26.9,6.5,100,19089,Gicumbi,33.4,19.699999999999996,458.13378533335657,6375.726,153.0166843013411
4.0,Northern Province,45.0,Gicumbi,4502.0,Bwisige,46.94619486391399,bwisige,Bwisige,36.6,32.3,27.5,3.6,100,17306,Gicumbi,31.1,19.81,368.63477540972247,5382.166,114.6454151524237
4.0,Northern Province,45.0,Gicumbi,4503.0,Byumba,48.24121610013817,byumba,Byumba,57.0,21.7,18.0,3.3,100,43033,Gicumbi,21.3,16.759999999999998,892.0380429604623,9166.029,190.0041031505785
4.0,Northern Province,45.0,Gicumbi,4504.0,Cyumba,21.470008199189074,cyumba,Cyumba,43.1,25.0,28.0,3.9,100,16806,Gicumbi,31.9,19.27,782.7663522100921,5361.1140000000005,249.7024663550194
4.0,Northern Province,45.0,Gicumbi,4505.0,Giti,36.29237675585537,giti,Giti,35.0,25.0,30.5,9.5,100,16650,Gicumbi,40.0,21.45,458.7740315826438,6660.0,183.50961263305751
4.0,Northern Province,45.0,Gicumbi,4506.0,Kageyo,31.485605855069338,kageyo,Kageyo,35.0,31.4,28.9,4.7,100,26231,Ngororero,33.6,20.33,833.1108545518643,8813.616000000002,279.9252471294265
4.0,Northern Province,45.0,Gicumbi,4506.0,Kageyo,31.485605855069338,kageyo,Kageyo,39.9,28.4,27.4,4.3,100,19969,Gicumbi,31.7,19.61,634.2263220825047,6330.172999999999,201.04974410015393
4.0,Northern Province,45.0,Gicumbi,4506.0,Kageyo,31.485605855069338,kageyo,Kageyo,31.2,26.4,32.0,10.5,100,25167,Gatsibo,42.5,22.2,799.3176347263455,10695.975,339.7099947586969
4.0,Northern Province,45.0,Gicumbi,4507.0,Kaniga,39.046962524094596,kaniga,Kaniga,48.3,23.0,24.7,4.0,100,16006,Gicumbi,28.7,18.439999999999998,409.91664819313985,4593.722,117.64607803143113
4.0,Northern Province,45.0,Gicumbi,4508.0,Manyagiro,29.832580290164984,manyagiro,Manyagiro,37.1,26.3,31.3,5.2,100,21908,Gicumbi,36.5,20.44,734.3649053120118,7996.42,268.0431904388843
4.0,Northern Province,45.0,Gicumbi,4509.0,Miyove,27.281462646339783,miyove,Miyove,33.1,27.6,33.0,6.4,100,20545,Gicumbi,39.4,21.29,753.0754588319853,8094.73,296.71173077980217
4.0,Northern Province,45.0,Gicumbi,4510.0,Mukarange,40.56710731017638,mukarange,Mukarange,40.7,29.6,26.2,3.5,100,17718,Gicumbi,29.7,19.25,436.7577866602134,5262.246,129.71706263808338
4.0,Northern Province,45.0,Gicumbi,4510.0,Mukarange,40.56710731017638,mukarange,Mukarange,61.9,16.5,16.1,5.5,100,58656,Kayonza,21.6,16.520000000000003,1445.9004816763447,12669.696000000002,312.3145040420905
4.0,Northern Province,45.0,Gicumbi,4511.0,Muko,48.54437160799385,muko,Muko,45.6,22.5,25.7,6.2,100,27738,Musanze,31.9,19.249999999999996,571.3947689752844,8848.421999999999,182.27493130311566
4.0,Northern Province,45.0,Gicumbi,4511.0,Muko,48.54437160799385,muko,Muko,42.4,26.3,25.8,5.5,100,20209,Gicumbi,31.3,19.44,416.2995488579393,6325.417,130.30175879253503
4.0,Northern Province,45.0,Gicumbi,4512.0,Mutete,56.51092077154532,mutete,Mutete,43.5,26.6,24.8,5.1,100,27950,Gicumbi,29.9,19.15,494.59466627685055,8357.05,147.88380521677828
4.0,Northern Province,45.0,Gicumbi,4513.0,Nyamiyaga,39.659856576788954,nyamiyaga,Nyamiyaga,34.8,29.2,28.2,7.8,100,46360,Kamonyi,36.0,20.9,1168.9401828833725,16689.6,420.81846583801405
4.0,Northern Province,45.0,Gicumbi,4513.0,Nyamiyaga,39.659856576788954,nyamiyaga,Nyamiyaga,35.0,25.5,32.4,7.1,100,20217,Gicumbi,39.5,21.16,509.7597859653395,7985.715,201.3551154563091
4.0,Northern Province,45.0,Gicumbi,4514.0,Nyankenke,31.927919742460205,nyankenke,Nyankenke,38.5,28.3,30.1,3.2,100,23376,Gicumbi,33.300000000000004,19.82,732.1491719021329,7784.2080000000005,243.8056742434103
4.0,Northern Province,45.0,Gicumbi,4515.0,Rubaya,16.890208928776417,rubaya,Rubaya,36.6,24.8,31.7,6.9,100,11812,Gicumbi,38.6,20.889999999999997,699.3400762423665,4559.432,269.9452694295535
4.0,Northern Province,45.0,Gicumbi,4516.0,Rukomo,51.50295055975539,rukomo,Rukomo,38.1,31.8,25.3,4.8,100,27674,Gicumbi,30.1,19.68,537.3284384530888,8329.874,161.73585997437974
4.0,Northern Province,45.0,Gicumbi,4516.0,Rukomo,51.50295055975539,rukomo,Rukomo,47.7,22.2,24.8,5.4,100,43649,Nyagatare,30.200000000000003,18.810000000000002,847.5048424528031,13181.998,255.94646242074654
4.0,Northern Province,45.0,Gicumbi,4517.0,Rushaki,47.01722080203355,rushaki,Rushaki,43.5,27.0,26.0,3.5,100,14571,Gicumbi,29.5,18.95,309.9077263913861,4298.445,91.42277928545889
4.0,Northern Province,45.0,Gicumbi,4518.0,Rutare,53.570730205067015,rutare,Rutare,42.0,27.2,25.7,5.0,100,27606,Gicumbi,30.7,19.35,515.3187177834823,8475.042,158.20284635952905
4.0,Northern Province,45.0,Gicumbi,4519.0,Ruvune,58.575106040991635,ruvune,Ruvune,36.2,27.4,29.6,6.8,100,22324,Gicumbi,36.4,20.7,381.1175345440667,8125.936,138.72678257404027
4.0,Northern Province,45.0,Gicumbi,4520.0,Rwamiko,28.535283417341958,rwamiko,Rwamiko,46.0,25.6,24.6,3.8,100,14487,Gicumbi,28.400000000000002,18.62,507.68726520500263,4114.308000000001,144.18318331822078
4.0,Northern Province,45.0,Gicumbi,4521.0,Shangasha,32.85401116906691,shangasha,Shangasha,40.7,31.5,25.3,2.5,100,18082,Gicumbi,27.8,18.96,550.3741965311309,5026.796,153.0040266356544
5.0,Eastern Province,51.0,Rwamagana,5101.0,Fumbwe,43.97384784343452,fumbwe,Fumbwe,51.2,19.5,21.2,8.1,100,33544,Rwamagana,29.299999999999997,18.619999999999997,762.8170297816743,9828.392,223.50538972603053
5.0,Eastern Province,51.0,Rwamagana,5102.0,Gahengeri,62.99603044036816,gahengeri,Gahengeri,43.4,21.9,25.7,8.9,100,36463,Rwamagana,34.6,19.990000000000002,578.8142482170485,12616.198,200.2697298830988
5.0,Eastern Province,51.0,Rwamagana,5103.0,Gishali,45.106660526987774,gishali,Gishali,52.8,20.3,20.7,6.3,100,35720,Rwamagana,27.0,18.07,791.9007876592495,9644.4,213.8132126679974
5.0,Eastern Province,51.0,Rwamagana,5104.0,Karenge,63.353793180469246,karenge,Karenge,55.0,21.0,20.7,3.3,100,30062,Rwamagana,24.0,17.23,474.50986737866765,7214.88,113.88236817088023
5.0,Eastern Province,51.0,Rwamagana,5105.0,Kigabiro,37.73742083689652,kigabiro,Kigabiro,67.0,15.4,13.6,4.0,100,52218,Rwamagana,17.6,15.459999999999999,1383.7193650750391,9190.368,243.5346082532069
5.0,Eastern Province,51.0,Rwamagana,5106.0,Muhazi,57.59706011536412,muhazi,Muhazi,60.7,18.6,16.5,4.2,100,35984,Rwamagana,20.7,16.419999999999998,624.7541094619377,7448.687999999999,129.3241006586211
5.0,Eastern Province,51.0,Rwamagana,5107.0,Munyaga,41.58901414467911,munyaga,Munyaga,37.6,22.1,32.0,8.2,100,22272,Rwamagana,40.2,21.06,535.5260387399559,8953.344000000001,215.2814675734623
5.0,Eastern Province,51.0,Rwamagana,5108.0,Munyiginya,31.982142647859988,munyiginya,Munyiginya,48.1,22.9,22.4,6.5,100,25043,Rwamagana,28.9,18.71,783.0307142250113,7237.427,226.29587641102825
5.0,Eastern Province,51.0,Rwamagana,5109.0,Musha,44.81867693590233,musha,Musha,30.7,21.5,34.4,13.4,100,29634,Gisagara,47.8,23.049999999999997,661.1975637384661,14165.052,316.05243546698676
5.0,Eastern Province,51.0,Rwamagana,5109.0,Musha,44.81867693590233,musha,Musha,40.7,23.1,27.6,8.5,100,27614,Rwamagana,36.1,20.369999999999997,616.1270677287575,9968.654,222.42187145008148
5.0,Eastern Province,51.0,Rwamagana,5110.0,Muyumbu,50.29394085738205,muyumbu,Muyumbu,63.3,18.5,14.5,3.6,100,60059,Rwamagana,18.1,15.819999999999999,1194.1597531660648,10870.679000000002,216.14291532305774
5.0,Eastern Province,51.0,Rwamagana,5111.0,Mwulire,55.457311083970275,mwulire,Mwulire,52.8,20.5,20.5,6.3,100,34788,Rwamagana,26.8,18.05,627.293305788411,9323.184000000001,168.11460595129415
5.0,Eastern Province,51.0,Rwamagana,5112.0,Nyakaliro,50.02019011248773,nyakaliro,Nyakaliro,62.1,19.1,15.7,3.2,100,38695,Rwamagana,18.9,16.02,773.5876235772172,7313.355,146.20806085609402
5.0,Eastern Province,51.0,Rwamagana,5113.0,Nzige,40.07281327278044,nzige,Nzige,42.6,23.7,26.7,6.9,100,20125,Rwamagana,33.6,19.77,502.21080968303164,6762.0,168.74283205349863
5.0,Eastern Province,51.0,Rwamagana,5114.0,Rubona,55.63269837883078,rubona,Rubona,38.4,24.0,28.1,9.5,100,31449,Rwamagana,37.6,20.87,565.2970450192453,11824.824,212.55168892723626
5.0,Eastern Province,52.0,Nyagatare,5201.0,Gatunda,52.10602933770569,gatunda,Gatunda,39.7,23.6,29.1,7.5,100,36547,Nyagatare,36.6,20.419999999999998,701.3967570457984,13376.202,256.71121307876217
5.0,Eastern Province,52.0,Nyagatare,5202.0,Karama,53.743464179871644,karama,Karama,38.5,30.3,26.1,5.2,100,17802,Huye,31.3,19.82,331.2402777092907,5572.026,103.67820692300798
5.0,Eastern Province,52.0,Nyagatare,5202.0,Karama,53.743464179871644,karama,Karama,50.3,25.5,21.6,2.7,100,21261,Kamonyi,24.3,17.69,395.60159220184414,5166.423,96.13118690504812
5.0,Eastern Province,52.0,Nyagatare,5202.0,Karama,53.743464179871644,karama,Karama,34.2,26.6,31.1,8.1,100,33037,Nyagatare,39.2,21.310000000000002,614.7166079475248,12950.504,240.96891031542972
5.0,Eastern Province,52.0,Nyagatare,5203.0,Karangazi,550.2051887259069,karangazi,Karangazi,34.7,23.6,27.9,13.8,100,92748,Nyagatare,41.7,22.079999999999995,168.56983885370778,38675.916,70.29362280199615
5.0,Eastern Province,52.0,Nyagatare,5204.0,Katabagemu,98.01085267776921,katabagemu,Katabagemu,38.2,25.0,28.5,8.3,100,43261,Nyagatare,36.8,20.689999999999998,441.38989528261135,15920.047999999999,162.43148146400097
5.0,Eastern Province,52.0,Nyagatare,5205.0,Kiyombe,69.18752988163352,kiyombe,Kiyombe,35.0,27.6,31.9,5.5,100,19273,Nyagatare,37.4,20.79,278.56175864310194,7208.102,104.18209773252012
5.0,Eastern Province,52.0,Nyagatare,5206.0,Matimba,79.27948790703707,matimba,Matimba,45.9,22.0,25.0,7.0,100,28442,Nyagatare,32.0,19.29,358.75610136825077,9101.44,114.80195243784026
5.0,Eastern Province,52.0,Nyagatare,5207.0,Mimuri,47.724281809075784,mimuri,Mimuri,36.5,24.7,29.2,9.6,100,36771,Nyagatare,38.8,21.19,770.4882840794728,14267.147999999997,298.9494542228354
5.0,Eastern Province,52.0,Nyagatare,5208.0,Mukama,64.30428652249498,mukama,Mukama,30.9,28.1,32.2,8.9,100,26827,Nyagatare,41.1,21.930000000000003,417.18836256141896,11025.896999999999,171.46441701274318
5.0,Eastern Province,52.0,Nyagatare,5209.0,Musheri,96.38993150555457,musheri,Musheri,29.9,25.2,32.3,12.6,100,34116,Nyagatare,44.9,22.759999999999998,353.9373819145626,15318.083999999999,158.91788447963862
5.0,Eastern Province,52.0,Nyagatare,5210.0,Nyagatare,164.60104103817537,nyagatare,Nyagatare,52.8,19.2,20.8,7.2,100,82927,Nyagatare,28.0,18.24,503.80604810857193,23219.56,141.06569347040013
5.0,Eastern Province,52.0,Nyagatare,5211.0,Rukomo,58.451918889781474,rukomo,Rukomo,38.1,31.8,25.3,4.8,100,27674,Gicumbi,30.1,19.68,473.4489564351659,8329.874,142.50813588698495
5.0,Eastern Province,52.0,Nyagatare,5211.0,Rukomo,58.451918889781474,rukomo,Rukomo,47.7,22.2,24.8,5.4,100,43649,Nyagatare,30.200000000000003,18.810000000000002,746.7505058697172,13181.998,225.5186527726546
5.0,Eastern Province,52.0,Nyagatare,5212.0,Rwempasha,168.41345099748182,rwempasha,Rwempasha,37.6,25.0,25.4,11.9,100,36543,Nyagatare,37.3,21.139999999999997,216.98385600177747,13630.538999999999,80.93497828866299
5.0,Eastern Province,52.0,Nyagatare,5213.0,Rwimiyaga,308.85694046738496,rwimiyaga,Rwimiyaga,33.0,25.1,28.7,13.2,100,77017,Nyagatare,41.9,22.209999999999997,249.3614029960027,32270.123,104.48242785532514
5.0,Eastern Province,52.0,Nyagatare,5214.0,Tabagwe,106.54817396380521,tabagwe,Tabagwe,32.3,29.7,28.6,9.5,100,50359,Nyagatare,38.1,21.55,472.64066690722575,19186.779000000002,180.07609409165303
5.0,Eastern Province,53.0,Gatsibo,5301.0,Gasange,38.24222937859365,gasange,Gasange,30.3,25.3,30.9,13.5,100,19365,Gatsibo,44.4,22.759999999999998,506.3773821418396,8598.06,224.83155767097676
5.0,Eastern Province,53.0,Gatsibo,5302.0,Gatsibo,61.33588633850886,gatsibo,Gatsibo,44.4,24.9,23.9,6.8,100,38071,Gatsibo,30.7,19.31,620.696989522391,11687.796999999999,190.55397578337403
5.0,Eastern Province,53.0,Gatsibo,5303.0,Gitoki,74.87480796770895,gitoki,Gitoki,38.7,24.3,28.3,8.6,100,43369,Gatsibo,36.9,20.660000000000004,579.2201833586489,16003.160999999998,213.73224765934143
5.0,Eastern Province,53.0,Gatsibo,5304.0,Kabarore,210.29784119629343,kabarore,Kabarore,42.9,22.9,24.6,9.7,100,69312,Gatsibo,34.3,20.130000000000003,329.58968863262703,23774.015999999996,113.04926320099105
5.0,Eastern Province,53.0,Gatsibo,5305.0,Kageyo,56.00246270107285,kageyo,Kageyo,35.0,31.4,28.9,4.7,100,26231,Ngororero,33.6,20.33,468.3901159849795,8813.616000000002,157.37907897095315
5.0,Eastern Province,53.0,Gatsibo,5305.0,Kageyo,56.00246270107285,kageyo,Kageyo,39.9,28.4,27.4,4.3,100,19969,Gicumbi,31.7,19.61,356.57360474644713,6330.172999999999,113.03383270462373
5.0,Eastern Province,53.0,Gatsibo,5305.0,Kageyo,56.00246270107285,kageyo,Kageyo,31.2,26.4,32.0,10.5,100,25167,Gatsibo,42.5,22.2,449.3909515075284,10695.975,190.9911543906996
5.0,Eastern Province,53.0,Gatsibo,5306.0,Kiramuruzi,60.43706886653776,kiramuruzi,Kiramuruzi,37.2,27.2,26.7,8.9,100,40762,Gatsibo,35.6,20.73,674.4536219983482,14511.271999999999,240.10548943141197
5.0,Eastern Province,53.0,Gatsibo,5307.0,Kiziguro,61.41187219851127,kiziguro,Kiziguro,45.6,23.1,24.0,7.3,100,39958,Gatsibo,31.3,19.3,650.6559492411737,12506.854000000001,203.65531211248742
5.0,Eastern Province,53.0,Gatsibo,5308.0,Muhura,55.73016708533265,muhura,Muhura,36.9,22.9,29.6,10.6,100,33436,Gatsibo,40.2,21.39,599.9623139260219,13441.272000000003,241.18485019826085
5.0,Eastern Province,53.0,Gatsibo,5309.0,Murambi,59.7583149898254,murambi,Murambi,33.4,33.5,27.6,5.5,100,23012,Karongi,33.1,20.520000000000003,385.084485797802,7616.972000000001,127.46296479907248
5.0,Eastern Province,53.0,Gatsibo,5309.0,Murambi,59.7583149898254,murambi,Murambi,53.5,21.8,20.1,4.6,100,27315,Rulindo,24.700000000000003,17.580000000000002,457.09120152820105,6746.805000000001,112.90152677746568
5.0,Eastern Province,53.0,Gatsibo,5309.0,Murambi,59.7583149898254,murambi,Murambi,34.5,28.0,29.5,8.0,100,36887,Gatsibo,37.5,21.1,617.2697474197603,13832.625,231.4761552824101
5.0,Eastern Province,53.0,Gatsibo,5310.0,Ngarama,58.443769059248716,ngarama,Ngarama,35.0,24.9,29.9,10.2,100,38843,Gatsibo,40.099999999999994,21.53,664.6217488235917,15576.042999999998,266.5133212782602
5.0,Eastern Province,53.0,Gatsibo,5311.0,Nyagihanga,71.9170725266387,nyagihanga,Nyagihanga,32.8,24.6,33.8,8.7,100,30114,Gatsibo,42.5,21.82,418.73228347615947,12798.45,177.9612204773678
5.0,Eastern Province,53.0,Gatsibo,5312.0,Remera,52.26622282186605,remera,Remera,90.8,6.7,2.1,0.4,100,49371,Gasabo,2.5,11.209999999999999,944.606235814408,1234.275,23.615155895360203
5.0,Eastern Province,53.0,Gatsibo,5312.0,Remera,52.26622282186605,remera,Remera,51.1,23.5,23.3,2.1,100,19805,Musanze,25.400000000000002,17.64,378.9254116850854,5030.47,96.2470545680117
5.0,Eastern Province,53.0,Gatsibo,5312.0,Remera,52.26622282186605,remera,Remera,35.4,23.3,30.7,10.7,100,32297,Gatsibo,41.4,21.689999999999998,617.9325433573948,13370.958,255.82407294996145
5.0,Eastern Province,53.0,Gatsibo,5312.0,Remera,52.26622282186605,remera,Remera,48.1,20.0,24.4,7.5,100,33049,Ngoma,31.9,19.13,632.3204206402619,10542.631,201.71021418424354
5.0,Eastern Province,53.0,Gatsibo,5313.0,Rugarama,75.5023914842769,rugarama,Rugarama,38.0,29.9,28.5,3.6,100,25451,Burera,32.1,19.77,337.0886603677988,8169.771000000001,108.20545997806343
5.0,Eastern Province,53.0,Gatsibo,5313.0,Rugarama,75.5023914842769,rugarama,Rugarama,37.7,26.1,27.9,8.3,100,49927,Gatsibo,36.2,20.68,661.263822489611,18073.574,239.3775037412392
5.0,Eastern Province,53.0,Gatsibo,5314.0,Rwimbogo,647.7987200369934,rwimbogo,Rwimbogo,46.1,21.8,26.8,5.3,100,18710,Rusizi,32.1,19.130000000000003,28.882428169866625,6005.91,9.271259442527187
5.0,Eastern Province,53.0,Gatsibo,5314.0,Rwimbogo,647.7987200369934,rwimbogo,Rwimbogo,30.8,29.7,30.1,9.4,100,47136,Gatsibo,39.5,21.810000000000002,72.76334228833956,18618.72,28.74152020389413
5.0,Eastern Province,54.0,Kayonza,5401.0,Gahini,201.6622634948527,gahini,Gahini,38.6,23.3,27.2,10.9,100,44585,Kayonza,38.1,21.04,221.08747183202178,16986.885,84.23432676800029
5.0,Eastern Province,54.0,Kayonza,5402.0,Kabare,110.69414879257143,kabare,Kabare,33.1,25.4,31.6,9.8,100,40334,Kayonza,41.400000000000006,21.79,364.37336968534305,16698.276,150.85057504973204
5.0,Eastern Province,54.0,Kayonza,5403.0,Kabarondo,54.423224711708016,kabarondo,Kabarondo,49.9,21.1,22.1,6.9,100,39019,Kayonza,29.0,18.6,716.9549435317801,11315.51,207.91693362421623
5.0,Eastern Province,54.0,Kayonza,5404.0,Mukarange,53.822812398393474,mukarange,Mukarange,40.7,29.6,26.2,3.5,100,17718,Gicumbi,29.7,19.25,329.1912705871322,5262.246,97.76980736437827
5.0,Eastern Province,54.0,Kayonza,5404.0,Mukarange,53.822812398393474,mukarange,Mukarange,61.9,16.5,16.1,5.5,100,58656,Kayonza,21.6,16.520000000000003,1089.7981243683726,12669.696000000002,235.39639486356853
5.0,Eastern Province,54.0,Kayonza,5405.0,Murama,69.05370365131847,murama,Murama,43.9,24.4,26.3,5.4,100,23624,Kayonza,31.700000000000003,19.32,342.1105422424209,7488.808000000001,108.44904189084743
5.0,Eastern Province,54.0,Kayonza,5405.0,Murama,69.05370365131847,murama,Murama,46.1,22.7,25.6,5.6,100,27846,Ngoma,31.200000000000003,19.07,403.2513612970899,8687.952000000001,125.81442472469206
5.0,Eastern Province,54.0,Kayonza,5406.0,Murundi,490.93059941901714,murundi,Murundi,20.9,34.4,34.7,10.0,100,28174,Karongi,44.7,23.380000000000003,57.38896706243613,12593.778,25.65286827690895
5.0,Eastern Province,54.0,Kayonza,5406.0,Murundi,490.93059941901714,murundi,Murundi,29.2,25.7,32.5,12.6,100,56261,Kayonza,45.1,22.85,114.60071966705895,25373.711,51.68492456984359
5.0,Eastern Province,54.0,Kayonza,5407.0,Mwiri,514.8152980870472,mwiri,Mwiri,38.9,23.2,28.0,9.8,100,35228,Kayonza,37.8,20.85,68.42842497280161,13316.184,25.865944639719004
5.0,Eastern Province,54.0,Kayonza,5408.0,Ndego,177.06848515950324,ndego,Ndego,27.7,29.9,32.6,9.9,100,23848,Kayonza,42.5,22.49,134.6823517381861,10135.4,57.23999948872909
5.0,Eastern Province,54.0,Kayonza,5409.0,Nyamirama,61.07543628255788,nyamirama,Nyamirama,44.2,22.1,25.6,8.1,100,38763,Kayonza,33.7,19.76,634.6741400367215,13063.131000000001,213.88518519237516
5.0,Eastern Province,54.0,Kayonza,5410.0,Rukara,64.36416482083402,rukara,Rukara,45.8,25.3,22.2,6.7,100,37323,Kayonza,28.9,18.98,579.8723576060281,10786.347,167.58311134814213
5.0,Eastern Province,54.0,Kayonza,5411.0,Ruramira,41.56751723925459,ruramira,Ruramira,32.0,24.5,33.1,10.4,100,21972,Kayonza,43.5,22.19,528.5858155427811,9557.82,229.93482976110977
5.0,Eastern Province,54.0,Kayonza,5412.0,Rwinkwavu,92.30863948293575,rwinkwavu,Rwinkwavu,38.4,25.2,27.7,8.7,100,36975,Kayonza,36.4,20.669999999999998,400.55838984427055,13458.9,145.80325390331447
5.0,Eastern Province,55.0,Kirehe,5501.0,Gahara,106.32887443758938,gahara,Gahara,35.0,20.1,34.9,10.0,100,44137,Kirehe,44.9,21.99,415.0989111232112,19817.513,186.37941109432182
5.0,Eastern Province,55.0,Kirehe,5502.0,Gatore,63.97198559230887,gatore,Gatore,42.6,23.1,26.2,8.2,100,31413,Kirehe,34.4,20.02,491.043066885463,10806.072,168.91881500859927
5.0,Eastern Province,55.0,Kirehe,5503.0,Kigarama,115.69742185408116,kigarama,Kigarama,86.4,8.8,3.9,0.8,100,70740,Kicukiro,4.7,11.89,611.4224402443302,3324.78,28.736854691483522
5.0,Eastern Province,55.0,Kirehe,5503.0,Kigarama,115.69742185408116,kigarama,Kigarama,34.7,24.3,32.6,8.4,100,37679,Kirehe,41.0,21.47,325.66844961784165,15448.39,133.52406434331508
5.0,Eastern Province,55.0,Kirehe,5504.0,Kigina,66.87703648299487,kigina,Kigina,45.7,23.3,24.4,6.6,100,35632,Kirehe,31.0,19.189999999999998,532.7987284403715,11045.92,165.16760581651516
5.0,Eastern Province,55.0,Kirehe,5505.0,Kirehe,49.118680695319156,kirehe,Kirehe,48.6,24.2,21.8,5.3,100,30473,Kirehe,27.1,18.36,620.3953275745041,8258.183,168.12713377269063
5.0,Eastern Province,55.0,Kirehe,5506.0,Mahama,64.74748859120297,mahama,Mahama,64.1,12.1,20.6,3.2,100,75542,Kirehe,23.8,16.29,1166.7170672356185,17978.996,277.6786620020772
5.0,Eastern Province,55.0,Kirehe,5507.0,Mpanga,248.60745342243604,mpanga,Mpanga,33.9,25.4,32.0,8.6,100,39346,Kirehe,40.6,21.509999999999998,158.26556870418088,15974.476,64.25582089389744
5.0,Eastern Province,55.0,Kirehe,5508.0,Musaza,91.41273212371492,musaza,Musaza,38.4,23.3,29.8,8.5,100,30401,Kirehe,38.3,20.84,332.5685524731534,11643.582999999999,127.37375559721774
5.0,Eastern Province,55.0,Kirehe,5509.0,Mushikiri,94.91735438048194,mushikiri,Mushikiri,40.4,25.4,27.7,6.5,100,32965,Kirehe,34.2,20.029999999999998,347.3021368448367,11274.03,118.77733080093417
5.0,Eastern Province,55.0,Kirehe,5510.0,Nasho,103.12979866712492,nasho,Nasho,39.6,26.3,27.0,7.2,100,33588,Kirehe,34.2,20.2,325.6866631574932,11487.096000000001,111.38483879986268
5.0,Eastern Province,55.0,Kirehe,5511.0,Nyamugari,97.93349203166412,nyamugari,Nyamugari,35.7,24.5,30.4,9.4,100,42145,Kirehe,39.8,21.35,430.34307391360625,16773.71,171.27654341761527
5.0,Eastern Province,55.0,Kirehe,5512.0,Nyarubuye,85.91087883064708,nyarubuye,Nyarubuye,37.5,24.5,30.0,8.0,100,22064,Kirehe,38.0,20.85,256.82428465775496,8384.32,97.59322816994688
5.0,Eastern Province,56.0,Ngoma,5601.0,Gashanda,38.29052036075362,gashanda,Gashanda,39.8,23.1,29.1,8.0,100,20233,Ngoma,37.1,20.53,528.4075486406313,7506.443,196.03920054567422
5.0,Eastern Province,56.0,Ngoma,5602.0,Jarama,91.25046759944657,jarama,Jarama,24.9,22.7,34.9,17.5,100,31001,Ngoma,52.4,24.5,339.73524536972366,16244.524,178.0212685737352
5.0,Eastern Province,56.0,Ngoma,5603.0,Karembo,36.851936901813374,karembo,Karembo,40.5,23.1,26.8,9.5,100,17918,Ngoma,36.3,20.51,486.2159632949526,6504.2339999999995,176.49639467606778
5.0,Eastern Province,56.0,Ngoma,5604.0,Kazo,70.07559788989863,kazo,Kazo,40.8,23.4,27.1,8.7,100,33073,Ngoma,35.8,20.369999999999997,471.9617241363196,11840.133999999998,168.9622972408024
5.0,Eastern Province,56.0,Ngoma,5605.0,Kibungo,43.366242465642166,kibungo,Kibungo,63.9,16.2,16.1,3.8,100,30989,Ngoma,19.900000000000002,15.98,714.5880813757774,6166.811000000001,142.20302819377972
5.0,Eastern Province,56.0,Ngoma,5606.0,Mugesera,73.26014494934674,mugesera,Mugesera,36.9,24.6,30.4,8.2,100,29814,Ngoma,38.599999999999994,21.009999999999998,406.96070176511233,11508.204,157.08683088133336
5.0,Eastern Province,56.0,Ngoma,5607.0,Murama,51.175706797813014,murama,Murama,43.9,24.4,26.3,5.4,100,23624,Kayonza,31.700000000000003,19.32,461.6252803959235,7488.808000000001,146.33521388550776
5.0,Eastern Province,56.0,Ngoma,5607.0,Murama,51.175706797813014,murama,Murama,46.1,22.7,25.6,5.6,100,27846,Ngoma,31.200000000000003,19.07,544.1253622546938,8687.952000000001,169.76711302346447
5.0,Eastern Province,56.0,Ngoma,5608.0,Mutenderi,75.55609034779636,mutenderi,Mutenderi,42.3,23.9,26.7,7.0,100,25739,Ngoma,33.7,19.82,340.66082405163377,8674.043,114.80269770540058
5.0,Eastern Province,56.0,Ngoma,5609.0,Remera,50.415003852747226,remera,Remera,90.8,6.7,2.1,0.4,100,49371,Gasabo,2.5,11.209999999999999,979.2918025793161,1234.275,24.482295064482905
5.0,Eastern Province,56.0,Ngoma,5609.0,Remera,50.415003852747226,remera,Remera,51.1,23.5,23.3,2.1,100,19805,Musanze,25.400000000000002,17.64,392.83940268747557,5030.47,99.7812082826188
5.0,Eastern Province,56.0,Ngoma,5609.0,Remera,50.415003852747226,remera,Remera,35.4,23.3,30.7,10.7,100,32297,Gatsibo,41.4,21.689999999999998,640.6227815499823,13370.958,265.21783156169266
5.0,Eastern Province,56.0,Ngoma,5609.0,Remera,50.415003852747226,remera,Remera,48.1,20.0,24.4,7.5,100,33049,Ngoma,31.9,19.13,655.5389759867902,10542.631,209.11693333978607
5.0,Eastern Province,56.0,Ngoma,5610.0,Rukira,68.54148507982624,rukira,Rukira,49.7,22.0,23.7,4.6,100,29946,Ngoma,28.299999999999997,18.32,436.9032851436419,8474.717999999999,123.64362969565063
5.0,Eastern Province,56.0,Ngoma,5611.0,Rukumberi,85.95683328712762,rukumberi,Rukumberi,27.1,21.4,31.5,20.0,100,39946,Ngoma,51.5,24.44,464.72163378291964,20572.19,239.3316413982036
5.0,Eastern Province,56.0,Ngoma,5612.0,Rurenge,65.15623254939423,rurenge,Rurenge,37.4,25.9,29.4,7.3,100,33876,Ngoma,36.699999999999996,20.66,519.9195637089509,12432.492,190.81047988118502
5.0,Eastern Province,56.0,Ngoma,5613.0,Sake,57.015039250082275,sake,Sake,33.9,22.1,30.1,13.9,100,28710,Ngoma,44.0,22.400000000000002,503.5513502686674,12632.4,221.56259411821367
5.0,Eastern Province,56.0,Ngoma,5614.0,Zaza,61.542026321466665,zaza,Zaza,38.9,23.8,26.9,10.3,100,28074,Ngoma,37.2,20.84,456.17607475832204,10443.528,169.6974998100958
5.0,Eastern Province,57.0,Bugesera,5701.0,Gashora,98.8098053587829,gashora,Gashora,51.5,21.5,20.2,6.8,100,33560,Bugesera,27.0,18.23,339.6424057120861,9061.2,91.70344954226326
5.0,Eastern Province,57.0,Bugesera,5702.0,Juru,81.32042408305159,juru,Juru,31.2,27.6,30.3,10.9,100,34020,Bugesera,41.2,22.089999999999996,418.3450883784838,14016.24,172.35817641193532
5.0,Eastern Province,57.0,Bugesera,5703.0,Kamabuye,101.81193770213044,kamabuye,Kamabuye,31.4,26.9,30.5,11.2,100,23660,Bugesera,41.7,22.150000000000002,232.38925153572546,9866.220000000001,96.90631789039753
5.0,Eastern Province,57.0,Bugesera,5704.0,Mareba,55.903466856247306,mareba,Mareba,29.9,21.7,32.9,15.4,100,28866,Bugesera,48.3,23.36,516.3543805651148,13942.277999999998,249.3991658129504
5.0,Eastern Province,57.0,Bugesera,5705.0,Mayange,146.76055892412566,mayange,Mayange,63.1,18.3,15.0,3.6,100,53266,Bugesera,18.6,15.91,362.94492464789676,9907.476,67.5077559845088
5.0,Eastern Province,57.0,Bugesera,5706.0,Musenyi,87.44118626560775,musenyi,Musenyi,32.7,23.8,31.5,12.0,100,39886,Bugesera,43.5,22.28,456.1466021154371,17350.41,198.42377192021513
5.0,Eastern Province,57.0,Bugesera,5707.0,Mwogo,52.35073896099037,mwogo,Mwogo,30.6,27.0,30.4,12.0,100,31373,Bugesera,42.4,22.38,599.2847593493929,13302.152,254.0967379641426
5.0,Eastern Province,57.0,Bugesera,5708.0,Ngeruka,92.27259239299951,ngeruka,Ngeruka,28.5,23.0,33.4,15.1,100,35192,Bugesera,48.5,23.509999999999998,381.3916905045135,17068.12,184.97496989468905
5.0,Eastern Province,57.0,Bugesera,5709.0,Ntarama,63.927551225264246,ntarama,Ntarama,54.2,17.9,18.2,9.7,100,50127,Bugesera,27.9,18.339999999999996,784.1220106079982,13985.432999999997,218.77004095963144
5.0,Eastern Province,57.0,Bugesera,5710.0,Nyamata,94.87788923612673,nyamata,Nyamata,67.9,15.7,12.5,3.9,100,85982,Bugesera,16.4,15.24,906.2385419010835,14101.047999999999,148.6231208717777
5.0,Eastern Province,57.0,Bugesera,5711.0,Nyarugenge,46.275021061482654,nyarugenge,Nyarugenge,90.6,7.0,2.2,0.2,100,20673,Nyarugenge,2.4000000000000004,11.2,446.7420981296391,496.15200000000004,10.721810355111339
5.0,Eastern Province,57.0,Bugesera,5711.0,Nyarugenge,46.275021061482654,nyarugenge,Nyarugenge,32.0,24.0,31.0,13.0,100,25347,Bugesera,44.0,22.5,547.7469143951996,11152.68,241.00864233388785
5.0,Eastern Province,57.0,Bugesera,5712.0,Rilima,81.46656240205152,rilima,Rilima,58.0,21.1,16.8,4.1,100,28818,Bugesera,20.9,16.7,353.7402235996924,6022.9619999999995,73.93170673233571
5.0,Eastern Province,57.0,Bugesera,5713.0,Ruhuha,43.15662026994683,ruhuha,Ruhuha,44.2,21.4,24.8,9.5,100,28654,Bugesera,34.3,19.939999999999998,663.9537531152298,9828.322,227.73613731852384
5.0,Eastern Province,57.0,Bugesera,5714.0,Rweru,215.36493002620426,rweru,Rweru,32.0,23.3,29.1,15.6,100,35800,Bugesera,44.7,22.830000000000002,166.22947847471767,16002.6,74.3045768781988
5.0,Eastern Province,57.0,Bugesera,5715.0,Shyara,31.432884483600745,shyara,Shyara,25.6,23.9,34.1,16.4,100,16366,Bugesera,50.5,24.13,520.6649109323237,8264.83,262.9357800208234
