sector,district,count,area_sqkm,population_density,non_poor,vulnerable,moderately_poor,severely_poor,poverty_rate,poverty_index,urban_rural_class,distance_to_major_road_km,road_density_km_per_sqkm,vulnerability_index,vulnerability_category
Gitega,Nyarugenge,32945,1.1734335339460493,28075.72738202887,90.0,7.5,2.2,0.3,2.5,11.28,Urban,,19.638978133106047,,
Kanyinya,Nyarugenge,34608,24.16960703303324,1431.880954982029,65.7,18.5,12.6,3.2,15.8,15.330000000000002,Urban,,3.491912054937927,,
Kigali,Nyarugenge,71619,29.377588759583944,2437.8787716754155,68.1,17.6,11.4,3.0,14.4,14.95,Urban,,5.41281392199492,,
Kimisagara,Nyarugenge,65713,3.3121500383490226,19839.982862840163,86.4,9.7,3.4,0.5,3.9,11.8,Urban,,14.29857689337444,,
Mageregere,Nyarugenge,49847,54.6402733604726,912.2758166151469,56.3,18.7,18.1,6.9,25.0,17.560000000000002,Urban,,3.1844377555483496,,
Muhima,Nyarugenge,27195,2.9430287907138086,9240.480448512386,91.7,6.4,1.7,0.2,1.9,11.040000000000001,Urban,0.09028402970285643,14.659087471773995,0.30373429334888213,Very Low
Nyakabanda,Nyarugenge,33924,2.4238978186912754,13995.639477210487,89.7,7.6,2.3,0.4,2.6999999999999997,11.34,Urban,,11.181608135844886,,
Nyamirambo,Nyarugenge,61987,8.74426047967889,7088.87848710064,83.7,9.9,4.7,1.6,6.300000000000001,12.4,Urban,,9.973060861928488,,
Nyarugenge,Nyarugenge,20673,4.625551648432881,4469.30476000715,90.6,7.0,2.2,0.2,2.4000000000000004,11.2,Urban,,16.554985638692735,,
Nyarugenge,Bugesera,25347,4.625551648432881,5479.778829966684,32.0,24.0,31.0,13.0,44.0,22.5,Urban,,16.554985638692735,,
Rwezamenyo,Nyarugenge,17286,1.0266140697423578,16837.875604352615,94.0,4.9,1.0,0.0,1.0,10.68,Urban,,14.429970543451228,,
Bumbogo,Gasabo,123525,60.59142667419423,2038.6547533235268,71.3,14.4,10.9,3.4,14.3,14.64,Urban,,5.391115173446457,,
Gatsata,Gasabo,56768,6.021112406471054,9428.158148814808,84.0,11.2,3.9,0.8,4.7,12.129999999999999,Urban,,8.642067477330365,,
Gikomero,Gasabo,19161,35.054716411102035,546.6026247450001,38.6,25.0,28.7,7.8,36.5,20.59,Urban,,4.059303869400992,,
Gisozi,Gasabo,91564,8.30274468053967,11028.160388288423,85.9,9.1,4.0,0.9,4.9,11.97,Urban,,9.54949702688532,,
Jabana,Gasabo,66461,36.375976850235325,1827.0574636010097,69.5,14.9,12.1,3.5,15.6,14.959999999999999,Urban,,6.409154626485922,,
Jali,Gasabo,43313,37.36699842691339,1159.1244098644015,60.2,17.7,17.0,5.0,22.0,16.660000000000004,Urban,,4.842194813283216,,
Kacyiru,Gasabo,35660,5.783221860876994,6166.113086761703,93.0,5.4,1.4,0.1,1.5,10.84,Urban,,13.553096240738144,,
Kimihurura,Gasabo,21401,5.070553114654637,4220.644082821654,91.5,6.8,1.6,0.1,1.7000000000000002,11.03,Urban,,15.304698223103088,,
Kimironko,Gasabo,70424,11.331087037407535,6215.114204622019,91.7,6.0,1.9,0.3,2.1999999999999997,11.059999999999999,Urban,,14.67442089169237,,
Kinyinya,Gasabo,146389,24.190268759995366,6051.565670989596,84.5,10.5,4.2,0.8,5.0,12.129999999999999,Urban,,8.988114749585034,,
Ndera,Gasabo,113105,50.36657633939696,2245.6360590769154,73.0,13.7,9.9,3.4,13.3,14.37,Urban,,7.9907691597716575,,
Nduba,Gasabo,71155,46.53413742733589,1529.0924885222196,62.5,16.6,16.0,4.9,20.9,16.330000000000002,Urban,,5.3173175336769285,,
Remera,Gasabo,49371,7.265450951862925,6795.311168860186,90.8,6.7,2.1,0.4,2.5,11.209999999999999,Urban,,14.658619252550784,,
Remera,Musanze,19805,7.265450951862925,2725.914761687549,51.1,23.5,23.3,2.1,25.400000000000002,17.64,Urban,,14.658619252550784,,
Remera,Gatsibo,32297,7.265450951862925,4445.284981480574,35.4,23.3,30.7,10.7,41.4,21.689999999999998,Urban,,14.658619252550784,,
Remera,Ngoma,33049,7.265450951862925,4548.788536178329,48.1,20.0,24.4,7.5,31.9,19.13,Urban,,14.658619252550784,,
Rusororo,Gasabo,66577,52.221698205505945,1274.8915161280702,68.5,14.7,12.0,4.7,16.7,15.27,Urban,,5.955260759090383,,
Rutunga,Gasabo,22460,42.701497286502644,525.9768726446812,40.8,25.6,26.1,7.5,33.6,20.03,Urban,,3.6687976489758625,,
Gahanga,Kicukiro,91500,36.76099790019146,2489.0510385063144,72.8,14.7,9.2,3.3,12.5,14.3,Urban,,5.101971114832928,,
Gatenga,Kicukiro,76266,12.438081560534618,6131.652990762501,85.4,9.2,4.2,1.2,5.4,12.120000000000001,Urban,,12.678714576241083,,
Gikondo,Kicukiro,18466,3.3848646280541947,5455.461895566343,91.8,5.9,1.9,0.3,2.1999999999999997,11.05,Urban,,14.132592233010898,,
Kagarama,Kicukiro,21609,7.992546479216292,2703.6439583043707,90.2,6.9,2.6,0.4,3.0,11.34,Urban,,10.870691131504744,,
Kanombe,Kicukiro,79728,22.99484841370641,3467.2113755912815,83.7,9.9,5.1,1.3,6.3999999999999995,12.4,Urban,,8.679134488390403,,
Kicukiro,Kicukiro,17982,2.0477559328531187,8781.319937354961,93.3,5.3,1.2,0.2,1.4,10.83,Urban,,14.269998967466337,,
Kigarama,Kicukiro,70740,8.360836936881071,8460.875452307155,86.4,8.8,3.9,0.8,4.7,11.89,Urban,,12.834322743370597,,
Kigarama,Kirehe,37679,8.360836936881071,4506.606250600527,34.7,24.3,32.6,8.4,41.0,21.47,Urban,,12.834322743370597,,
Masaka,Kicukiro,85335,52.704196032356656,1619.131045042606,74.5,14.2,9.0,2.4,11.4,13.95,Urban,,5.662471620886792,,
Niboye,Kicukiro,30306,5.026496564437608,6029.249122423464,94.2,4.3,1.4,0.1,1.5,10.74,Urban,,12.7497936684553,,
Nyarugunga,Kicukiro,49735,15.276185073216796,3255.7212263157667,94.1,4.1,1.6,0.3,1.9000000000000001,10.83,Urban,,10.267305704055392,,
Busasamana,Nyanza,54321,49.27750614807219,1102.3488046812433,59.0,18.5,17.3,5.1,22.4,16.830000000000002,Urban,,5.304062931418685,,
Busasamana,Rubavu,36619,49.27750614807219,743.1179631932853,27.5,19.5,35.2,17.8,53.0,24.330000000000002,Urban,,5.304062931418685,,
Busoro,Nyanza,40338,73.40896584412644,549.4969113943389,33.7,21.0,29.7,15.6,45.3,22.72,Urban,,3.161404951020792,,
Cyabakamyi,Nyanza,24979,60.18764889530378,415.0187033132145,30.6,29.0,32.5,7.9,40.4,21.77,Urban,,2.3302397645752277,,
Kibilizi,Nyanza,41150,83.58719840844398,492.30026587232794,27.1,22.7,32.1,18.1,50.2,24.12,Urban,,3.100461175994622,,
Kigoma,Nyanza,42249,66.16974704090902,638.494204517358,36.3,22.5,30.2,10.9,41.1,21.55,Urban,,3.5848655612152793,,
Kigoma,Huye,26579,66.16974704090902,401.6790329207048,42.1,26.0,27.0,4.9,31.9,19.47,Urban,,3.5848655612152793,,
Mukingo,Nyanza,40510,76.06699134966729,532.556885466684,42.9,24.3,25.8,7.0,32.8,19.69,Urban,,3.1073677498291907,,
Muyira,Nyanza,43489,80.73189826542044,538.6842243820677,30.3,24.8,31.5,13.4,44.9,22.8,Urban,1.519109146006484,3.297595608720782,0.5248611067764496,Very High
Ntyazo,Nyanza,34064,62.37233834933671,546.1395371969768,26.5,22.3,33.0,18.2,51.2,24.29,Urban,0.4572553101318111,3.7918200333585856,0.6050095502060493,Very High
Nyagisozi,Nyanza,28846,72.85341367126055,395.94575664172703,30.4,29.2,32.1,8.2,40.3,21.790000000000003,Urban,,3.819794069136647,,
Nyagisozi,Nyaruguru,18554,72.85341367126055,254.67578065349107,48.1,18.7,28.5,4.8,33.3,19.02,Urban,,3.819794069136647,,
Rwabicuma,Nyanza,21952,47.11413174211777,465.9323898858135,35.6,26.6,30.9,6.9,37.8,20.91,Urban,,4.081769195970348,,
Gikonko,Gisagara,28794,49.53388800413697,581.2990088239223,32.2,21.9,34.5,11.5,46.0,22.55,Urban,2.186834855030018,3.241266859781119,0.5164560894425214,Very High
Gishubi,Gisagara,31209,61.74160831086805,505.47760017625654,21.3,19.9,38.9,20.0,58.9,25.78,Urban,,3.119654061599315,,
Kansi,Gisagara,23524,41.914055980708596,561.2437033253756,40.6,22.7,29.7,7.0,36.7,20.31,Urban,,3.8625974458745724,,
Kibirizi,Gisagara,34480,39.94896415653787,863.1012274784391,36.8,22.0,32.1,9.1,41.2,21.35,Urban,,4.095163690964122,,
Kibirizi,Nyamagabe,22044,39.94896415653787,551.8040446210763,34.2,33.5,27.8,4.6,32.4,20.3,Urban,,4.095163690964122,,
Kigembe,Gisagara,23360,45.04809713691372,518.5568644331958,32.8,24.3,35.6,7.3,42.9,21.74,Urban,,3.129882761730186,,
Mamba,Gisagara,44880,80.12160035222719,560.1485717047643,30.1,20.9,32.3,16.7,49.0,23.56,Urban,,3.0019960196570823,,
Muganza,Gisagara,36715,69.96086733045101,524.7933795128854,29.8,21.4,34.8,14.0,48.8,23.3,Urban,,2.4523329847542485,,
Muganza,Nyaruguru,19277,69.96086733045101,275.5397515149092,35.9,23.4,33.3,7.4,40.699999999999996,21.220000000000002,Urban,,2.4523329847542485,,
Muganza,Rusizi,29446,69.96086733045101,420.8924377811909,48.4,18.3,25.4,8.0,33.4,19.32,Urban,,2.4523329847542485,,
Mugombwa,Gisagara,34760,49.83452075796243,697.5084634368865,41.2,21.5,29.7,7.6,37.3,20.369999999999997,Urban,0.683215057484262,3.5617844382038166,0.48664453210647785,High
Mukindo,Gisagara,32209,51.1901865460256,629.2026299033033,33.0,22.1,33.6,11.3,44.900000000000006,22.32,Urban,,3.2439928185153315,,
Musha,Gisagara,29634,49.83287138056681,594.6677199009707,30.7,21.5,34.4,13.4,47.8,23.049999999999997,Urban,,2.8540398785722445,,
Musha,Rwamagana,27614,49.83287138056681,554.1322270819128,40.7,23.1,27.6,8.5,36.1,20.369999999999997,Urban,,2.8540398785722445,,
Ndora,Gisagara,31477,60.873062161403546,517.0924360029638,30.7,22.7,33.1,13.5,46.6,22.94,Urban,0.10026111615997815,3.5516186859926138,0.5765518534038601,Very High
Nyanza,Gisagara,20225,38.91352570645888,519.7421624698234,26.3,22.8,40.0,10.9,50.9,23.55,Urban,0.06990689759339215,3.3490181390508726,0.6126387808070138,Very High
Save,Gisagara,33173,41.06917691003312,807.7347172715288,39.2,24.7,28.7,7.5,36.2,20.47,Urban,,5.063794965078687,,
Busanze,Nyaruguru,26955,70.78780780212635,380.7859126722429,32.0,26.6,31.8,9.6,41.4,21.9,Urban,,4.087006805644411,,
Cyahinda,Nyaruguru,21972,53.24319727512127,412.6724375034248,39.8,25.7,28.1,6.5,34.6,20.15,Urban,,4.992877709089657,,
Kibeho,Nyaruguru,25307,78.53024591820592,322.2580001386828,46.4,23.3,23.8,6.5,30.3,19.04,Urban,0.6256402858163651,3.043293504814874,0.4267951253920631,Moderate
Kivu,Nyaruguru,17606,124.01875371043408,141.96240063101644,37.1,24.6,31.0,7.3,38.3,20.85,Peri-urban,,1.794880007629875,,
Mata,Nyaruguru,15687,62.161094825507774,252.36042003499023,43.4,28.1,23.3,5.2,28.5,19.03,Urban,,4.430387708496459,,
Muganza,Gisagara,36715,91.36422773950055,401.8531202899511,29.8,21.4,34.8,14.0,48.8,23.3,Urban,,2.3870268344583616,,
Muganza,Nyaruguru,19277,91.36422773950055,210.99067410675167,35.9,23.4,33.3,7.4,40.699999999999996,21.220000000000002,Urban,,2.3870268344583616,,
Muganza,Rusizi,29446,91.36422773950055,322.29244123812884,48.4,18.3,25.4,8.0,33.4,19.32,Urban,,2.3870268344583616,,
Munini,Nyaruguru,17990,46.96673226122922,383.03708037296536,37.5,29.2,27.5,5.8,33.3,20.16,Urban,,4.18983676961389,,
Ngera,Nyaruguru,24004,59.403979552772284,404.08067238451156,35.9,23.0,33.0,8.1,41.1,21.330000000000002,Urban,1.2389345012221038,3.723683476903535,0.4997749995331721,Very High
Ngoma,Nyaruguru,23800,47.23078446456721,503.90863225773626,44.2,19.3,30.5,6.0,36.5,19.830000000000002,Urban,0.9609421561098012,3.7133496132160007,0.47058065877678057,High
Ngoma,Huye,22160,47.23078446456721,469.1855164214889,79.4,10.5,8.3,1.8,10.100000000000001,13.25,Urban,0.9609421561098012,3.7133496132160007,0.25381580415479704,Very Low
Ngoma,Rulindo,12980,47.23078446456721,274.8207582649335,42.9,29.6,24.3,3.2,27.5,18.78,Urban,0.9609421561098012,3.7133496132160007,0.3943597536628103,Low
Nyabimata,Nyaruguru,17166,127.1159664452556,135.04204452076283,31.3,23.2,36.2,9.3,45.5,22.35,Peri-urban,,1.8340791498895312,,
Nyagisozi,Nyanza,28846,34.99600647296147,824.2654778992262,30.4,29.2,32.1,8.2,40.3,21.790000000000003,Urban,,5.003740157500133,,
Nyagisozi,Nyaruguru,18554,34.99600647296147,530.1747790661528,48.1,18.7,28.5,4.8,33.3,19.02,Urban,,5.003740157500133,,
Ruheru,Nyaruguru,24408,106.32770563655527,229.55446893051905,33.0,24.0,32.7,10.3,43.0,22.03,Urban,,2.1000303538512672,,
Ruramba,Nyaruguru,17294,49.03491443109796,352.6874717870852,37.9,27.1,28.8,6.2,35.0,20.330000000000002,Urban,,4.386577852333359,,
Rusenge,Nyaruguru,25099,59.866176324082105,419.2517635355231,27.9,28.8,33.3,10.0,43.3,22.54,Urban,,3.779563165939536,,
Gishamvu,Huye,14967,22.4742664922094,665.9616679898426,40.8,22.9,29.3,7.1,36.4,20.290000000000003,Urban,3.6243260626555927,3.996232068934999,0.4001867353100764,Low
Huye,Huye,29738,35.453394235472224,838.7913383550228,48.8,22.0,22.0,7.2,29.2,18.76,Urban,2.9999374910256553,5.0552751819097494,0.35973595150188853,Low
Karama,Huye,17802,53.144487004958954,334.97359751236064,38.5,30.3,26.1,5.2,31.3,19.82,Urban,,3.7734377375762516,,
Karama,Kamonyi,21261,53.144487004958954,400.06031101619476,50.3,25.5,21.6,2.7,24.3,17.69,Urban,,3.7734377375762516,,
Karama,Nyagatare,33037,53.144487004958954,621.6449129881956,34.2,26.6,31.1,8.1,39.2,21.310000000000002,Urban,,3.7734377375762516,,
Kigoma,Nyanza,42249,51.07897591647027,827.1309132957173,36.3,22.5,30.2,10.9,41.1,21.55,Urban,,4.70101185897879,,
Kigoma,Huye,26579,51.07897591647027,520.3510744511555,42.1,26.0,27.0,4.9,31.9,19.47,Urban,,4.70101185897879,,
Kinazi,Huye,34192,60.49334328912205,565.219214890846,38.5,23.3,28.9,9.2,38.099999999999994,20.86,Urban,1.3191536063971727,3.7449001663535415,0.47476070443930024,High
Kinazi,Ruhango,52274,60.49334328912205,864.1281363828992,31.7,23.8,31.2,13.4,44.6,22.65,Urban,1.3191536063971727,3.7449001663535415,0.5312366394490171,Very High
Maraba,Huye,27614,52.398990746452434,526.9948830430393,40.6,26.9,26.5,6.1,32.6,19.83,Urban,,3.938082686194652,,
Mbazi,Huye,37487,41.186943702292965,910.1670731133424,47.5,23.3,23.4,5.8,29.2,18.75,Urban,1.838004972262947,4.981221272652546,0.39160820721121203,Low
Mbazi,Nyamagabe,13131,41.186943702292965,318.81462472460584,47.7,23.5,25.4,3.5,28.9,18.49,Urban,1.838004972262947,4.981221272652546,0.38282385423148035,Low
Mukura,Huye,27958,28.136828882156006,993.6443128362124,46.0,18.2,26.6,9.2,35.8,19.9,Urban,0.7783745541484332,4.4441467381644095,0.47496929895625295,High
Mukura,Rutsiro,36563,28.136828882156006,1299.4712429440744,21.1,32.9,34.0,12.1,46.1,23.729999999999997,Urban,0.7783745541484332,4.4441467381644095,0.5626667726697533,Very High
Ngoma,Nyaruguru,23800,20.59907195554732,1155.3918570390097,44.2,19.3,30.5,6.0,36.5,19.830000000000002,Urban,0.5392858829819954,7.070241121639173,0.4888383166175315,High
Ngoma,Huye,22160,20.59907195554732,1075.7766198312795,79.4,10.5,8.3,1.8,10.100000000000001,13.25,Urban,0.5392858829819954,7.070241121639173,0.2715932783444599,Very Low
Ngoma,Rulindo,12980,20.59907195554732,630.1254749733758,42.9,29.6,24.3,3.2,27.5,18.78,Urban,0.5392858829819954,7.070241121639173,0.4094493705860167,Low
Ruhashya,Huye,25967,49.52689842635362,524.3009521101521,35.2,25.7,31.0,8.1,39.1,21.2,Urban,,4.672118565778254,,
Rusatira,Huye,31725,51.48465795641819,616.2029866616816,38.0,22.8,28.8,10.5,39.3,21.2,Urban,,4.031940993918555,,
Rwaniro,Huye,24136,54.11396167697844,446.0216781775213,27.5,30.5,33.8,8.2,42.0,22.27,Urban,,4.370524268121422,,
Simbi,Huye,24196,42.950327715938464,563.3484372930894,38.9,27.3,28.0,5.9,33.9,20.11,Urban,,4.436933633137831,,
Tumba,Huye,39494,17.925404619727512,2203.24175871241,68.8,13.9,12.5,4.8,17.3,15.330000000000002,Urban,0.6645469777804491,7.86926699340934,0.3393158233757134,Very Low
Tumba,Rulindo,21093,17.925404619727512,1176.7098398875996,46.1,31.0,21.0,1.9,22.9,17.869999999999997,Urban,0.6645469777804491,7.86926699340934,0.3742372766721661,Low
Buruhukiro,Nyamagabe,27259,156.80880850047382,173.8358977449767,23.1,29.0,35.4,12.6,48.0,23.77,Peri-urban,,1.0888810370295572,,
Cyanika,Nyamagabe,27403,53.731616522987935,509.99768429219336,40.6,27.7,27.3,4.5,31.8,19.59,Urban,,3.8880015487934716,,
Cyanika,Burera,40938,53.731616522987935,761.897792196249,36.1,25.1,32.6,6.1,38.7,20.85,Urban,,3.8880015487934716,,
Gasaka,Nyamagabe,36379,40.42042967511407,900.0151728322105,60.5,20.5,16.4,2.6,19.0,16.11,Urban,,4.524248246830352,,
Gatare,Nyamagabe,17838,64.26576676235247,277.56612732814506,24.0,28.8,36.1,11.1,47.2,23.43,Urban,,2.928804127698747,,
Kaduha,Nyamagabe,23844,74.71643710736086,319.1265660290827,27.0,26.9,34.8,11.3,46.099999999999994,23.04,Urban,0.4552758759452874,2.600521753117402,0.560831048205306,Very High
Kamegeri,Nyamagabe,14967,32.68055306662011,457.97878541068155,28.4,32.1,31.7,7.9,39.6,21.93,Urban,,3.9803122234076787,,
Kibirizi,Gisagara,34480,49.210845033541105,700.6585637068239,36.8,22.0,32.1,9.1,41.2,21.35,Urban,,3.8769082623032793,,
Kibirizi,Nyamagabe,22044,49.210845033541105,447.9500399754416,34.2,33.5,27.8,4.6,32.4,20.3,Urban,,3.8769082623032793,,
Kibumbwe,Nyamagabe,14131,48.93954127485224,288.74402235685164,27.0,32.3,30.9,9.8,40.7,22.349999999999998,Urban,3.211592644718778,2.8639846780762834,0.44244801431809494,Moderate
Kitabi,Nyamagabe,26391,96.2272194020393,274.2571193888276,27.7,28.8,33.9,9.6,43.5,22.54,Urban,,2.2626010599254847,,
Mbazi,Huye,37487,33.458169031455554,1120.4139701953432,47.5,23.3,23.4,5.8,29.2,18.75,Urban,,2.5805875111637895,,
Mbazi,Nyamagabe,13131,33.458169031455554,392.4602086759424,47.7,23.5,25.4,3.5,28.9,18.49,Urban,,2.5805875111637895,,
Mugano,Nyamagabe,20993,74.28205674287666,282.6119916505023,24.4,28.6,35.8,11.2,47.0,23.38,Urban,,2.032071988520934,,
Musange,Nyamagabe,21261,62.92731043825269,337.8660211588467,42.1,26.9,26.0,4.9,30.9,19.349999999999998,Urban,0.8425709759770821,2.8827675881265344,0.4260721525325424,Moderate
Musebeya,Nyamagabe,20453,53.07794267240406,385.33897453854763,25.4,30.7,33.7,10.1,43.800000000000004,22.830000000000002,Urban,1.516386977160242,3.0217928678666515,0.5142773541944932,Very High
Mushubi,Nyamagabe,14279,36.274691832961636,393.63532199672983,29.7,27.6,35.4,7.4,42.8,22.07,Urban,,3.2580799043592577,,
Nkomane,Nyamagabe,18174,78.85804871636121,230.46474387628766,17.1,30.0,39.7,13.1,52.800000000000004,24.86,Urban,,2.3220685237990777,,
Tare,Nyamagabe,24364,44.569393174754566,546.6531685650253,33.1,29.5,29.2,8.2,37.4,21.249999999999996,Urban,,4.4573566310157755,,
Uwinkingi,Nyamagabe,25171,90.45785239961027,278.26218876835117,27.5,30.7,33.7,8.1,41.800000000000004,22.240000000000002,Urban,,2.9208504037337586,,
Bweramana,Ruhango,33764,55.32904868288409,610.240024069758,41.2,25.7,25.7,7.4,33.1,19.93,Urban,,3.779519847921277,,
Byimana,Ruhango,42413,61.51064813532978,689.5228921452269,51.8,23.9,20.2,4.2,24.4,17.7,Urban,0.06637124815146017,3.9120344199006247,0.3973363680806113,Low
Kabagali,Ruhango,27203,60.27402823474088,451.32208343627303,34.1,27.9,30.5,7.5,38.0,21.14,Urban,,3.625982162298312,,
Kinazi,Huye,34192,87.41256694534579,391.15657158745097,38.5,23.3,28.9,9.2,38.099999999999994,20.86,Urban,1.0899097502199226,3.2522870965929456,0.47903648195625537,High
Kinazi,Ruhango,52274,87.41256694534579,598.0147000222979,31.7,23.8,31.2,13.4,44.6,22.65,Urban,1.0899097502199226,3.2522870965929456,0.5345278057570254,Very High
Kinihira,Ruhango,27966,60.22278140448383,464.3757619258319,32.7,31.4,28.4,7.5,35.9,21.07,Urban,,2.855015877923314,,
Kinihira,Rulindo,17434,60.22278140448383,289.49177692251135,44.4,29.9,23.2,2.5,25.7,18.38,Urban,,2.855015877923314,,
Mbuye,Ruhango,47148,77.1778133192191,610.9009567942635,31.6,25.0,31.0,12.4,43.4,22.419999999999998,Urban,,3.0671192328609753,,
Mwendo,Ruhango,26967,56.172081706875396,480.0783446254097,40.8,27.1,27.5,4.6,32.1,19.590000000000003,Urban,,2.9790320469657594,,
Ntongwe,Ruhango,38339,73.21974541818781,523.6155873122796,28.8,25.6,33.0,12.6,45.6,22.940000000000005,Urban,2.469885734893205,2.753215936929589,0.5049821842947284,Very High
Ruhango,Ruhango,81828,94.49552378463488,865.9457794688192,47.6,22.8,23.0,6.7,29.7,18.9,Urban,0.07622844194336766,3.9012552110586856,0.4424021692707599,Moderate
Ruhango,Rutsiro,28330,94.49552378463488,299.80256064368734,28.4,31.4,29.8,10.4,40.2,22.220000000000002,Urban,0.07622844194336766,3.9012552110586856,0.5224120542132586,Very High
Cyeza,Muhanga,35812,57.02070059866113,628.0526128933758,51.3,23.5,22.3,2.9,25.2,17.68,Urban,0.7856874464934706,4.518445890491683,0.383977751127104,Low
Kabacuzi,Muhanga,30553,75.76460633662188,403.2621758008367,43.3,26.8,26.6,3.4,30.0,19.03,Urban,,3.9272092798321663,,
Kibangu,Muhanga,21089,47.76549994903947,441.5111329830032,41.0,26.1,28.5,4.4,32.9,19.630000000000003,Urban,,4.837197966231949,,
Kiyumba,Muhanga,26827,59.35817269204536,451.9512441729041,42.9,30.5,24.3,2.3,26.6,18.6,Urban,,4.701663259723287,,
Muhanga,Muhanga,29642,62.10672583491052,477.27520009335404,49.2,25.0,22.9,2.9,25.799999999999997,17.95,Urban,0.6922186789541981,3.0380475405421503,0.38978547923207185,Low
Mushishiro,Muhanga,21852,53.052492582656654,411.8939362925168,45.1,26.0,25.5,3.4,28.9,18.72,Urban,,3.245155578568962,,
Nyabinoni,Muhanga,17322,39.282149074025995,440.963654186975,25.7,32.0,35.6,6.7,42.300000000000004,22.330000000000002,Urban,,3.026492548192349,,
Nyamabuye,Muhanga,65673,29.701775431663545,2211.0799454092353,79.2,11.3,7.9,1.6,9.5,13.190000000000001,Urban,,6.3534561727823995,,
Nyarusange,Muhanga,28838,61.730006191275166,467.16340689555807,37.1,28.4,28.3,6.2,34.5,20.36,Urban,0.10961178016549165,2.590935625059362,0.47658711681840715,High
Rongi,Muhanga,32037,81.96453694871043,390.8641614122368,30.5,31.1,32.5,6.0,38.5,21.419999999999998,Urban,,3.5031070869990333,,
Rugendabari,Muhanga,19081,42.739526622741145,446.4485572904602,39.4,28.0,29.5,3.1,32.6,19.630000000000003,Urban,,3.142587130720415,,
Shyogwe,Muhanga,44109,36.011739828553885,1224.8505684533952,61.4,17.2,17.2,4.2,21.4,16.419999999999998,Urban,,6.280251420177326,,
Gacurabwenge,Kamonyi,38135,50.63584821291285,753.1225672304437,56.9,22.0,17.8,3.4,21.2,16.79,Urban,0.3108036364200976,3.7152504621599545,0.3652428798922028,Low
Karama,Huye,17802,37.65649169571293,472.7471731527953,38.5,30.3,26.1,5.2,31.3,19.82,Urban,,3.8507066782601735,,
Karama,Kamonyi,21261,37.65649169571293,564.6038449837986,50.3,25.5,21.6,2.7,24.3,17.69,Urban,,3.8507066782601735,,
Karama,Nyagatare,33037,37.65649169571293,877.3254892399112,34.2,26.6,31.1,8.1,39.2,21.310000000000002,Urban,,3.8507066782601735,,
Kayenzi,Kamonyi,26339,51.52491211049669,511.1896152974553,49.6,25.1,22.3,3.0,25.3,17.87,Urban,,4.354622975595949,,
Kayumbu,Kamonyi,18290,33.27818147822162,549.6093592725192,46.1,25.9,24.9,3.1,28.0,18.499999999999996,Urban,,3.329052927465817,,
Mugina,Kamonyi,47020,89.73411958911053,523.9924369381788,33.5,27.4,30.2,9.0,39.2,21.49,Urban,,2.798085388587652,,
Musambira,Kamonyi,43589,63.2255344017239,689.4208236033749,46.1,27.6,22.0,4.3,26.3,18.45,Urban,1.0467443953720394,3.522956396458233,0.38666120125662895,Low
Ngamba,Kamonyi,17158,31.407770965902973,546.2979215757506,41.4,29.2,25.9,3.4,29.299999999999997,19.11,Urban,,3.9644937245477836,,
Nyamiyaga,Kamonyi,46360,77.6492718758295,597.0435894638549,34.8,29.2,28.2,7.8,36.0,20.9,Urban,0.42445651407676527,3.7171323013205773,0.48184200859657483,High
Nyamiyaga,Gicumbi,20217,77.6492718758295,260.3630338263752,35.0,25.5,32.4,7.1,39.5,21.16,Urban,0.42445651407676527,3.7171323013205773,0.5069292665609415,Very High
Nyarubaka,Kamonyi,29438,46.98712080739574,626.5121057463576,42.1,27.1,26.3,4.6,30.9,19.36,Urban,,4.162143615569026,,
Rugarika,Kamonyi,62366,74.86175738488853,833.0822328863615,51.6,22.3,20.6,5.4,26.0,17.96,Urban,4.57343474311329,3.2003332790695285,0.29131762853039767,Very Low
Rukoma,Kamonyi,40850,51.56368220395556,792.2242604479148,48.7,25.7,21.9,3.8,25.7,18.1,Urban,,4.38322850812682,,
Runda,Kamonyi,74546,51.17312884221969,1456.7410999988892,69.4,15.2,11.9,3.5,15.4,14.95,Urban,,5.893012861285012,,
Bwishyura,Karongi,41162,46.20743219515827,890.8090764739153,51.6,21.6,20.4,6.4,26.799999999999997,18.16,Urban,1.297185857775765,4.775426917943086,0.3862085394517402,Low
Gashari,Karongi,20985,54.358915304810985,386.0452307101636,36.5,32.1,27.3,4.0,31.3,19.860000000000003,Urban,,2.5490780483490973,,
Gishyita,Karongi,23716,44.15798800009284,537.0715712851351,45.3,24.6,25.8,4.3,30.1,18.910000000000004,Urban,0.53033504565581,2.5629747193127597,0.43000514877034635,Moderate
Gitesi,Karongi,27199,75.48328050248352,360.3314511364554,29.6,31.1,31.4,7.9,39.3,21.759999999999998,Urban,,3.687776440531419,,
Mubuga,Karongi,23284,37.019910713032125,628.9588373265128,38.1,24.7,30.4,6.9,37.3,20.63,Urban,,3.3248557185895864,,
Murambi,Karongi,23012,50.61580139353398,454.640633289266,33.4,33.5,27.6,5.5,33.1,20.520000000000003,Urban,,2.843900168303692,,
Murambi,Rulindo,27315,50.61580139353398,539.6536110853598,53.5,21.8,20.1,4.6,24.700000000000003,17.580000000000002,Urban,,2.843900168303692,,
Murambi,Gatsibo,36887,50.61580139353398,728.7645159108794,34.5,28.0,29.5,8.0,37.5,21.1,Urban,,2.843900168303692,,
Murundi,Karongi,28174,65.82240481645461,428.0305479352059,20.9,34.4,34.7,10.0,44.7,23.380000000000003,Urban,,3.0050809737614057,,
Murundi,Kayonza,56261,65.82240481645461,854.7393574708105,29.2,25.7,32.5,12.6,45.1,22.85,Urban,,3.0050809737614057,,
Mutuntu,Karongi,24032,64.15607273203501,374.58651966394626,21.3,39.2,31.3,8.2,39.5,22.640000000000004,Urban,0.46087063238743736,2.2400660503661176,0.5071761186455984,Very High
Rubengera,Karongi,41382,47.33575383419998,874.2229001981499,50.6,23.6,21.1,4.7,25.8,17.990000000000002,Urban,0.1599948784354989,4.646368038499925,0.40828078572696486,Low
Rugabano,Karongi,33129,75.63463356991436,438.01362466278835,33.5,27.8,31.9,6.8,38.699999999999996,21.2,Urban,0.45479996772886994,3.498650786436293,0.5014597145235653,Very High
Ruganda,Karongi,18821,59.53825651643414,316.1160756328984,28.6,39.0,28.7,3.7,32.4,20.749999999999996,Urban,1.1410877236299688,2.3559405970172995,0.430142303708099,Moderate
Rwankuba,Karongi,33584,69.73980357839393,481.5614366084141,39.9,23.5,29.9,6.7,36.6,20.34,Urban,,3.0424797890679876,,
Twumba,Karongi,27171,98.58747657349801,275.6029563221829,31.1,32.5,30.2,6.2,36.4,21.15,Urban,0.45689162241051,3.1379069991692385,0.4808140470680612,High
Boneza,Rutsiro,23492,32.88489304670041,714.3705763810331,40.8,32.3,22.6,4.3,26.900000000000002,19.040000000000003,Urban,,3.54298604021397,,
Gihango,Rutsiro,26723,46.263662996687714,577.6239551527352,42.1,30.5,23.5,3.9,27.4,18.919999999999998,Urban,,3.5183908197118727,,
Kigeyo,Rutsiro,23356,40.86515986764438,571.5382021175567,34.5,26.1,32.2,7.1,39.300000000000004,21.169999999999998,Urban,,4.341747269940147,,
Kivumu,Rutsiro,32601,28.964621955635028,1125.5455034053196,38.5,21.2,31.4,8.9,40.3,21.07,Urban,,5.968674469121698,,
Manihira,Rutsiro,18806,36.94898191781862,508.9720751123272,26.4,33.5,31.9,8.2,40.099999999999994,22.19,Urban,,3.332533714960901,,
Mukura,Huye,27958,103.05323484303862,271.2966753793134,46.0,18.2,26.6,9.2,35.8,19.9,Urban,,3.2918270059752697,,
Mukura,Rutsiro,36563,103.05323484303862,354.79720802252797,21.1,32.9,34.0,12.1,46.1,23.729999999999997,Urban,,3.2918270059752697,,
Murunda,Rutsiro,21884,45.31528238376247,482.9275875337268,28.3,29.9,27.4,14.4,41.8,22.79,Urban,,2.453557323266909,,
Musasa,Rutsiro,25523,43.465463040669775,587.2018429003881,35.8,29.0,29.5,5.8,35.3,20.55,Urban,,2.99177679944903,,
Mushonyi,Rutsiro,23696,32.15303434276282,736.9755447461717,37.8,27.3,29.9,5.0,34.9,20.209999999999997,Urban,,4.584945692957133,,
Mushubati,Rutsiro,30485,52.11326689887512,584.975800100109,38.2,28.4,27.0,6.4,33.4,20.159999999999997,Urban,,3.4122819378020672,,
Nyabirasi,Rutsiro,29698,90.83890938161812,326.9303892150162,23.9,22.8,35.2,18.2,53.400000000000006,24.79,Urban,,2.8760546117932106,,
Ruhango,Ruhango,81828,56.33803590869322,1452.4468004638684,47.6,22.8,23.0,6.7,29.7,18.9,Urban,,2.9566151614173446,,
Ruhango,Rutsiro,28330,56.33803590869322,502.8574309177958,28.4,31.4,29.8,10.4,40.2,22.220000000000002,Urban,,2.9566151614173446,,
Rusebeya,Rutsiro,25931,52.56192330153088,493.3419169470298,16.3,32.1,36.5,15.0,51.5,25.0,Urban,,3.750616373737424,,
Bugeshi,Rubavu,31401,31.04495580813488,1011.4686647990596,33.6,24.0,31.0,11.4,42.4,22.02,Urban,0.33605763654279286,3.6188516148675434,0.5411006089179285,Very High
Busasamana,Nyanza,54321,35.15217021182747,1545.3099957317256,59.0,18.5,17.3,5.1,22.4,16.830000000000002,Urban,,2.3106612450553716,,
Busasamana,Rubavu,36619,35.15217021182747,1041.7280008412965,27.5,19.5,35.2,17.8,53.0,24.330000000000002,Urban,,2.3106612450553716,,
Cyanzarwe,Rubavu,34008,34.79671441027405,977.3336527990938,29.4,18.0,34.5,18.2,52.7,24.17,Urban,0.6267581151832584,2.5254903794019437,0.6173786996136283,Very High
Gisenyi,Rubavu,52898,11.247824909640885,4702.953719937386,88.9,7.5,2.9,0.7,3.5999999999999996,11.540000000000001,Urban,,13.11323803956773,,
Kanama,Rubavu,33972,42.905678251019815,791.7833113194645,37.2,17.8,27.6,17.4,45.0,22.52,Urban,,3.2838451250666223,,
Kanzenze,Rubavu,21189,22.585018111394447,938.1883111844778,43.1,20.8,24.5,11.5,36.0,20.419999999999998,Urban,0.4505246175973452,2.2304046259221737,0.48479309596625864,High
Mudende,Rubavu,29830,33.10052650593573,901.1941243487698,27.8,24.0,34.3,13.8,48.099999999999994,23.39,Urban,,4.219514563546229,,
Nyakiriba,Rubavu,38087,21.898178752869825,1739.2770617971405,56.9,16.0,18.1,9.0,27.1,17.92,Urban,0.28232886995846723,4.029978854783995,0.42491419306872835,Moderate
Nyamyumba,Rubavu,43553,23.34152393061498,1865.902163434815,45.6,18.2,25.1,11.0,36.1,20.130000000000003,Urban,,6.357485019680189,,
Nyundo,Rubavu,37859,31.503378032200015,1201.7441418918256,37.9,24.3,26.4,11.4,37.8,21.13,Urban,,5.326798637856626,,
Rubavu,Rubavu,73918,25.674358760208783,2879.059247024361,59.5,16.6,15.8,8.1,23.9,17.25,Urban,0.31018423977377746,5.098217896338573,0.41013045919545077,Moderate
Rugerero,Rubavu,62814,25.312838204086976,2481.507584947868,57.9,17.6,17.4,7.2,24.599999999999998,17.41,Urban,0.016891743001229604,5.272634958678519,0.419468210712545,Moderate
Bigogwe,Nyabihu,31177,52.21301774725956,597.1116274281302,48.1,21.9,21.6,8.4,30.0,19.029999999999998,Urban,1.0520038646052914,2.4707009396705706,0.415860881458353,Moderate
Jenda,Nyabihu,41394,47.82783606090702,865.4792566254981,41.7,26.4,24.2,7.6,31.799999999999997,19.75,Peri-urban,0.3496973639339035,1.866351396205297,0.45228862252054153,High
Jomba,Nyabihu,21057,35.02959627577483,601.1202594008267,25.1,36.7,32.4,5.8,38.199999999999996,21.89,Urban,,5.261142959663961,,
Kabatwa,Nyabihu,20177,52.034673107294985,387.760675624794,49.5,24.4,21.8,4.3,26.1,18.09,Peri-urban,2.0229102676995985,1.4140029134859615,0.35565997948984573,Very Low
Karago,Nyabihu,25139,38.11878001904449,659.4912005956204,25.0,33.9,33.1,8.0,41.1,22.410000000000004,Urban,0.18758626860639838,3.265340567584891,0.5306550545639621,Very High
Kintobo,Nyabihu,14683,27.427721481720305,535.3342970828163,25.2,39.1,30.4,5.3,35.699999999999996,21.58,Urban,,3.707942518836961,,
Mukamira,Nyabihu,31777,38.56060115408382,824.0794761736905,49.6,25.9,20.4,4.1,24.5,17.9,Urban,0.42306144849972854,2.910169716362165,0.3900455285077888,Low
Muringa,Nyabihu,21365,68.23810136570499,313.09487767691013,20.5,29.5,37.9,12.1,50.0,24.16,Urban,,3.3643919401558,,
Rambura,Nyabihu,27806,63.647914537779705,436.87213009147536,29.9,31.1,31.9,7.2,39.1,21.66,Urban,,2.9354150449448806,,
Rugera,Nyabihu,25479,41.183677869330474,618.6674264702871,34.0,31.1,30.1,4.7,34.800000000000004,20.53,Urban,,4.607050662770205,,
Rurembo,Nyabihu,23260,39.70865384182769,585.7665206343192,24.7,32.9,36.2,6.2,42.400000000000006,22.389999999999997,Urban,,6.177236436987176,,
Shyira,Nyabihu,22144,33.708635410273466,656.923655629534,36.0,31.9,27.7,4.5,32.2,20.089999999999996,Urban,,6.6217084867276474,,
Bwira,Ngororero,20477,38.14689701358311,536.7933332220621,30.9,31.9,32.6,4.6,37.2,21.09,Urban,,3.5430682368781476,,
Gatumba,Ngororero,26279,43.491977799738066,604.226372987762,42.3,29.0,25.7,3.0,28.7,18.939999999999998,Urban,,2.9266548628692326,,
Hindiro,Ngororero,25911,35.06119968744293,739.0220594556538,33.8,31.9,29.2,5.1,34.3,20.560000000000002,Urban,0.603933731182223,4.154723297645583,0.4646210382427011,High
Kabaya,Ngororero,34944,49.04731516092612,712.4548996279898,37.2,31.9,26.6,4.3,30.900000000000002,19.8,Urban,,3.235919004575142,,
Kageyo,Ngororero,26231,46.256755850360626,567.0739228850503,35.0,31.4,28.9,4.7,33.6,20.33,Urban,,3.0851017793977213,,
Kageyo,Gicumbi,19969,46.256755850360626,431.69910282076813,39.9,28.4,27.4,4.3,31.7,19.61,Urban,,3.0851017793977213,,
Kageyo,Gatsibo,25167,46.256755850360626,544.0718774445527,31.2,26.4,32.0,10.5,42.5,22.2,Urban,,3.0851017793977213,,
Kavumu,Ngororero,32141,56.96476354177189,564.2259881660216,21.4,32.8,34.1,11.8,45.900000000000006,23.65,Urban,,3.5637670003200363,,
Matyazo,Ngororero,27471,41.034278234478634,669.464681284872,22.0,35.9,34.3,7.9,42.199999999999996,22.830000000000002,Urban,,3.510369802733855,,
Muhanda,Ngororero,30793,106.25393279728448,289.8057435553762,14.5,23.5,40.5,21.5,62.0,26.9,Urban,,2.359129976293768,,
Muhororo,Ngororero,23020,37.22382381123749,618.4211519142883,40.7,29.2,26.9,3.2,30.099999999999998,19.259999999999998,Urban,0.6620561287331476,2.1597930889993773,0.42734868471690435,Moderate
Ndaro,Ngororero,25395,55.37740031320618,458.5805735980694,29.0,32.0,33.8,5.3,39.099999999999994,21.56,Urban,,2.4829099364202385,,
Ngororero,Ngororero,41062,58.495061641225426,701.973788007103,40.3,29.4,26.4,3.9,30.299999999999997,19.389999999999997,Urban,1.6268118067603283,2.9061281228876776,0.40405202655886274,Low
Nyange,Ngororero,25927,54.36563209171287,476.9005528393762,32.3,34.1,28.8,4.8,33.6,20.610000000000003,Peri-urban,,1.7916967850014953,,
Nyange,Musanze,32685,54.36563209171287,601.2070262488916,40.0,25.2,28.6,6.2,34.800000000000004,20.1,Peri-urban,,1.7916967850014953,,
Sovu,Ngororero,30713,54.66773521289896,561.8121892262551,13.8,35.6,37.0,13.6,50.6,25.040000000000003,Urban,,2.8944459513982648,,
Bugarama,Rusizi,36595,24.25648597837389,1508.6686518660053,41.8,20.2,26.1,11.9,38.0,20.810000000000002,Urban,0.010499414314423285,6.748032390998735,0.5190695552414456,Very High
Butare,Rusizi,21932,206.413958560531,106.25250420537054,17.8,32.6,34.5,15.1,49.6,24.690000000000005,Peri-urban,,1.8317636538036741,,
Bweyeye,Rusizi,14403,225.96965702363258,63.73864610722355,25.3,28.3,33.6,12.8,46.400000000000006,23.39,Peri-urban,,0.9638575124040758,,
Gashonga,Rusizi,24755,45.40446157892539,545.2107378692076,42.4,22.1,28.6,6.8,35.4,19.96,Urban,0.16778067409240643,6.096144708296362,0.48324161620807576,High
Giheke,Rusizi,18782,35.80341798469675,524.5867868824112,43.5,25.6,26.3,4.7,31.0,19.240000000000002,Urban,,4.569435702965868,,
Gihundwe,Rusizi,35496,24.440904508442856,1452.3194093630323,65.2,17.3,13.9,3.5,17.4,15.55,Urban,,5.448725378262792,,
Gikundamvura,Rusizi,19285,37.17481653388599,518.7651694910486,30.5,21.8,35.2,12.5,47.7,22.970000000000002,Urban,,6.795017127707125,,
Gitambi,Rusizi,21772,30.899898451588545,704.5977848150733,38.6,27.7,28.4,5.2,33.6,19.999999999999996,Urban,,8.464328230611809,,
Kamembe,Rusizi,30657,14.426874949447807,2124.992426109121,74.5,14.6,9.0,1.8,10.8,13.790000000000001,Urban,,7.224613659063088,,
Muganza,Gisagara,36715,18.739409089019794,1959.240007280318,29.8,21.4,34.8,14.0,48.8,23.3,Urban,,7.48874295185739,,
Muganza,Nyaruguru,19277,18.739409089019794,1028.6877194700446,35.9,23.4,33.3,7.4,40.699999999999996,21.220000000000002,Urban,,7.48874295185739,,
Muganza,Rusizi,29446,18.739409089019794,1571.3409030199168,48.4,18.3,25.4,8.0,33.4,19.32,Urban,,7.48874295185739,,
Mururu,Rusizi,26055,33.18871948060217,785.0558987438001,48.3,22.9,22.7,6.0,28.7,18.619999999999997,Urban,,6.503103415077529,,
Nkanka,Rusizi,16586,20.434282889662015,811.6751681259676,36.0,28.1,30.1,5.8,35.9,20.57,Urban,,4.232322295889449,,
Nkombo,Rusizi,13627,9.05051542497241,1505.6601044400231,16.8,27.8,36.9,18.6,55.5,25.75,Urban,,3.526935782152364,,
Nkungu,Rusizi,19797,38.23047564447676,517.8329504477435,37.2,26.2,31.2,5.4,36.6,20.48,Urban,,6.388734344603776,,
Nyakabuye,Rusizi,29518,37.53926129003353,786.3234114262358,38.7,24.4,29.5,7.3,36.8,20.52,Urban,,6.597190767955278,,
Nyakarenzo,Rusizi,16482,31.448337043564667,524.0976645972682,42.9,24.1,27.6,5.4,33.0,19.550000000000004,Urban,0.9947595777940692,5.739671919060832,0.4412026792499068,Moderate
Nzahaha,Rusizi,25703,59.51808527651903,431.85193005764086,38.5,21.7,31.4,8.4,39.8,20.97,Urban,,7.703064277038669,,
Rwimbogo,Rusizi,18710,26.457504394103395,707.17176198107,46.1,21.8,26.8,5.3,32.1,19.130000000000003,Urban,,6.764618392067434,,
Rwimbogo,Gatsibo,47136,26.457504394103395,1781.573926923555,30.8,29.7,30.1,9.4,39.5,21.810000000000002,Urban,,6.764618392067434,,
Bushekeri,Nyamasheke,25151,105.4568635474655,238.49561947838214,36.1,25.5,30.1,8.4,38.5,21.1,Peri-urban,,1.503739090528935,,
Bushenge,Nyamasheke,19441,31.85310840391065,610.332899178317,52.9,23.3,21.3,2.5,23.8,17.34,Urban,,4.552388404787644,,
Cyato,Nyamasheke,23640,155.13673159429874,152.38170713703994,32.1,27.0,34.1,6.8,40.9,21.56,Peri-urban,,0.7952919400230265,,
Gihombo,Nyamasheke,26995,57.34448685569379,470.7514441263091,30.6,30.9,29.7,8.9,38.6,21.71,Urban,1.170462869830279,2.700952418604884,0.48182954585709015,High
Kagano,Nyamasheke,35272,44.56454113864738,791.4812785856628,40.8,24.7,27.9,6.6,34.5,20.03,Urban,1.6887963229585323,3.5738348693163378,0.43777613173416463,Moderate
Kanjongo,Nyamasheke,36335,49.24828015906412,737.7922616311416,44.3,24.5,25.1,6.2,31.3,19.340000000000003,Urban,,2.6528210113734487,,
Karambi,Nyamasheke,26999,86.97798714108563,310.41187417001663,41.7,27.7,27.1,3.5,30.6,19.240000000000002,Peri-urban,,1.638668733895157,,
Karengera,Nyamasheke,27842,56.34319436400912,494.15018644709465,42.8,26.1,27.1,4.0,31.1,19.23,Urban,,2.584203187090056,,
Kirimbi,Nyamasheke,22628,43.417315418670015,521.1745540183643,36.6,29.3,29.2,4.8,34.0,20.2,Urban,0.6048260683234572,2.129827542316719,0.45980794907837735,High
Macuba,Nyamasheke,29370,51.77014662305167,567.315372194106,42.6,28.6,23.9,4.9,28.799999999999997,19.11,Urban,,3.3030160441154814,,
Mahembe,Nyamasheke,18893,50.66625704201271,372.8911726069252,38.0,28.2,28.6,5.2,33.800000000000004,20.1,Urban,,2.9660228941362443,,
Nyabitekeri,Nyamasheke,24855,31.828784903187508,780.8969169134347,43.5,27.1,25.3,4.1,29.4,19.0,Urban,,3.9769440828418023,,
Rangiro,Nyamasheke,15863,88.04319008159919,180.17293541156374,39.6,29.0,27.2,4.2,31.4,19.599999999999998,Peri-urban,,1.1594862388872897,,
Ruharambuga,Nyamasheke,24076,61.498314485944746,391.4904042695755,49.2,25.4,21.9,3.5,25.4,17.97,Urban,2.5106647884372637,3.271169555656921,0.33690336056334425,Very Low
Shangi,Nyamasheke,23424,34.68799120715646,675.2769239392395,47.2,23.4,24.4,5.1,29.5,18.759999999999998,Urban,,3.2182545917193868,,
Base,Rulindo,20937,28.386661613520165,737.5647156067131,48.5,27.1,22.3,2.2,24.5,17.84,Urban,,4.424539252875988,,
Burega,Rulindo,14883,32.34793441740497,460.09120112448744,44.4,24.4,26.2,5.0,31.2,19.18,Urban,,3.882695729755351,,
Bushoki,Rulindo,23720,35.10496821150851,675.6878358950867,58.9,23.7,16.0,1.3,17.3,15.95,Urban,0.03968311188201739,3.3706113571973986,0.33970619166285126,Very Low
Buyoga,Rulindo,25351,53.35365229537551,475.15022701074446,43.5,27.9,24.8,3.8,28.6,18.89,Urban,,3.611592643531404,,
Cyinzuzi,Rulindo,15990,33.47129401166384,477.7227911902036,39.6,27.0,29.0,4.4,33.4,19.82,Urban,,3.1027262726108598,,
Cyungo,Rulindo,15167,19.780518607855246,766.7645272948948,38.7,27.4,29.2,4.7,33.9,19.99,Urban,,5.014100364545116,,
Kinihira,Ruhango,27966,27.38856035724453,1021.0832418799528,32.7,31.4,28.4,7.5,35.9,21.07,Urban,,4.691765230240969,,
Kinihira,Rulindo,17434,27.38856035724453,636.5431323369482,44.4,29.9,23.2,2.5,25.7,18.38,Urban,,4.691765230240969,,
Kisaro,Rulindo,23376,38.244084512550955,611.2317838940152,36.1,31.2,28.1,4.5,32.6,20.080000000000002,Urban,,5.719387263891687,,
Masoro,Rulindo,27678,29.671528147837346,932.8134318561329,50.4,22.0,22.5,5.2,27.7,18.270000000000003,Urban,,5.447666047365265,,
Mbogo,Rulindo,19465,40.86974379610749,476.2691955473888,51.1,26.5,20.4,2.0,22.4,17.33,Urban,,3.1103547441635437,,
Murambi,Karongi,23012,29.512548835182468,779.7361091552675,33.4,33.5,27.6,5.5,33.1,20.520000000000003,Urban,,4.324589152833928,,
Murambi,Rulindo,27315,29.512548835182468,925.5384938977982,53.5,21.8,20.1,4.6,24.700000000000003,17.580000000000002,Urban,,4.324589152833928,,
Murambi,Gatsibo,36887,29.512548835182468,1249.8751024861097,34.5,28.0,29.5,8.0,37.5,21.1,Urban,,4.324589152833928,,
Ngoma,Nyaruguru,23800,31.47075437360879,756.2576898365854,44.2,19.3,30.5,6.0,36.5,19.830000000000002,Urban,,3.513834196333627,,
Ngoma,Huye,22160,31.47075437360879,704.1458154108711,79.4,10.5,8.3,1.8,10.100000000000001,13.25,Urban,,3.513834196333627,,
Ngoma,Rulindo,12980,31.47075437360879,412.44642075961673,42.9,29.6,24.3,3.2,27.5,18.78,Urban,,3.513834196333627,,
Ntarabana,Rulindo,25455,34.97042762296559,727.9007358572685,47.8,22.6,24.3,5.3,29.6,18.71,Urban,3.13329730449818,5.444075210489159,0.35825802568922005,Very Low
Rukozo,Rulindo,17066,20.249649770553592,842.780008216085,40.6,29.1,26.2,4.1,30.299999999999997,19.38,Urban,,5.797098533605413,,
Rusiga,Rulindo,13835,31.335313125085115,441.5146561571952,48.4,27.6,22.4,1.6,24.0,17.720000000000002,Urban,0.07548136208710526,3.9045264108580913,0.3911609786588804,Low
Tumba,Huye,39494,34.370039137947394,1149.0821945673995,68.8,13.9,12.5,4.8,17.3,15.330000000000002,Urban,,3.3584212578151535,,
Tumba,Rulindo,21093,34.370039137947394,613.7031126249597,46.1,31.0,21.0,1.9,22.9,17.869999999999997,Urban,,3.3584212578151535,,
Busengo,Gakende,21365,38.07000596103376,561.2029591450017,37.8,32.7,26.7,2.7,29.4,19.410000000000004,Urban,,6.587693670412704,,
Coko,Gakende,18386,55.544333747834635,331.01486253252193,49.0,28.3,21.1,1.6,22.700000000000003,17.53,Urban,,3.811711856193016,,
Cyabingo,Gakende,19289,24.15487276708988,798.5552309048197,38.6,28.4,30.0,2.9,32.9,19.699999999999996,Urban,,7.7052684730680845,,
Gakenke,Gakende,25527,41.90288835614229,609.1942823377747,43.6,29.4,24.2,2.7,26.9,18.58,Urban,,5.30234416309952,,
Gashenyi,Gakende,23528,41.34494959945679,569.0658769193208,40.1,28.3,28.9,2.7,31.599999999999998,19.419999999999998,Urban,,5.06374178066561,,
Janja,Gakende,15743,30.65775691000833,513.507887945339,29.6,38.2,28.2,4.0,32.2,20.66,Urban,,6.495856225692509,,
Kamubuga,Gakende,22768,34.6010463169173,658.0147834682145,32.6,27.1,32.8,7.5,40.3,21.519999999999996,Urban,,6.057308590807959,,
Karambo,Gakende,14483,21.58217769088982,671.0629579383689,37.3,28.4,31.1,3.3,34.4,20.060000000000002,Urban,,4.635238289453681,,
Kivuruga,Gakende,19357,31.390994595900466,616.6418187503987,48.4,23.8,25.3,2.5,27.8,18.19,Urban,,5.367308002881793,,
Mataba,Gakende,16334,32.77289782723078,498.3996253888843,22.3,32.8,37.7,7.2,44.900000000000006,22.98,Urban,,5.137112661525633,,
Minazi,Gakende,14455,47.18933417136087,306.31921924367214,38.5,30.9,27.6,3.0,30.6,19.51,Urban,,3.307894016878543,,
Mugunga,Gakende,20833,29.394808692469695,708.7305863411507,36.8,32.4,25.5,5.4,30.9,19.97,Urban,,5.93014884025932,,
Muhondo,Gakende,22312,54.56088375244885,408.9376576309318,59.8,22.0,17.2,1.0,18.2,15.939999999999998,Urban,,4.419974897609298,,
Muyongwe,Gakende,16754,34.086617105908836,491.51254722475034,41.1,30.0,26.6,2.4,29.0,19.05,Urban,3.304132826645741,3.635076311141927,0.34623765820320845,Very Low
Muzo,Gakende,22140,46.1763182333499,479.46655010727636,22.7,38.3,33.4,5.7,39.1,22.229999999999997,Urban,,4.765552956099805,,
Nemba,Gakende,17454,22.420142651178153,778.4963847713436,37.7,32.0,27.3,3.0,30.3,19.560000000000002,Urban,1.8226857291991805,5.926754210024023,0.39962634660280916,Low
Nemba,Burera,21077,22.420142651178153,940.0921451716289,39.0,27.3,29.1,4.5,33.6,19.89,Urban,1.8226857291991805,5.926754210024023,0.42840401825295826,Moderate
Ruli,Gakende,24995,47.38494740441265,527.4881870539415,63.9,21.4,12.9,1.8,14.700000000000001,15.26,Urban,,4.67816359387981,,
Rusasa,Gakende,18945,30.225699559809424,626.7845004716063,28.9,34.9,32.1,4.1,36.2,21.14,Urban,,6.167848358767063,,
Rushashi,Gakende,19637,40.34422612758531,486.73631606910976,49.2,28.6,20.9,1.3,22.2,17.43,Urban,,6.707212224291038,,
Busogo,Musanze,27750,20.130720264506586,1378.4901700177775,59.9,17.8,19.0,3.3,22.3,16.57,Urban,,4.1122636332661635,,
Cyuve,Musanze,61755,33.157198080936226,1862.4915123786084,60.7,16.5,18.2,4.6,22.799999999999997,16.669999999999998,Urban,,4.961350148005205,,
Gacaca,Musanze,29526,34.23611396173055,862.4226462443851,39.7,22.3,30.7,7.3,38.0,20.560000000000002,Urban,,3.695141387780055,,
Gashaki,Musanze,13835,29.34158339319075,471.5151126851138,51.7,22.9,23.2,2.2,25.4,17.589999999999996,Urban,,3.7080815460949164,,
Gataraga,Musanze,25323,48.60059066200996,521.043050198862,31.8,32.7,28.5,7.0,35.5,21.07,Peri-urban,,1.8199983615968107,,
Kimonyi,Musanze,22508,21.326039129215676,1055.423365943519,41.3,21.8,27.5,9.3,36.8,20.46,Urban,1.2226087185047587,3.8448651460086487,0.4719332089869223,High
Kinigi,Musanze,32793,80.72126888975582,406.2498081489115,43.2,26.0,26.4,4.4,30.799999999999997,19.2,Peri-urban,0.3308002971365134,1.8360426568108361,0.43968574104249813,Moderate
Muhoza,Musanze,67577,21.14940024959015,3195.2206304909078,78.9,10.8,8.7,1.7,10.399999999999999,13.34,Urban,,8.92214507414962,,
Muko,Musanze,27738,20.221839021507808,1371.6853333911943,45.6,22.5,25.7,6.2,31.9,19.249999999999996,Urban,,4.7875913002929975,,
Muko,Gicumbi,20209,20.221839021507808,999.365091300838,42.4,26.3,25.8,5.5,31.3,19.44,Urban,,4.7875913002929975,,
Musanze,Musanze,49323,32.892474701379605,1499.5223207675297,43.6,24.8,25.0,6.5,31.5,19.419999999999998,Urban,,4.35689836453838,,
Nkotsi,Musanze,18218,23.84933368718723,763.8787833216239,43.3,27.8,25.5,3.4,28.9,18.9,Urban,,4.285011419674931,,
Nyange,Ngororero,25927,54.951869866745454,471.8128803054602,32.3,34.1,28.8,4.8,33.6,20.610000000000003,Urban,,2.5495265879836264,,
Nyange,Musanze,32685,54.951869866745454,594.7932268594117,40.0,25.2,28.6,6.2,34.800000000000004,20.1,Urban,,2.5495265879836264,,
Remera,Gasabo,49371,25.78673438587726,1914.589077515734,90.8,6.7,2.1,0.4,2.5,11.209999999999999,Urban,,5.166414134461123,,
Remera,Musanze,19805,25.78673438587726,768.0305580239232,51.1,23.5,23.3,2.1,25.400000000000002,17.64,Urban,,5.166414134461123,,
Remera,Gatsibo,32297,25.78673438587726,1252.465687073903,35.4,23.3,30.7,10.7,41.4,21.689999999999998,Urban,,5.166414134461123,,
Remera,Ngoma,33049,25.78673438587726,1281.6279682975328,48.1,20.0,24.4,7.5,31.9,19.13,Urban,,5.166414134461123,,
Rwaza,Musanze,24168,27.693489466650863,872.6960908665433,39.8,26.7,28.8,4.8,33.6,19.880000000000003,Urban,1.1355145326907148,5.687688216644643,0.4460809791851465,Moderate
Shingiro,Musanze,24380,53.28049234889754,457.5783542004837,24.7,31.1,33.6,10.6,44.2,23.01,Peri-urban,,1.7817573034315923,,
Bungwe,Burera,15819,25.697921645020934,615.5750732886598,38.9,27.4,30.3,3.3,33.6,19.78,Urban,,3.0411632346561306,,
Butaro,Burera,34896,58.47580891713732,596.75959420158,42.2,25.5,27.9,4.4,32.3,19.45,Urban,,4.488763110809163,,
Cyanika,Nyamagabe,27403,39.99604009950238,685.1428274355826,40.6,27.7,27.3,4.5,31.8,19.59,Urban,,3.129973862526201,,
Cyanika,Burera,40938,39.99604009950238,1023.5513290354297,36.1,25.1,32.6,6.1,38.7,20.85,Urban,,3.129973862526201,,
Cyeru,Burera,14231,23.160975786088603,614.4387063582917,41.6,26.9,27.5,4.0,31.5,19.39,Urban,,4.558406084115311,,
Gahunga,Burera,26599,38.04820812841909,699.0867982593006,34.4,28.0,31.5,6.1,37.6,20.93,Urban,,2.138138671197491,,
Gatebe,Burera,18694,40.02474235969068,467.06109515965096,31.1,28.7,33.5,6.6,40.1,21.54,Peri-urban,1.26092521843082,1.9835203004190622,0.49166317686039185,Very High
Gitovu,Burera,11000,38.00304932383952,289.4504571531748,36.2,32.9,27.1,3.8,30.900000000000002,19.85,Peri-urban,,1.5405986752308116,,
Kagogo,Burera,21153,26.625714256319,794.4575607011114,33.1,28.2,32.3,6.4,38.699999999999996,21.2,Urban,0.5758550603171788,2.8993543738256187,0.502031331055327,Very High
Kinoni,Burera,18606,30.617972838929603,607.6822949017437,43.0,26.6,26.5,3.8,30.3,19.09,Urban,,2.5906218992399777,,
Kinyababa,Burera,21804,53.493058415110525,407.6042882199625,37.2,28.8,28.5,5.6,34.1,20.27,Urban,,2.7754935902242677,,
Kivuye,Burera,16462,36.73817023268368,448.08981764025845,46.7,21.4,27.7,4.2,31.9,18.939999999999998,Urban,0.7706290781089926,2.8641475702832433,0.4373739941578828,Moderate
Nemba,Gakende,17454,38.00379230750682,459.2699554500076,37.7,32.0,27.3,3.0,30.3,19.560000000000002,Urban,0.02187830313500751,3.5078024635658567,0.44442537246775493,Moderate
Nemba,Burera,21077,38.00379230750682,554.602546752596,39.0,27.3,29.1,4.5,33.6,19.89,Urban,0.02187830313500751,3.5078024635658567,0.47249426739945266,High
Rugarama,Burera,25451,32.88458557258914,773.9492396466329,38.0,29.9,28.5,3.6,32.1,19.77,Urban,0.8931944212644132,2.8108101756350092,0.4392173766289381,Moderate
Rugarama,Gatsibo,49927,32.88458557258914,1518.2493296073806,37.7,26.1,27.9,8.3,36.2,20.68,Urban,0.8931944212644132,2.8108101756350092,0.48078525826030427,High
Rugengabari,Burera,20121,29.616275457375956,679.3899533031541,32.3,32.3,31.6,3.8,35.4,20.690000000000005,Urban,,3.2152911299778184,,
Ruhunde,Burera,20297,43.23313082417019,469.47791226474465,35.3,31.6,28.7,4.4,33.1,20.22,Peri-urban,,1.9635757809739012,,
Rusarabuye,Burera,19473,42.204090613718385,461.4007722197034,44.4,26.0,26.2,3.4,29.599999999999998,18.86,Urban,,3.39236221617995,,
Rwerere,Burera,20397,48.296205524680374,422.33131523296805,41.3,26.6,27.5,4.6,32.1,19.540000000000003,Urban,2.833181156699314,3.058666405864701,0.3835164453245547,Low
Bukure,Gicumbi,19089,41.66686808769206,458.13378533335657,43.1,23.6,26.9,6.5,33.4,19.699999999999996,Urban,2.533059595458992,3.349973577995977,0.40259039129879415,Low
Bwisige,Gicumbi,17306,46.94619486391399,368.63477540972247,36.6,32.3,27.5,3.6,31.1,19.81,Urban,,2.7106262177052813,,
Byumba,Gicumbi,43033,48.24121610013817,892.0380429604623,57.0,21.7,18.0,3.3,21.3,16.759999999999998,Urban,0.29628352282956893,3.692280409315257,0.36793719783964657,Low
Cyumba,Gicumbi,16806,21.470008199189074,782.7663522100921,43.1,25.0,28.0,3.9,31.9,19.27,Urban,0.7770289669137987,2.378633258050565,0.44078247871106835,Moderate
Giti,Gicumbi,16650,36.29237675585537,458.7740315826438,35.0,25.0,30.5,9.5,40.0,21.45,Urban,,2.996954203321939,,
Kageyo,Ngororero,26231,31.485605855069338,833.1108545518643,35.0,31.4,28.9,4.7,33.6,20.33,Urban,,3.5826605451502624,,
Kageyo,Gicumbi,19969,31.485605855069338,634.2263220825047,39.9,28.4,27.4,4.3,31.7,19.61,Urban,,3.5826605451502624,,
Kageyo,Gatsibo,25167,31.485605855069338,799.3176347263455,31.2,26.4,32.0,10.5,42.5,22.2,Urban,,3.5826605451502624,,
Kaniga,Gicumbi,16006,39.046962524094596,409.91664819313985,48.3,23.0,24.7,4.0,28.7,18.439999999999998,Urban,3.176959981583321,2.2110537743366936,0.3463106997063887,Very Low
Manyagiro,Gicumbi,21908,29.832580290164984,734.3649053120118,37.1,26.3,31.3,5.2,36.5,20.44,Urban,0.38150377955623543,3.024638140631289,0.48855919901619543,High
Miyove,Gicumbi,20545,27.281462646339783,753.0754588319853,33.1,27.6,33.0,6.4,39.4,21.29,Urban,0.14529322268423317,4.198564205627818,0.5188539674050363,Very High
Mukarange,Gicumbi,17718,40.56710731017638,436.7577866602134,40.7,29.6,26.2,3.5,29.7,19.25,Urban,0.05134702623142912,2.766639984753282,0.43847756513687347,Moderate
Mukarange,Kayonza,58656,40.56710731017638,1445.9004816763447,61.9,16.5,16.1,5.5,21.6,16.520000000000003,Urban,0.05134702623142912,2.766639984753282,0.3828783066370529,Low
Muko,Musanze,27738,48.54437160799385,571.3947689752844,45.6,22.5,25.7,6.2,31.9,19.249999999999996,Urban,,2.537849997994159,,
Muko,Gicumbi,20209,48.54437160799385,416.2995488579393,42.4,26.3,25.8,5.5,31.3,19.44,Urban,,2.537849997994159,,
Mutete,Gicumbi,27950,56.51092077154532,494.59466627685055,43.5,26.6,24.8,5.1,29.9,19.15,Urban,2.77954429575018,3.705936429637197,0.36769265237304477,Low
Nyamiyaga,Kamonyi,46360,39.659856576788954,1168.9401828833725,34.8,29.2,28.2,7.8,36.0,20.9,Urban,,2.82649146729592,,
Nyamiyaga,Gicumbi,20217,39.659856576788954,509.7597859653395,35.0,25.5,32.4,7.1,39.5,21.16,Urban,,2.82649146729592,,
Nyankenke,Gicumbi,23376,31.927919742460205,732.1491719021329,38.5,28.3,30.1,3.2,33.300000000000004,19.82,Urban,1.9783589270809627,4.459589971133098,0.4195528740694172,Moderate
Rubaya,Gicumbi,11812,16.890208928776417,699.3400762423665,36.6,24.8,31.7,6.9,38.6,20.889999999999997,Urban,,3.057054855917607,,
Rukomo,Gicumbi,27674,51.50295055975539,537.3284384530888,38.1,31.8,25.3,4.8,30.1,19.68,Urban,,3.1772562420647414,,
Rukomo,Nyagatare,43649,51.50295055975539,847.5048424528031,47.7,22.2,24.8,5.4,30.200000000000003,18.810000000000002,Urban,,3.1772562420647414,,
Rushaki,Gicumbi,14571,47.01722080203355,309.9077263913861,43.5,27.0,26.0,3.5,29.5,18.95,Peri-urban,,1.658142606189641,,
Rutare,Gicumbi,27606,53.570730205067015,515.3187177834823,42.0,27.2,25.7,5.0,30.7,19.35,Urban,,3.020758446230745,,
Ruvune,Gicumbi,22324,58.575106040991635,381.1175345440667,36.2,27.4,29.6,6.8,36.4,20.7,Urban,,2.4339580514090224,,
Rwamiko,Gicumbi,14487,28.535283417341958,507.68726520500263,46.0,25.6,24.6,3.8,28.400000000000002,18.62,Urban,,3.350353954816737,,
Shangasha,Gicumbi,18082,32.85401116906691,550.3741965311309,40.7,31.5,25.3,2.5,27.8,18.96,Urban,2.8891048900391176,3.1980748317378804,0.34814287621995754,Very Low
Fumbwe,Rwamagana,33544,43.97384784343452,762.8170297816743,51.2,19.5,21.2,8.1,29.299999999999997,18.619999999999997,Urban,,3.957903227641764,,
Gahengeri,Rwamagana,36463,62.99603044036816,578.8142482170485,43.4,21.9,25.7,8.9,34.6,19.990000000000002,Urban,2.4761613866855283,3.1768378890873192,0.41524065624532736,Moderate
Gishali,Rwamagana,35720,45.106660526987774,791.9007876592495,52.8,20.3,20.7,6.3,27.0,18.07,Urban,,3.05868065333109,,
Karenge,Rwamagana,30062,63.353793180469246,474.50986737866765,55.0,21.0,20.7,3.3,24.0,17.23,Urban,,4.813772168260183,,
Kigabiro,Rwamagana,52218,37.73742083689652,1383.7193650750391,67.0,15.4,13.6,4.0,17.6,15.459999999999999,Urban,,4.745611798530828,,
Muhazi,Rwamagana,35984,57.59706011536412,624.7541094619377,60.7,18.6,16.5,4.2,20.7,16.419999999999998,Urban,,2.5925770481709978,,
Munyaga,Rwamagana,22272,41.58901414467911,535.5260387399559,37.6,22.1,32.0,8.2,40.2,21.06,Urban,,2.4857501680663763,,
Munyiginya,Rwamagana,25043,31.982142647859988,783.0307142250113,48.1,22.9,22.4,6.5,28.9,18.71,Urban,3.80144345163011,3.2661048098200567,0.33522152086872353,Very Low
Musha,Gisagara,29634,44.81867693590233,661.1975637384661,30.7,21.5,34.4,13.4,47.8,23.049999999999997,Urban,2.570358138167976,3.4691522989707955,0.5217966217325435,Very High
Musha,Rwamagana,27614,44.81867693590233,616.1270677287575,40.7,23.1,27.6,8.5,36.1,20.369999999999997,Urban,2.570358138167976,3.4691522989707955,0.42541289077244504,Moderate
Muyumbu,Rwamagana,60059,50.29394085738205,1194.1597531660648,63.3,18.5,14.5,3.6,18.1,15.819999999999999,Urban,,5.83678630349506,,
Mwulire,Rwamagana,34788,55.457311083970275,627.293305788411,52.8,20.5,20.5,6.3,26.8,18.05,Urban,,2.84702251189684,,
Nyakaliro,Rwamagana,38695,50.02019011248773,773.5876235772172,62.1,19.1,15.7,3.2,18.9,16.02,Urban,,4.320081453711709,,
Nzige,Rwamagana,20125,40.07281327278044,502.21080968303164,42.6,23.7,26.7,6.9,33.6,19.77,Urban,,3.21112743287223,,
Rubona,Rwamagana,31449,55.63269837883078,565.2970450192453,38.4,24.0,28.1,9.5,37.6,20.87,Urban,,3.2995380023445384,,
Gatunda,Nyagatare,36547,52.10602933770569,701.3967570457984,39.7,23.6,29.1,7.5,36.6,20.419999999999998,Urban,,3.150177872988935,,
Karama,Huye,17802,53.743464179871644,331.2402777092907,38.5,30.3,26.1,5.2,31.3,19.82,Urban,,2.876803208312498,,
Karama,Kamonyi,21261,53.743464179871644,395.60159220184414,50.3,25.5,21.6,2.7,24.3,17.69,Urban,,2.876803208312498,,
Karama,Nyagatare,33037,53.743464179871644,614.7166079475248,34.2,26.6,31.1,8.1,39.2,21.310000000000002,Urban,,2.876803208312498,,
Karangazi,Nyagatare,92748,550.2051887259069,168.56983885370778,34.7,23.6,27.9,13.8,41.7,22.079999999999995,Peri-urban,,1.7969219922272108,,
Katabagemu,Nyagatare,43261,98.01085267776921,441.38989528261135,38.2,25.0,28.5,8.3,36.8,20.689999999999998,Urban,,2.9229911126034813,,
Kiyombe,Nyagatare,19273,69.18752988163352,278.56175864310194,35.0,27.6,31.9,5.5,37.4,20.79,Peri-urban,1.9637229892692694,1.6130374942796333,0.44869953611392976,Moderate
Matimba,Nyagatare,28442,79.27948790703707,358.75610136825077,45.9,22.0,25.0,7.0,32.0,19.29,Urban,0.42258890064604776,3.752541557244242,0.4465563095920207,Moderate
Mimuri,Nyagatare,36771,47.724281809075784,770.4882840794728,36.5,24.7,29.2,9.6,38.8,21.19,Urban,,3.1004562865441203,,
Mukama,Nyagatare,26827,64.30428652249498,417.18836256141896,30.9,28.1,32.2,8.9,41.1,21.930000000000003,Urban,,2.2468383416398017,,
Musheri,Nyagatare,34116,96.38993150555457,353.9373819145626,29.9,25.2,32.3,12.6,44.9,22.759999999999998,Urban,1.3631598710648904,3.676727600812105,0.5270602625348378,Very High
Nyagatare,Nyagatare,82927,164.60104103817537,503.80604810857193,52.8,19.2,20.8,7.2,28.0,18.24,Urban,1.2052435867001496,3.4209418493281922,0.39436666958252975,Low
Rukomo,Gicumbi,27674,58.451918889781474,473.4489564351659,38.1,31.8,25.3,4.8,30.1,19.68,Urban,,3.5340588473793617,,
Rukomo,Nyagatare,43649,58.451918889781474,746.7505058697172,47.7,22.2,24.8,5.4,30.200000000000003,18.810000000000002,Urban,,3.5340588473793617,,
Rwempasha,Nyagatare,36543,168.41345099748182,216.98385600177747,37.6,25.0,25.4,11.9,37.3,21.139999999999997,Urban,2.3742194309285805,3.0502375647611704,0.43623084945798585,Moderate
Rwimiyaga,Nyagatare,77017,308.85694046738496,249.3614029960027,33.0,25.1,28.7,13.2,41.9,22.209999999999997,Urban,,2.667057059824351,,
Tabagwe,Nyagatare,50359,106.54817396380521,472.64066690722575,32.3,29.7,28.6,9.5,38.1,21.55,Urban,,3.2598812883346904,,
Gasange,Gatsibo,19365,38.24222937859365,506.3773821418396,30.3,25.3,30.9,13.5,44.4,22.759999999999998,Urban,,3.304972639250882,,
Gatsibo,Gatsibo,38071,61.33588633850886,620.696989522391,44.4,24.9,23.9,6.8,30.7,19.31,Urban,,3.0572347512356823,,
Gitoki,Gatsibo,43369,74.87480796770895,579.2201833586489,38.7,24.3,28.3,8.6,36.9,20.660000000000004,Urban,,2.9676089650484143,,
Kabarore,Gatsibo,69312,210.29784119629343,329.58968863262703,42.9,22.9,24.6,9.7,34.3,20.130000000000003,Urban,0.04232341634146015,2.4848896809922767,0.4752777633761395,High
Kageyo,Ngororero,26231,56.00246270107285,468.3901159849795,35.0,31.4,28.9,4.7,33.6,20.33,Urban,,2.5607834723263805,,
Kageyo,Gicumbi,19969,56.00246270107285,356.57360474644713,39.9,28.4,27.4,4.3,31.7,19.61,Urban,,2.5607834723263805,,
Kageyo,Gatsibo,25167,56.00246270107285,449.3909515075284,31.2,26.4,32.0,10.5,42.5,22.2,Urban,,2.5607834723263805,,
Kiramuruzi,Gatsibo,40762,60.43706886653776,674.4536219983482,37.2,27.2,26.7,8.9,35.6,20.73,Urban,0.4700390651037886,3.167908528971132,0.47817093169461733,High
Kiziguro,Gatsibo,39958,61.41187219851127,650.6559492411737,45.6,23.1,24.0,7.3,31.3,19.3,Urban,2.2888777047202793,3.189736225156111,0.39397412903684814,Low
Muhura,Gatsibo,33436,55.73016708533265,599.9623139260219,36.9,22.9,29.6,10.6,40.2,21.39,Urban,,2.6883748305840918,,
Murambi,Karongi,23012,59.7583149898254,385.084485797802,33.4,33.5,27.6,5.5,33.1,20.520000000000003,Urban,2.2008573440670434,2.9345004113034285,0.4082441687973317,Low
Murambi,Rulindo,27315,59.7583149898254,457.09120152820105,53.5,21.8,20.1,4.6,24.700000000000003,17.580000000000002,Urban,2.2008573440670434,2.9345004113034285,0.3401619217158158,Very Low
Murambi,Gatsibo,36887,59.7583149898254,617.2697474197603,34.5,28.0,29.5,8.0,37.5,21.1,Urban,2.2008573440670434,2.9345004113034285,0.4467932867454728,Moderate
Ngarama,Gatsibo,38843,58.443769059248716,664.6217488235917,35.0,24.9,29.9,10.2,40.099999999999994,21.53,Urban,,2.8352736887930132,,
Nyagihanga,Gatsibo,30114,71.9170725266387,418.73228347615947,32.8,24.6,33.8,8.7,42.5,21.82,Urban,,2.326833649002406,,
Remera,Gasabo,49371,52.26622282186605,944.606235814408,90.8,6.7,2.1,0.4,2.5,11.209999999999999,Urban,,3.089757174244607,,
Remera,Musanze,19805,52.26622282186605,378.9254116850854,51.1,23.5,23.3,2.1,25.400000000000002,17.64,Urban,,3.089757174244607,,
Remera,Gatsibo,32297,52.26622282186605,617.9325433573948,35.4,23.3,30.7,10.7,41.4,21.689999999999998,Urban,,3.089757174244607,,
Remera,Ngoma,33049,52.26622282186605,632.3204206402619,48.1,20.0,24.4,7.5,31.9,19.13,Urban,,3.089757174244607,,
Rugarama,Burera,25451,75.5023914842769,337.0886603677988,38.0,29.9,28.5,3.6,32.1,19.77,Urban,0.9640776109140268,2.7274969780990084,0.43264676693915205,Moderate
Rugarama,Gatsibo,49927,75.5023914842769,661.263822489611,37.7,26.1,27.9,8.3,36.2,20.68,Urban,0.9640776109140268,2.7274969780990084,0.46972082837223816,High
Rwimbogo,Rusizi,18710,647.7987200369934,28.882428169866625,46.1,21.8,26.8,5.3,32.1,19.130000000000003,Peri-urban,,0.8955810473080916,,
Rwimbogo,Gatsibo,47136,647.7987200369934,72.76334228833956,30.8,29.7,30.1,9.4,39.5,21.810000000000002,Peri-urban,,0.8955810473080916,,
Gahini,Kayonza,44585,201.6622634948527,221.08747183202178,38.6,23.3,27.2,10.9,38.1,21.04,Peri-urban,5.974085646453491,1.724978985169698,0.34645174450678795,Very Low
Kabare,Kayonza,40334,110.69414879257143,364.37336968534305,33.1,25.4,31.6,9.8,41.400000000000006,21.79,Urban,0.37907724599925324,2.3591237716164937,0.5248305259370313,Very High
Kabarondo,Kayonza,39019,54.423224711708016,716.9549435317801,49.9,21.1,22.1,6.9,29.0,18.6,Urban,1.7045417921545774,2.7931611310374187,0.39147544324410416,Low
Mukarange,Gicumbi,17718,53.822812398393474,329.1912705871322,40.7,29.6,26.2,3.5,29.7,19.25,Urban,0.0608142263195467,4.194704920625979,0.4370735233063975,Moderate
Mukarange,Kayonza,58656,53.822812398393474,1089.7981243683726,61.9,16.5,16.1,5.5,21.6,16.520000000000003,Urban,0.0608142263195467,4.194704920625979,0.37881582844793726,Low
Murama,Kayonza,23624,69.05370365131847,342.1105422424209,43.9,24.4,26.3,5.4,31.700000000000003,19.32,Urban,,2.2436823739338925,,
Murama,Ngoma,27846,69.05370365131847,403.2513612970899,46.1,22.7,25.6,5.6,31.200000000000003,19.07,Urban,,2.2436823739338925,,
Murundi,Karongi,28174,490.93059941901714,57.38896706243613,20.9,34.4,34.7,10.0,44.7,23.380000000000003,Peri-urban,0.6317208516633268,1.0497788084207775,0.5418319727791873,Very High
Murundi,Kayonza,56261,490.93059941901714,114.60071966705895,29.2,25.7,32.5,12.6,45.1,22.85,Peri-urban,0.6317208516633268,1.0497788084207775,0.545722620538751,Very High
Mwiri,Kayonza,35228,514.8152980870472,68.42842497280161,38.9,23.2,28.0,9.8,37.8,20.85,Peri-urban,,0.8643291537249052,,
Ndego,Kayonza,23848,177.06848515950324,134.6823517381861,27.7,29.9,32.6,9.9,42.5,22.49,Peri-urban,,1.6460408471198134,,
Nyamirama,Kayonza,38763,61.07543628255788,634.6741400367215,44.2,22.1,25.6,8.1,33.7,19.76,Urban,0.8996503992823599,2.754698695459099,0.4506695419286733,High
Rukara,Kayonza,37323,64.36416482083402,579.8723576060281,45.8,25.3,22.2,6.7,28.9,18.98,Urban,,3.769335934240981,,
Ruramira,Kayonza,21972,41.56751723925459,528.5858155427811,32.0,24.5,33.1,10.4,43.5,22.19,Urban,5.383101363496202,2.0746236285888915,0.4098257741497997,Low
Rwinkwavu,Kayonza,36975,92.30863948293575,400.55838984427055,38.4,25.2,27.7,8.7,36.4,20.669999999999998,Urban,0.2370679651926836,2.4140972167603496,0.48803602862198886,High
Gahara,Kirehe,44137,106.32887443758938,415.0989111232112,35.0,20.1,34.9,10.0,44.9,21.99,Urban,,2.262303929887554,,
Gatore,Kirehe,31413,63.97198559230887,491.043066885463,42.6,23.1,26.2,8.2,34.4,20.02,Urban,5.128180350788288,2.2555154677146323,0.3416591205770357,Very Low
Kigarama,Kicukiro,70740,115.69742185408116,611.4224402443302,86.4,8.8,3.9,0.8,4.7,11.89,Urban,6.5811982563771,2.0464265534071973,0.06060200672094776,Very Low
Kigarama,Kirehe,37679,115.69742185408116,325.66844961784165,34.7,24.3,32.6,8.4,41.0,21.47,Urban,6.5811982563771,2.0464265534071973,0.3550864541171407,Very Low
Kigina,Kirehe,35632,66.87703648299487,532.7987284403715,45.7,23.3,24.4,6.6,31.0,19.189999999999998,Urban,,2.9100771972850414,,
Kirehe,Kirehe,30473,49.118680695319156,620.3953275745041,48.6,24.2,21.8,5.3,27.1,18.36,Urban,,3.5074149885690042,,
Mahama,Kirehe,75542,64.74748859120297,1166.7170672356185,64.1,12.1,20.6,3.2,23.8,16.29,Urban,2.775870419354504,3.690418007640935,0.32498029776987364,Very Low
Mpanga,Kirehe,39346,248.60745342243604,158.26556870418088,33.9,25.4,32.0,8.6,40.6,21.509999999999998,Peri-urban,2.1253445157210256,1.5530735558577604,0.4693151642088874,High
Musaza,Kirehe,30401,91.41273212371492,332.5685524731534,38.4,23.3,29.8,8.5,38.3,20.84,Urban,7.479221404445531,2.1923372833180608,0.30898605022891773,Very Low
Mushikiri,Kirehe,32965,94.91735438048194,347.3021368448367,40.4,25.4,27.7,6.5,34.2,20.029999999999998,Urban,,2.3547393443590754,,
Nasho,Kirehe,33588,103.12979866712492,325.6866631574932,39.6,26.3,27.0,7.2,34.2,20.2,Urban,0.009098606578511043,2.296211827460659,0.475305881477823,High
Nyamugari,Kirehe,42145,97.93349203166412,430.34307391360625,35.7,24.5,30.4,9.4,39.8,21.35,Urban,,3.8254265013626974,,
Nyarubuye,Kirehe,22064,85.91087883064708,256.82428465775496,37.5,24.5,30.0,8.0,38.0,20.85,Urban,6.024785470885942,2.053174830861384,0.34465692456911284,Very Low
Gashanda,Ngoma,20233,38.29052036075362,528.4075486406313,39.8,23.1,29.1,8.0,37.1,20.53,Urban,,3.2893274964807415,,
Jarama,Ngoma,31001,91.25046759944657,339.73524536972366,24.9,22.7,34.9,17.5,52.4,24.5,Peri-urban,,1.8149867555267947,,
Karembo,Ngoma,17918,36.851936901813374,486.2159632949526,40.5,23.1,26.8,9.5,36.3,20.51,Urban,,2.661251740481049,,
Kazo,Ngoma,33073,70.07559788989863,471.9617241363196,40.8,23.4,27.1,8.7,35.8,20.369999999999997,Urban,6.627112283426501,2.5104589899844916,0.31279904224658256,Very Low
Kibungo,Ngoma,30989,43.366242465642166,714.5880813757774,63.9,16.2,16.1,3.8,19.900000000000002,15.98,Urban,0.7646193403994336,3.1311151453843533,0.3420248085008015,Very Low
Mugesera,Ngoma,29814,73.26014494934674,406.96070176511233,36.9,24.6,30.4,8.2,38.599999999999994,21.009999999999998,Urban,,2.866786060415004,,
Murama,Kayonza,23624,51.175706797813014,461.6252803959235,43.9,24.4,26.3,5.4,31.700000000000003,19.32,Urban,0.11788442755888263,2.3569051496931386,0.45335557293468476,High
Murama,Ngoma,27846,51.175706797813014,544.1253622546938,46.1,22.7,25.6,5.6,31.200000000000003,19.07,Urban,0.11788442755888263,2.3569051496931386,0.45013966535337835,High
Mutenderi,Ngoma,25739,75.55609034779636,340.66082405163377,42.3,23.9,26.7,7.0,33.7,19.82,Peri-urban,,1.440167674491093,,
Remera,Gasabo,49371,50.415003852747226,979.2918025793161,90.8,6.7,2.1,0.4,2.5,11.209999999999999,Urban,2.4660103357674314,3.282145841114266,0.15668134372111592,Very Low
Remera,Musanze,19805,50.415003852747226,392.83940268747557,51.1,23.5,23.3,2.1,25.400000000000002,17.64,Urban,2.4660103357674314,3.282145841114266,0.3381133379987713,Very Low
Remera,Gatsibo,32297,50.415003852747226,640.6227815499823,35.4,23.3,30.7,10.7,41.4,21.689999999999998,Urban,2.4660103357674314,3.282145841114266,0.47191126670980477,High
Remera,Ngoma,33049,50.415003852747226,655.5389759867902,48.1,20.0,24.4,7.5,31.9,19.13,Urban,2.4660103357674314,3.282145841114266,0.3942019636881102,Low
Rukira,Ngoma,29946,68.54148507982624,436.9032851436419,49.7,22.0,23.7,4.6,28.299999999999997,18.32,Urban,,2.226728557400242,,
Rukumberi,Ngoma,39946,85.95683328712762,464.72163378291964,27.1,21.4,31.5,20.0,51.5,24.44,Urban,,2.3768390286461765,,
Rurenge,Ngoma,33876,65.15623254939423,519.9195637089509,37.4,25.9,29.4,7.3,36.699999999999996,20.66,Urban,5.831277065349044,2.720479505621309,0.341996219424325,Very Low
Sake,Ngoma,28710,57.015039250082275,503.5513502686674,33.9,22.1,30.1,13.9,44.0,22.400000000000002,Urban,,3.2830265002287904,,
Zaza,Ngoma,28074,61.542026321466665,456.17607475832204,38.9,23.8,26.9,10.3,37.2,20.84,Urban,,2.910006032297299,,
Gashora,Bugesera,33560,98.8098053587829,339.6424057120861,51.5,21.5,20.2,6.8,27.0,18.23,Urban,2.483092001850843,2.6177082380474586,0.3502017433159028,Very Low
Juru,Bugesera,34020,81.32042408305159,418.3450883784838,31.2,27.6,30.3,10.9,41.2,22.089999999999996,Urban,,4.101172844438498,,
Kamabuye,Bugesera,23660,101.81193770213044,232.38925153572546,31.4,26.9,30.5,11.2,41.7,22.150000000000002,Peri-urban,,1.9354672863178266,,
Mareba,Bugesera,28866,55.903466856247306,516.3543805651148,29.9,21.7,32.9,15.4,48.3,23.36,Urban,,5.034171908989649,,
Mayange,Bugesera,53266,146.76055892412566,362.94492464789676,63.1,18.3,15.0,3.6,18.6,15.91,Urban,1.7230267953665441,2.6318145010018257,0.3019480073409556,Very Low
Musenyi,Bugesera,39886,87.44118626560775,456.1466021154371,32.7,23.8,31.5,12.0,43.5,22.28,Urban,,3.3794818254082943,,
Mwogo,Bugesera,31373,52.35073896099037,599.2847593493929,30.6,27.0,30.4,12.0,42.4,22.38,Urban,,4.134386166424979,,
Ngeruka,Bugesera,35192,92.27259239299951,381.3916905045135,28.5,23.0,33.4,15.1,48.5,23.509999999999998,Urban,0.9069005868460519,3.0251723097852445,0.5690776978017269,Very High
Ntarama,Bugesera,50127,63.927551225264246,784.1220106079982,54.2,17.9,18.2,9.7,27.9,18.339999999999996,Urban,,4.152257467995786,,
Nyamata,Bugesera,85982,94.87788923612673,906.2385419010835,67.9,15.7,12.5,3.9,16.4,15.24,Urban,0.5423828125867244,4.563423800663733,0.3213362620641204,Very Low
Nyarugenge,Nyarugenge,20673,46.275021061482654,446.7420981296391,90.6,7.0,2.2,0.2,2.4000000000000004,11.2,Urban,0.1770347167852996,2.8266095579172403,0.21144879246646717,Very Low
Nyarugenge,Bugesera,25347,46.275021061482654,547.7469143951996,32.0,24.0,31.0,13.0,44.0,22.5,Urban,0.1770347167852996,2.8266095579172403,0.5535127859596838,Very High
Rilima,Bugesera,28818,81.46656240205152,353.7402235996924,58.0,21.1,16.8,4.1,20.9,16.7,Urban,5.984509480885395,3.763416128669274,0.2066079628837519,Very Low
Ruhuha,Bugesera,28654,43.15662026994683,663.9537531152298,44.2,21.4,24.8,9.5,34.3,19.939999999999998,Urban,0.8251966533173872,5.181935095605687,0.45789413496901454,High
Rweru,Bugesera,35800,215.36493002620426,166.22947847471767,32.0,23.3,29.1,15.6,44.7,22.830000000000002,Peri-urban,,1.4554372160791655,,
Shyara,Bugesera,16366,31.432884483600745,520.6649109323237,25.6,23.9,34.1,16.4,50.5,24.13,Urban,,3.023657858365537,,
