Name,Dist_ID,District,Prov_ID,Province,Sect_ID,NO2_mean,CO_mean,SO2_mean,O3_mean
Gitega,11,Nyarugenge,1,Kigali City,1101,4.7204892769707605e-05,0.032416346823879824,-1.6278874108795395e-05,0.11869198085956659
Kanyinya,11,Nyarugenge,1,Kigali City,1102,4.5618132872663294e-05,0.03217397265440219,-4.993181286452224e-06,0.11849877372989003
Kigali,11,Nyarugenge,1,Kigali City,1103,4.5236953110950114e-05,0.03233535928314334,4.987176781277756e-05,0.11854503797853214
Kimisagara,11,Nyarugenge,1,Kigali City,1104,4.732784807820984e-05,0.03245541464251913,-1.0373426821996028e-05,0.11864960451109184
Mageregere,11,Nyarugenge,1,Kigali City,1105,4.279944990604394e-05,0.031886945488887784,1.5263555179518483e-05,0.11856191203176919
Muhima,11,Nyarugenge,1,Kigali City,1106,4.783364183349214e-05,0.03244612944894506,-1.555608505667072e-05,0.1187007678706379
Nyakabanda,11,Nyarugenge,1,Kigali City,1107,4.613305565668432e-05,0.03214830926545977,2.3581299014214376e-05,0.11862047456166763
Nyamirambo,11,Nyarugenge,1,Kigali City,1108,4.4322788528875963e-05,0.03190597077507699,5.612791488413861e-05,0.1185691520213029
Nyarugenge,11,Nyarugenge,1,Kigali City,1109,4.6945337949247754e-05,0.03226632215685583,-3.937970319450871e-06,0.11869522481604695
Rwezamenyo,11,Nyarugenge,1,Kigali City,1110,4.588830659585641e-05,0.03204763935767683,7.434501462290714e-06,0.11864124967380264
Bumbogo,12,Gasabo,1,Kigali City,1201,4.301874610443568e-05,0.031075806095967943,6.9153758117675765e-06,0.11850547627877181
Gatsata,12,Gasabo,1,Kigali City,1202,4.767222932844051e-05,0.03234168463044641,-3.253808523184595e-05,0.1186316221080601
Gikomero,12,Gasabo,1,Kigali City,1203,4.1946521105619845e-05,0.03075385558548793,-2.3388060169349255e-06,0.11842283506575335
Gisozi,12,Gasabo,1,Kigali City,1204,4.767056000036503e-05,0.0322458587878145,-3.728895065047392e-06,0.11866515479271457
Jabana,12,Gasabo,1,Kigali City,1205,4.485983180170438e-05,0.0313364609949171,1.698143320842242e-05,0.11858375086703248
Jali,12,Gasabo,1,Kigali City,1206,4.498400761115011e-05,0.031446223199540865,-2.883314088387485e-07,0.11849263332469956
Kacyiru,12,Gasabo,1,Kigali City,1207,4.781115850154883e-05,0.03234445675766369,2.3565100267664867e-05,0.11867903657530791
Kimihurura,12,Gasabo,1,Kigali City,1208,4.708270561228845e-05,0.03212950994810602,2.12078519282382e-05,0.11871233292516171
Kimironko,12,Gasabo,1,Kigali City,1209,4.546386313500543e-05,0.03215499038313895,2.4213497013209404e-05,0.11862311799157906
Kinyinya,12,Gasabo,1,Kigali City,1210,4.636025600490954e-05,0.031907646226661986,1.159535924989459e-05,0.11864403922724479
Ndera,12,Gasabo,1,Kigali City,1211,4.372119121627608e-05,0.0315882576782023,1.9928269299055267e-05,0.11852409208523743
Nduba,12,Gasabo,1,Kigali City,1212,4.3405536332224985e-05,0.03110168725679654,2.3919487290086546e-05,0.11857514510648241
Remera,12,Gasabo,1,Kigali City,1213,4.647473820432432e-05,0.03215421767332353,3.2002402109845424e-05,0.11865624368606664
Rusororo,12,Gasabo,1,Kigali City,1214,4.269022595468998e-05,0.03146931544544696,7.477441174977531e-06,0.11849669738725618
Rutunga,12,Gasabo,1,Kigali City,1215,4.1570211067195273e-05,0.030506589341599437,7.3163837569578535e-06,0.11844756361017765
Gahanga,13,Kicukiro,1,Kigali City,1301,4.2915792324999886e-05,0.03160500679927388,-3.2938453162770956e-06,0.11863563767888648
Gatenga,13,Kicukiro,1,Kigali City,1302,4.412905327084802e-05,0.031556860328490796,4.055521855314537e-05,0.11871912128563122
Gikondo,13,Kicukiro,1,Kigali City,1303,4.587247221071622e-05,0.03176028962419108,1.0534955638669317e-05,0.11870602285816743
Kagarama,13,Kicukiro,1,Kigali City,1304,4.393835400454198e-05,0.03159157317124455,5.047245297144828e-06,0.11870314086165504
Kanombe,13,Kicukiro,1,Kigali City,1305,4.2982835161475305e-05,0.03171790612313615,-9.381377475273328e-06,0.11861074464990008
Kicukiro,13,Kicukiro,1,Kigali City,1306,4.6155679300515924e-05,0.03178528847933328,1.6309683561668382e-05,0.11869518718649273
Kigarama,13,Kicukiro,1,Kigali City,1307,4.467910270075269e-05,0.03174343798252976,3.693966033545671e-05,0.11864627267055644
Masaka,13,Kicukiro,1,Kigali City,1308,4.167488567547898e-05,0.03166893436242353,-1.7275701137088824e-05,0.11853649071741788
Niboye,13,Kicukiro,1,Kigali City,1309,4.5039372450488786e-05,0.03168336806088376,2.7642101832648526e-05,0.11867942678563154
Nyarugunga,13,Kicukiro,1,Kigali City,1310,4.382096646712275e-05,0.03168147612233698,-1.0997943752339734e-05,0.1186288847111884
Busasamana,21,Nyanza,2,Southern Province,2101,4.261752611400973e-05,0.030888426201016145,9.462025149646895e-06,0.11860529576373338
Busoro,21,Nyanza,2,Southern Province,2102,4.2971915024223105e-05,0.032511571707493477,4.9514383420276635e-05,0.11860782807616231
Cyabakamyi,21,Nyanza,2,Southern Province,2103,4.160452513803587e-05,0.030909767921747985,2.020257438194747e-05,0.11862916319124386
Kibilizi,21,Nyanza,2,Southern Province,2104,4.3483288567627384e-05,0.03230431624608269,1.7704477430777125e-05,0.11864747109999126
Kigoma,21,Nyanza,2,Southern Province,2105,4.244865374606512e-05,0.031431202114887064,1.6672132258887902e-05,0.11863293319944998
Mukingo,21,Nyanza,2,Southern Province,2106,4.186523226438145e-05,0.030738575133621462,1.53834223002199e-05,0.11858445597172898
Muyira,21,Nyanza,2,Southern Province,2107,4.3023789813894175e-05,0.03170579379448886,1.1880954355339594e-05,0.11866296254120454
Ntyazo,21,Nyanza,2,Southern Province,2108,4.314460821466463e-05,0.03205591010630551,2.1206666257667306e-05,0.11864353846620312
Nyagisozi,21,Nyanza,2,Southern Province,2109,4.2104872575481924e-05,0.030701682326442183,2.6488176950406914e-05,0.11860960980693742
Rwabicuma,21,Nyanza,2,Southern Province,2110,4.2265747060539904e-05,0.030896687699396647,2.4768331362709553e-05,0.11862078654081482
Gikonko,22,Gisagara,2,Southern Province,2201,4.320605330841819e-05,0.03185601848402398,6.693693754925463e-06,0.11864951338602564
Gishubi,22,Gisagara,2,Southern Province,2202,4.362870190486863e-05,0.03195166813024807,1.8234589605171e-05,0.1185746779552359
Kansi,22,Gisagara,2,Southern Province,2203,4.14154818116103e-05,0.0312170377939193,3.8344728568220765e-07,0.11868957877492492
Kibirizi,22,Gisagara,2,Southern Province,2204,4.2076679130162387e-05,0.030974881356911666,2.6539091507062667e-05,0.11867052121633107
Kigembe,22,Gisagara,2,Southern Province,2205,4.205107112290321e-05,0.03146864835153033,1.5153788345107995e-05,0.11868764477154269
Mamba,22,Gisagara,2,Southern Province,2206,4.3755709904726946e-05,0.0322345934574765,1.633663928817851e-05,0.11867986722660634
Muganza,22,Gisagara,2,Southern Province,2207,4.341055308020885e-05,0.031753597117226945,2.0020502279322743e-05,0.11867962314499074
Mugombwa,22,Gisagara,2,Southern Province,2208,4.214432393389272e-05,0.031575104737196616,3.978184610165768e-05,0.11873774839264067
Mukindo,22,Gisagara,2,Southern Province,2209,4.336066002950072e-05,0.03179420211657597,6.428091410775828e-06,0.11876789272374126
Musha,22,Gisagara,2,Southern Province,2210,4.27459936441113e-05,0.03151947051945668,1.9279589696288978e-05,0.11865148471963799
Ndora,22,Gisagara,2,Southern Province,2211,4.2440825637000066e-05,0.031415677423783095,1.577920723985176e-05,0.11864594440492261
Nyanza,22,Gisagara,2,Southern Province,2212,4.317558940768747e-05,0.03128627924329231,1.4151559458791736e-06,0.11869768905908426
Save,22,Gisagara,2,Southern Province,2213,4.173088955238931e-05,0.030784834013823766,7.550476635145451e-06,0.11865285341891121
Busanze,23,Nyaruguru,2,Southern Province,2301,4.187280483187138e-05,0.028725611381530968,-2.311114345117458e-05,0.11854779174821382
Cyahinda,23,Nyaruguru,2,Southern Province,2302,4.124722525915299e-05,0.029970661793282786,1.9136330856702645e-05,0.11852576745922555
Kibeho,23,Nyaruguru,2,Southern Province,2303,4.1077217182945835e-05,0.02959855575067921,2.4112560437011203e-05,0.11856909846212725
Kivu,23,Nyaruguru,2,Southern Province,2304,3.9940956450245685e-05,0.027118807645947377,3.0094014817101072e-06,0.1183539620451363
Mata,23,Nyaruguru,2,Southern Province,2305,4.130286442915778e-05,0.02934690274603607,-5.0643412860097985e-06,0.1185825761370755
Muganza,23,Nyaruguru,2,Southern Province,2306,4.033661928240783e-05,0.02756855510766057,-7.548344253705883e-06,0.11837873997509095
Munini,23,Nyaruguru,2,Southern Province,2307,4.110058524240083e-05,0.02944409824275897,1.1134953031365966e-06,0.11850789194158448
Ngera,23,Nyaruguru,2,Southern Province,2308,4.1756099312337384e-05,0.030845513124550063,1.7726974157210616e-05,0.11860187072093321
Ngoma,23,Nyaruguru,2,Southern Province,2309,4.226611131511894e-05,0.03080534936248029,2.8820622765536377e-05,0.11861484818139746
Nyabimata,23,Nyaruguru,2,Southern Province,2310,4.06400979943851e-05,0.02714060069642538,2.187153989123487e-06,0.11838146026239933
Nyagisozi,23,Nyaruguru,2,Southern Province,2311,4.117451672360859e-05,0.03033449205726118,9.642954935869407e-06,0.11857932679909611
Ruheru,23,Nyaruguru,2,Southern Province,2312,4.097015354439064e-05,0.027655479710270936,3.045287722855654e-06,0.11846922953552373
Ruramba,23,Nyaruguru,2,Southern Province,2313,4.1209374470789045e-05,0.028707988148683874,-1.265389398214256e-06,0.11855329005222419
Rusenge,23,Nyaruguru,2,Southern Province,2314,4.1175537217104845e-05,0.030210546052971163,5.89812379773584e-06,0.11856730318361997
Gishamvu,24,Huye,2,Southern Province,2401,4.1874181027095704e-05,0.030364031190841963,1.5051414578595294e-05,0.11867547079015915
Huye,24,Huye,2,Southern Province,2402,4.292708182377365e-05,0.03015949998446598,6.18524097853312e-05,0.11866744855576229
Karama,24,Huye,2,Southern Province,2403,4.170547760194256e-05,0.02981828701009505,7.655293937812425e-06,0.11867435705066756
Kigoma,24,Huye,2,Southern Province,2404,4.181987117079578e-05,0.030413729461179227,-2.526537498530549e-05,0.11861072986545247
Kinazi,24,Huye,2,Southern Province,2405,4.250636025417937e-05,0.03108409933571413,1.2080998168781762e-05,0.11860523766339104
Maraba,24,Huye,2,Southern Province,2406,4.258446715775513e-05,0.029833324365963292,1.433010584446799e-05,0.11863693446023765
Mbazi,24,Huye,2,Southern Province,2407,4.256770275348172e-05,0.030367604209576494,3.2377716211876175e-05,0.1186583125001251
Mukura,24,Huye,2,Southern Province,2408,4.197968588597629e-05,0.030726192687224194,4.466689928706852e-06,0.11865159352586219
Ngoma,24,Huye,2,Southern Province,2409,4.3208033937373396e-05,0.03035987330858068,3.065464117142769e-05,0.11868753087922905
Ruhashya,24,Huye,2,Southern Province,2410,4.208427342254585e-05,0.030611261231510818,3.0562652241876316e-05,0.11864530451069322
Rusatira,24,Huye,2,Southern Province,2411,4.2526162539344864e-05,0.031039592728458413,3.4925293040125824e-05,0.11859848218175517
Rwaniro,24,Huye,2,Southern Province,2412,4.214302774329873e-05,0.030958316213641354,-1.2567299619269384e-05,0.11855079051714633
Simbi,24,Huye,2,Southern Province,2413,4.243011827341542e-05,0.030429923091798174,-1.908259667582391e-05,0.11864575712226048
Tumba,24,Huye,2,Southern Province,2414,4.257203165233927e-05,0.030532784668800408,3.300358960304614e-05,0.11867184379400783
Buruhukiro,25,Nyamagabe,2,Southern Province,2501,3.972195549239875e-05,0.026600810042314245,2.162116548379288e-05,0.11837100734597222
Cyanika,25,Nyamagabe,2,Southern Province,2502,4.180331033706739e-05,0.030152462236188643,-1.031279969159121e-05,0.11864889983490942
Gasaka,25,Nyamagabe,2,Southern Province,2503,4.138636464351842e-05,0.029588301397563348,-2.825009792403325e-05,0.1186332291621873
Gatare,25,Nyamagabe,2,Southern Province,2504,4.023037721360207e-05,0.027064694860527178,2.722986160220635e-05,0.11838888068201331
Kaduha,25,Nyamagabe,2,Southern Province,2505,4.229176911013453e-05,0.029569899982145372,-4.651459619648529e-06,0.11859452129657898
Kamegeri,25,Nyamagabe,2,Southern Province,2506,4.235957458757046e-05,0.02944733108867754,2.0488471335628853e-05,0.11862058077749144
Kibirizi,25,Nyamagabe,2,Southern Province,2507,4.165790871433615e-05,0.02901317680892848,-9.463332551204063e-06,0.11859712116744041
Kibumbwe,25,Nyamagabe,2,Southern Province,2508,4.263520371671945e-05,0.029258290568145294,9.495615451267427e-06,0.11861509428719161
Kitabi,25,Nyamagabe,2,Southern Province,2509,4.026374811463665e-05,0.027139991875082387,3.216800838232671e-05,0.11844039009930325
Mbazi,25,Nyamagabe,2,Southern Province,2510,4.183372713561673e-05,0.03014791854351068,1.1669166508822057e-05,0.11863752934113544
Mugano,25,Nyamagabe,2,Southern Province,2511,4.226177648107965e-05,0.030053613458234877,-8.469808426168027e-06,0.1186810325085178
Musange,25,Nyamagabe,2,Southern Province,2512,4.163253933456947e-05,0.030881441615984537,-1.3453541032317449e-05,0.11858126579784392
Musebeya,25,Nyamagabe,2,Southern Province,2513,4.180893250264487e-05,0.0282736650163161,2.2481215120797735e-05,0.1185173285566113
Mushubi,25,Nyamagabe,2,Southern Province,2514,4.150565103840139e-05,0.029063364300576332,1.9294207951938366e-05,0.11851294361092295
Nkomane,25,Nyamagabe,2,Southern Province,2515,4.138199351665996e-05,0.027468685925392942,2.0628619654399826e-05,0.1184368900315294
Tare,25,Nyamagabe,2,Southern Province,2516,4.153681359541207e-05,0.028454912643490815,3.361506487718784e-05,0.11865549342457368
Uwinkingi,25,Nyamagabe,2,Southern Province,2517,4.0274786351120315e-05,0.027122368154933768,1.3532543241073231e-05,0.11845026453156408
Bweramana,26,Ruhango,2,Southern Province,2601,4.1409203095655835e-05,0.03085190918020073,2.0686012122669704e-05,0.118549299915656
Byimana,26,Ruhango,2,Southern Province,2602,4.1982432655766566e-05,0.030535661341012557,1.3828363436174715e-05,0.11850178464006518
Kabagali,26,Ruhango,2,Southern Province,2603,4.203030544107307e-05,0.03097086729203141,2.4628650242927606e-05,0.11857046664246942
Kinazi,26,Ruhango,2,Southern Province,2604,4.329492088870418e-05,0.032068193437946764,5.686518011273122e-06,0.11854778774997783
Kinihira,26,Ruhango,2,Southern Province,2605,4.167554922786731e-05,0.031109976671493494,1.4603500274838026e-05,0.11856106176662197
Mbuye,26,Ruhango,2,Southern Province,2606,4.1867476840243165e-05,0.031487287377035024,3.276130161274103e-05,0.11850901182219108
Mwendo,26,Ruhango,2,Southern Province,2607,4.14502733810262e-05,0.030811022397281257,5.115085390341385e-06,0.11850845131564365
Ntongwe,26,Ruhango,2,Southern Province,2608,4.246523909302313e-05,0.032027264065728644,2.776477736639617e-05,0.11861909383490403
Ruhango,26,Ruhango,2,Southern Province,2609,4.195192407220848e-05,0.031188120725478895,8.715138892879827e-06,0.11853244458971635
Cyeza,27,Muhanga,2,Southern Province,2701,4.204692118293589e-05,0.030735298253702473,2.921721143909561e-05,0.1184149826463523
Kabacuzi,27,Muhanga,2,Southern Province,2702,4.1935710695593376e-05,0.031040652438560763,8.775981108003933e-07,0.11851130184151246
Kibangu,27,Muhanga,2,Southern Province,2703,4.0641296123740986e-05,0.030381241754558176,4.895340696525834e-06,0.11864376516993218
Kiyumba,27,Muhanga,2,Southern Province,2704,4.226320005365351e-05,0.031267269959436156,8.737687579543495e-06,0.11852227678579137
Muhanga,27,Muhanga,2,Southern Province,2705,4.168807050591603e-05,0.030458348797861926,1.2430655983775554e-05,0.11846532364469764
Mushishiro,27,Muhanga,2,Southern Province,2706,4.140086108107837e-05,0.030854506543489292,1.6413699295317623e-05,0.11851722948052168
Nyabinoni,27,Muhanga,2,Southern Province,2707,4.1055402828070704e-05,0.030512263833477365,5.932528368013739e-06,0.1187149185456458
Nyamabuye,27,Muhanga,2,Southern Province,2708,4.1855132436046204e-05,0.03026412235742197,-2.8086207923467762e-08,0.11848226015466458
Nyarusange,27,Muhanga,2,Southern Province,2709,4.151926756343609e-05,0.031022775337402986,2.9069577053049932e-05,0.11846907357803943
Rongi,27,Muhanga,2,Southern Province,2710,4.093315014939274e-05,0.0307275026407713,1.0827386313823177e-05,0.11863896350583616
Rugendabari,27,Muhanga,2,Southern Province,2711,4.1272432428618074e-05,0.030722047731427917,2.5335484229235665e-05,0.11857815262680606
Shyogwe,27,Muhanga,2,Southern Province,2712,4.194786976248609e-05,0.030553690776231168,-2.6623656374779662e-05,0.11850133220976203
Gacurabwenge,28,Kamonyi,2,Southern Province,2801,4.314741716711689e-05,0.031783432187231585,1.2197781414810811e-05,0.1185369197117653
Karama,28,Kamonyi,2,Southern Province,2802,4.191195617461814e-05,0.031699766692423435,1.714802362295837e-05,0.11850839671613048
Kayenzi,28,Kamonyi,2,Southern Province,2803,4.2320579733770966e-05,0.03186113534988779,2.144504893442786e-05,0.11852284926147538
Kayumbu,28,Kamonyi,2,Southern Province,2804,4.248123774147193e-05,0.03155216227545559,1.0129604383143713e-05,0.11845634216122693
Mugina,28,Kamonyi,2,Southern Province,2805,4.319269712628642e-05,0.03213273445849022,4.390590461515257e-06,0.11855753921748631
Musambira,28,Kamonyi,2,Southern Province,2806,4.261085228674701e-05,0.031347767715198635,-3.3377975418653504e-06,0.11841232104556042
Ngamba,28,Kamonyi,2,Southern Province,2807,4.261041635350766e-05,0.03177331645434256,3.6370277154844674e-05,0.1184622181735779
Nyamiyaga,28,Kamonyi,2,Southern Province,2808,4.2780187282525534e-05,0.03190276959050907,1.976703205482375e-06,0.11849027213114471
Nyarubaka,28,Kamonyi,2,Southern Province,2809,4.194182461265016e-05,0.03106823400140736,1.2882918826004007e-05,0.11847519510426142
Rugarika,28,Kamonyi,2,Southern Province,2810,4.329328756070588e-05,0.032138223856985615,1.8050796076440853e-05,0.11853670115496001
Rukoma,28,Kamonyi,2,Southern Province,2811,4.2269329497959846e-05,0.031727508529119965,3.080378453987026e-05,0.11847252154038666
Runda,28,Kamonyi,2,Southern Province,2812,4.4686582798238744e-05,0.032221500873449035,1.2085708126916913e-05,0.11851224914588397
Bwishyura,31,Karongi,3,Western Province,3101,4.259543904010403e-05,0.031862842251818936,2.3870472938793746e-05,0.1187750139043211
Gashari,31,Karongi,3,Western Province,3102,4.127819110841922e-05,0.029935897108814766,9.099881195066584e-06,0.11857017112414638
Gishyita,31,Karongi,3,Western Province,3103,4.277185391322045e-05,0.03130989611913084,1.6821665734166864e-05,0.11865742640774903
Gitesi,31,Karongi,3,Western Province,3104,4.217244304235444e-05,0.029430467972922467,3.838858140934309e-05,0.118661206241252
Mubuga,31,Karongi,3,Western Province,3105,4.315456462853161e-05,0.031736219624071846,5.040337235630202e-06,0.11866388728247539
Murambi,31,Karongi,3,Western Province,3106,4.1950302846486316e-05,0.030983035125946877,2.952257879059888e-06,0.11856605634388433
Murundi,31,Karongi,3,Western Province,3107,4.119216506456945e-05,0.03082351418263468,4.957656433992371e-07,0.11850326795057962
Mutuntu,31,Karongi,3,Western Province,3108,4.171388433445951e-05,0.028717018826741065,7.936287189313385e-06,0.1185257273919816
Rubengera,31,Karongi,3,Western Province,3109,4.1457977610875824e-05,0.03086522609214056,1.86631394580408e-05,0.11860221819614851
Rugabano,31,Karongi,3,Western Province,3110,4.133804621491747e-05,0.029489149523809585,-1.0057973676344721e-05,0.11854025966917266
Ruganda,31,Karongi,3,Western Province,3111,4.10276575374344e-05,0.029687021314639243,2.030760236515521e-05,0.11861747492092016
Rwankuba,31,Karongi,3,Western Province,3112,4.188641311306972e-05,0.029075051785040423,1.6482676079017872e-05,0.11860409297309586
Twumba,31,Karongi,3,Western Province,3113,4.1565816837788204e-05,0.028394268168884275,9.61936188830746e-06,0.11849278909400515
Boneza,32,Rutsiro,3,Western Province,3201,3.9946371216197125e-05,0.031237576265588377,5.017676601544179e-05,0.118662737458255
Gihango,32,Rutsiro,3,Western Province,3202,3.945580048278527e-05,0.030108388182018428,3.269298959644698e-05,0.11857102090579805
Kigeyo,32,Rutsiro,3,Western Province,3203,3.926269989930809e-05,0.030079697152215593,2.380718598481536e-05,0.11853459483209362
Kivumu,32,Rutsiro,3,Western Province,3204,4.0772356600786676e-05,0.030830415297627606,6.910899272640991e-05,0.11855570488219849
Manihira,32,Rutsiro,3,Western Province,3205,3.965352384449521e-05,0.02852277312083139,5.904497479618989e-05,0.11848884553403748
Mukura,32,Rutsiro,3,Western Province,3206,4.0607990843809175e-05,0.02909664577518038,-3.051205732335263e-06,0.11839216065092398
Murunda,32,Rutsiro,3,Western Province,3207,3.9528838038634064e-05,0.027839395610224124,9.99913844333977e-06,0.11850717146211387
Musasa,32,Rutsiro,3,Western Province,3208,3.97603422555437e-05,0.031134468250488212,4.7447762954636536e-05,0.11865227899065724
Mushonyi,32,Rutsiro,3,Western Province,3209,3.9192739475417294e-05,0.030175773098891752,1.6429042413800145e-05,0.11863015642290342
Mushubati,32,Rutsiro,3,Western Province,3210,4.007132904626793e-05,0.03067508175021565,1.6837942985404807e-05,0.11855715638364449
Nyabirasi,32,Rutsiro,3,Western Province,3211,3.926012150757854e-05,0.028381197130241495,-1.2531170538750887e-05,0.11836277354652175
Ruhango,32,Rutsiro,3,Western Province,3212,3.942296585564883e-05,0.028385034015380877,-1.6743606562891665e-06,0.11853869980648496
Rusebeya,32,Rutsiro,3,Western Province,3213,4.0145732645127376e-05,0.028077668167011842,7.951442254862612e-06,0.11838526722009224
Bugeshi,33,Rubavu,3,Western Province,3301,3.683882281250715e-05,0.026620785603890515,5.117812716878623e-05,0.11798967381551966
Busasamana,33,Rubavu,3,Western Province,3302,3.845905168739768e-05,0.029092122621491773,5.656431684624512e-05,0.11833750644399799
Cyanzarwe,33,Rubavu,3,Western Province,3303,4.0759782051121725e-05,0.030641952593004878,5.933713268286686e-05,0.11848459138158869
Gisenyi,33,Rubavu,3,Western Province,3304,4.118402706799375e-05,0.032679288935990876,3.664570994812965e-05,0.11860099878737758
Kanama,33,Rubavu,3,Western Province,3305,3.927313868309462e-05,0.027924804663936268,-1.5305660272514394e-05,0.11820876614383607
Kanzenze,33,Rubavu,3,Western Province,3306,3.967612087440713e-05,0.027970974873125526,1.0726673938501004e-05,0.11823879205084246
Mudende,33,Rubavu,3,Western Province,3307,3.7812396996421824e-05,0.02768663776369756,3.767341310114656e-05,0.118245764839256
Nyakiriba,33,Rubavu,3,Western Province,3308,4.04818120977962e-05,0.029270260975159817,1.4542034546090986e-05,0.11830702103659953
Nyamyumba,33,Rubavu,3,Western Province,3309,4.161059785251627e-05,0.03132507766463236,2.9181126315704902e-05,0.11861402274368275
Nyundo,33,Rubavu,3,Western Province,3310,4.0398565828292446e-05,0.030019516720587572,-4.9771316118598856e-06,0.11840755821149318
Rubavu,33,Rubavu,3,Western Province,3311,4.1412053388974756e-05,0.03188679663472668,3.829341973019227e-05,0.11859217214072557
Rugerero,33,Rubavu,3,Western Province,3312,4.155591548078366e-05,0.03142021606863427,7.853795297651825e-06,0.11854652017005124
Bigogwe,34,Nyabihu,3,Western Province,3401,3.857782776428929e-05,0.02695875270991381,3.8451261712570745e-05,0.1181131466220315
Jenda,34,Nyabihu,3,Western Province,3402,3.686079729793543e-05,0.02626646483027539,4.010780980211449e-05,0.11799301021439726
Jomba,34,Nyabihu,3,Western Province,3403,4.034326656533845e-05,0.028897169256057127,3.929289550250646e-06,0.11843271711746772
Kabatwa,34,Nyabihu,3,Western Province,3404,3.609494613240501e-05,0.02524206416894524,6.677299084622009e-05,0.11795480036170357
Karago,34,Nyabihu,3,Western Province,3405,3.9043583298600195e-05,0.027238749657781773,2.206171099981688e-05,0.11814397454866188
Kintobo,34,Nyabihu,3,Western Province,3406,3.888340693067596e-05,0.02818522682570066,1.3714859677677442e-05,0.11830075062237042
Mukamira,34,Nyabihu,3,Western Province,3407,3.77987448408413e-05,0.027153916605985037,7.935910318565453e-06,0.11805309438281489
Muringa,34,Nyabihu,3,Western Province,3408,3.864607052593161e-05,0.027162572507817794,2.73700060015884e-06,0.11816494313161384
Rambura,34,Nyabihu,3,Western Province,3409,3.8769696577924534e-05,0.027053386859784007,-1.2243783467613998e-05,0.11819704345441152
Rugera,34,Nyabihu,3,Western Province,3410,4.049613443344185e-05,0.029442592785804866,-5.583049567324556e-07,0.11849490984420029
Rurembo,34,Nyabihu,3,Western Province,3411,3.941764972909192e-05,0.028811709057622897,-1.9880303778741978e-05,0.1183232639655062
Shyira,34,Nyabihu,3,Western Province,3412,4.0470009303607395e-05,0.029676649210786856,3.2928441620769854e-05,0.11847305099902455
Bwira,35,Ngororero,3,Western Province,3501,4.1411860728526736e-05,0.029427117357691695,3.6840900280781626e-07,0.11856811084014317
Gatumba,35,Ngororero,3,Western Province,3502,4.1247313696661786e-05,0.030530779119373765,3.0989237505116324e-07,0.11867709422618314
Hindiro,35,Ngororero,3,Western Province,3503,4.062176731269617e-05,0.029711432370715135,2.732127759995308e-05,0.11851272097668943
Kabaya,35,Ngororero,3,Western Province,3504,3.958574032532942e-05,0.02852075799916901,3.447631950885485e-06,0.11833112099518323
Kageyo,35,Ngororero,3,Iburengerazuba,3505,4.071307543912756e-05,0.029222328119191558,-1.9824386698957793e-05,0.1185063451367104
Kavumu,35,Ngororero,3,Western Province,3506,4.055052763507674e-05,0.028277711940246655,-5.815487918973929e-06,0.1183526495236402
Matyazo,35,Ngororero,3,Western Province,3507,4.162898446588105e-05,0.03001332059362306,1.9603421210422934e-05,0.11858308528056002
Muhanda,35,Ngororero,3,Western Province,3508,3.892176755464318e-05,0.027285731875989712,-5.118865751415483e-06,0.11829423065323352
Muhororo,35,Ngororero,3,Western Province,3509,4.065896237791684e-05,0.030258457764977275,-3.0481266560941835e-06,0.11865928098865304
Ndaro,35,Ngororero,3,Western Province,3510,4.1328115281596174e-05,0.029787701522646724,5.048885892436627e-06,0.11852541372126028
Ngororero,35,Ngororero,3,Iburengerazuba,3511,4.077142796423964e-05,0.030265740076966377,-3.438908921550163e-06,0.11862998366931758
Nyange,35,Ngororero,3,Western Province,3512,4.164180674056832e-05,0.030794399013925507,2.0148661535782633e-05,0.11853427448874343
Sovu,35,Ngororero,3,Western Province,3513,4.0111329267755655e-05,0.028299027673477792,-1.9592838377214895e-05,0.11841098328236797
Bugarama,36,Rusizi,3,Western Province,3601,4.3178281199913546e-05,0.034913416065794796,2.8897021706759343e-05,0.11878814563578216
Butare,36,Rusizi,3,Western Province,3602,3.992843917639838e-05,0.02902694890752844,2.6667822815808188e-05,0.11847911633025526
Bweyeye,36,Rusizi,3,Western Province,3603,3.970804670594125e-05,0.02701202827442998,2.0371383211726093e-05,0.11836582416834936
Gashonga,36,Rusizi,3,Western Province,3604,4.05325926752322e-05,0.031584521040010013,3.294922834966115e-05,0.11856633220364707
Giheke,36,Rusizi,3,Western Province,3605,4.069894661154679e-05,0.030780413225699802,2.2957298748846622e-05,0.11836396180344848
Gihundwe,36,Rusizi,3,Western Province,3606,4.122823520612014e-05,0.03124036952652074,1.2736420352317168e-05,0.11836496076951299
Gikundamvura,36,Rusizi,3,Western Province,3607,4.183440032728156e-05,0.033750123194913634,2.7552315470285108e-05,0.11870320947240957
Gitambi,36,Rusizi,3,Western Province,3608,4.132544181917851e-05,0.03238878844729619,1.3270656481368798e-05,0.11860987687955053
Kamembe,36,Rusizi,3,Western Province,3609,4.145908167139747e-05,0.03106056005111172,-4.046501327586141e-07,0.11851486595352359
Muganza,36,Rusizi,3,Western Province,3610,4.2097893662640485e-05,0.034187037161584825,1.1781275304815809e-05,0.1186735694152576
Mururu,36,Rusizi,3,Western Province,3611,4.094971948785214e-05,0.030842650662650482,-5.322329086099523e-06,0.11847131846129645
Nkanka,36,Rusizi,3,Western Province,3612,4.281347994852694e-05,0.03150759335529372,4.822655541223202e-07,0.1182790746781581
Nkombo,36,Rusizi,3,Western Province,3613,4.3908189698447773e-05,0.03175782494533978,-1.915349776536209e-06,0.11834420005583701
Nkungu,36,Rusizi,3,Western Province,3614,4.107353364281252e-05,0.030489214127484978,-1.810630697941791e-05,0.11852611860776914
Nyakabuye,36,Rusizi,3,Western Province,3615,4.136928261460476e-05,0.03164309446745553,2.689873555579599e-05,0.11853789855182778
Nyakarenzo,36,Rusizi,3,Western Province,3616,4.070010420438256e-05,0.030745767988837977,-1.4687701559426523e-05,0.11844477872591874
Nzahaha,36,Rusizi,3,Western Province,3617,4.151370324970848e-05,0.03327987445004567,5.82636225455183e-07,0.11866965602207884
Rwimbogo,36,Rusizi,3,Western Province,3618,4.075663373780154e-05,0.033143548520475775,-3.1506608324357476e-06,0.11864739669719665
Bushekeri,37,Nyamasheke,3,Western Province,3701,4.2756214442511466e-05,0.02913597328564073,1.582869202842226e-05,0.11838695026481684
Bushenge,37,Nyamasheke,3,Western Province,3702,4.205053070492935e-05,0.031150008126163805,1.7524200014095263e-05,0.11829655009677098
Cyato,37,Nyamasheke,3,Western Province,3703,4.0466590439202774e-05,0.02698138854520075,1.7015125780254995e-05,0.11828311489158291
Gihombo,37,Nyamasheke,3,Western Province,3704,4.4168637929343296e-05,0.03147080962459013,3.848593358523144e-05,0.11867647671793491
Kagano,37,Nyamasheke,3,Western Province,3705,4.5113406703437204e-05,0.03102030371860357,7.003906920070202e-06,0.1185215541899844
Kanjongo,37,Nyamasheke,3,Western Province,3706,4.40065849260198e-05,0.03064865391711732,-2.041141649541175e-05,0.11849068723089695
Karambi,37,Nyamasheke,3,Western Province,3707,4.1812280751094145e-05,0.02798297076662717,-2.5535613877119824e-05,0.11842716609030367
Karengera,37,Nyamasheke,3,Western Province,3708,4.13291222543397e-05,0.029960771173762172,-4.957604924937942e-06,0.1184442370840525
Kirimbi,37,Nyamasheke,3,Western Province,3709,4.316420449900655e-05,0.03041298405869356,2.8308412585828235e-05,0.11860061695629248
Macuba,37,Nyamasheke,3,Western Province,3710,4.4224584677360965e-05,0.030949253828548417,1.6625336186533857e-05,0.11858771800655757
Mahembe,37,Nyamasheke,3,Western Province,3711,4.1977062679346225e-05,0.02951331115477771,6.238610290053938e-06,0.11861339873482198
Nyabitekeri,37,Nyamasheke,3,Western Province,3712,4.4648386756207576e-05,0.03172905706801231,2.9087090744782465e-05,0.11851072410912236
Rangiro,37,Nyamasheke,3,Western Province,3713,4.141983290112745e-05,0.028120843936272878,-2.122740301068098e-05,0.11834297137794679
Ruharambuga,37,Nyamasheke,3,Western Province,3714,4.1825023257357744e-05,0.030136405436779402,1.3716670492331016e-05,0.11844285211137483
Shangi,37,Nyamasheke,3,Western Province,3715,4.443302143841022e-05,0.03127214651665486,3.0135189988704475e-05,0.1184438104953485
Base,41,Rulindo,4,Northern Province,4101,4.117513007849065e-05,0.029643645498980648,2.925793463937748e-05,0.11829250201886594
Burega,41,Rulindo,4,Northern Province,4102,4.183908494496869e-05,0.02989491140501348,3.665331026190737e-05,0.11852820090720963
Bushoki,41,Rulindo,4,Northern Province,4103,4.0681302544836384e-05,0.029792150794142304,1.932437161971916e-05,0.11847046390126217
Buyoga,41,Rulindo,4,Northern Province,4104,4.13082597474734e-05,0.0297178385673468,2.07412430807567e-05,0.11848356318251614
Cyinzuzi,41,Rulindo,4,Northern Province,4105,4.229632506236717e-05,0.02991249441598982,1.645942944093954e-05,0.11851208174850374
Cyungo,41,Rulindo,4,Northern Province,4106,4.0403925218902116e-05,0.029081905502158403,1.378321930763634e-05,0.11825733980474451
Kinihira,41,Rulindo,4,Northern Province,4107,4.065264682973298e-05,0.02980193780240626,1.1770902818355752e-05,0.11846790913689276
Kisaro,41,Rulindo,4,Northern Province,4108,4.092549839518721e-05,0.028930190524794668,-1.1687736802690564e-05,0.11841416354536165
Masoro,41,Rulindo,4,Northern Province,4109,4.224144767926272e-05,0.030656426475208113,-4.09651189104817e-06,0.11850349105455431
Mbogo,41,Rulindo,4,Northern Province,4110,4.14319998492799e-05,0.029806874308494297,9.597742828445075e-06,0.11850005415420696
Murambi,41,Rulindo,4,Northern Province,4111,4.2635145982725854e-05,0.03054753150958067,1.4127435873890692e-05,0.11850773927061362
Ngoma,41,Rulindo,4,Northern Province,4112,4.216200799174475e-05,0.030354789531608646,3.0130238469357184e-05,0.11854553203670629
Ntarabana,41,Rulindo,4,Northern Province,4113,4.2380526247872316e-05,0.030627464339340823,2.083837309622636e-05,0.11850142002686077
Rukozo,41,Rulindo,4,Northern Province,4114,4.031950374843791e-05,0.029392042439704127,4.216641547701153e-05,0.11836558647809522
Rusiga,41,Rulindo,4,Northern Province,4115,4.172602815362266e-05,0.030618242032580366,4.210972193474806e-05,0.118530057566424
Shyrongi,41,Rulindo,4,Northern Province,4116,4.278162034907217e-05,0.03144510690616048,2.0111522078752938e-05,0.11847137738776205
Tumba,41,Rulindo,4,Northern Province,4117,4.061937411336234e-05,0.02980014011137678,9.088060134900213e-06,0.11852052663551675
Busengo,42,Gakenke,4,Northern Province,4201,4.068806079685165e-05,0.02982734084420077,-1.1537758763665102e-05,0.11842637994118527
Coko,42,Gakenke,4,Northern Province,4202,4.084334131561472e-05,0.030781204538262205,-1.6670457915933877e-06,0.11858688688070836
Cyabingo,42,Gakenke,4,Northern Province,4203,4.089878232097159e-05,0.030106489770241537,-5.39783467389299e-06,0.11844985834206896
Gakenke,42,Gakenke,4,Northern Province,4204,4.1082737687315514e-05,0.029854319834759918,-2.9220673507296508e-05,0.1185406618326886
Gashenyi,42,Gakenke,4,Northern Province,4205,4.073455119871364e-05,0.02958993800982661,-8.03353686523119e-06,0.11841046334829662
Janja,42,Gakenke,4,Northern Province,4206,4.06361976090703e-05,0.02991533702437187,2.1309130964938982e-07,0.11857355604035105
Kamubuga,42,Gakenke,4,Northern Province,4207,3.968765903002331e-05,0.02881158531223666,-1.9320808363460518e-05,0.11840620370390273
Karambo,42,Gakenke,4,Northern Province,4208,4.006747654446876e-05,0.029210340171737365,-3.0154158862214212e-05,0.11840584710008967
Kivuruga,42,Gakenke,4,Northern Province,4209,4.026899075981588e-05,0.029696618635768494,2.823057566733757e-06,0.11839613606912786
Mataba,42,Gakenke,4,Northern Province,4210,4.1219663224677265e-05,0.030210181748931336,-1.2124263122114262e-05,0.11860720678127727
Minazi,42,Gakenke,4,Northern Province,4211,4.116317236336845e-05,0.03053292003170112,2.8246505210827625e-06,0.11860939350326964
Mugunga,42,Gakenke,4,Northern Province,4212,4.09160754247817e-05,0.0301512881533702,4.084458647111425e-05,0.11859986257010614
Muhondo,42,Gakenke,4,Northern Province,4213,4.09719121201399e-05,0.030932606559834663,2.1817258330008048e-05,0.11854441435740827
Muyongwe,42,Gakenke,4,Northern Province,4214,4.042120898105226e-05,0.029932777366103152,2.190765255608521e-05,0.11852122500972882
Muzo,42,Gakenke,4,Northern Province,4215,4.088018115970355e-05,0.0299333035496559,1.8488117162117003e-05,0.11864174791601732
Nemba,42,Gakenke,4,Northern Province,4216,4.0179338123082324e-05,0.029425641935289754,-2.3729066622025296e-05,0.11843856178794095
Ruli,42,Gakenke,4,Northern Province,4217,4.1445844374368345e-05,0.03135191718768977,3.224887169352501e-05,0.11863290426532608
Rusasa,42,Gakenke,4,Northern Province,4218,4.0512371846934796e-05,0.030018258115088393,-6.388038804304332e-06,0.11852770326737147
Rushashi,42,Gakenke,4,Northern Province,4219,4.1083557376094565e-05,0.030088092603840134,2.692924184013717e-06,0.11851985560066766
Busogo,43,Musanze,4,Northern Province,4301,3.866998328327646e-05,0.0285810118798999,1.8763952298814522e-05,0.11824017501964838
Cyuve,43,Musanze,4,Northern Province,4302,3.7980416716678056e-05,0.029277287124196822,3.4766529505679706e-06,0.11822997581332695
Gacaca,43,Musanze,4,Northern Province,4303,4.04194567197588e-05,0.030091492260030092,7.287495627354525e-06,0.11831016902494902
Gashaki,43,Musanze,4,Northern Province,4304,4.152014757376253e-05,0.029828532763687608,1.3371715976845228e-05,0.1183579022483009
Gataraga,43,Musanze,4,Northern Province,4305,3.647390829367034e-05,0.02615378767687919,-3.4867401381803056e-05,0.11787871091871117
Kimonyi,43,Musanze,4,Northern Province,4306,3.8288769811281333e-05,0.02947413585169724,-1.036804916511959e-05,0.1182150690562413
Kinigi,43,Musanze,4,Northern Province,4307,3.7379926498730474e-05,0.026174908510646706,1.1196557765967982e-05,0.11778960036565818
Muhoza,43,Musanze,4,Northern Province,4308,3.9435253115890116e-05,0.030156087288680026,9.917263422923218e-06,0.11830711413144304
Muko,43,Musanze,4,Northern Province,4309,3.959944492220664e-05,0.030007934330148534,3.9673330493905705e-05,0.11839299110455664
Musanze,43,Musanze,4,Northern Province,4310,3.782899810966745e-05,0.028141142472562466,-7.625483304900156e-06,0.11799793842994984
Nkotsi,43,Musanze,4,Northern Province,4311,4.027594479951128e-05,0.02957169104154207,6.011611144109664e-05,0.11851312418589438
Nyange,43,Musanze,4,Northern Province,4312,3.688857472726066e-05,0.02685603089523198,-1.5321863380056198e-05,0.1180822595743969
Remera,43,Musanze,4,Northern Province,4313,4.157631543351784e-05,0.030018833215347786,-1.534952653398723e-06,0.11837321573062752
Rwaza,43,Musanze,4,Northern Province,4314,4.11421362567001e-05,0.030200231482176567,-1.048605452181435e-05,0.11844006419848938
Shingiro,43,Musanze,4,Northern Province,4315,3.711670839137737e-05,0.02589515173764751,-2.4948098917171345e-05,0.11784412902101807
Bungwe,44,Burera,4,Northern Province,4401,3.9494010776424497e-05,0.028117174297951433,2.7512869293147817e-06,0.11831266387278878
Butaro,44,Burera,4,Northern Province,4402,3.943508021346496e-05,0.028265690833363364,1.2802439891757364e-05,0.1182496113613217
Cyanika,44,Burera,4,Northern Province,4403,3.954352201121264e-05,0.027886350405503052,8.41882278623991e-06,0.11821770341915051
Cyeru,44,Burera,4,Northern Province,4404,3.9515920258252214e-05,0.028429480509801534,-1.0375001100712474e-05,0.11824930987522139
Gahunga,44,Burera,4,Northern Province,4405,3.739201856280976e-05,0.027719813103815483,-8.188848735732388e-06,0.11817052366716344
Gatebe,44,Burera,4,Northern Province,4406,3.959721742842641e-05,0.028203351958075894,2.0150582820745043e-05,0.11833524201310501
Gitovu,44,Burera,4,Northern Province,4407,4.123063684648406e-05,0.02929613948156132,9.703387450253116e-06,0.11836247621938313
Kagogo,44,Burera,4,Northern Province,4408,3.8930029283033844e-05,0.0289598698656912,2.2353356880922913e-05,0.11831935495718125
Kinoni,44,Burera,4,Northern Province,4409,3.9514605734144655e-05,0.029871410717625644,7.911504379611395e-06,0.11836310104741024
Kinyababa,44,Burera,4,Northern Province,4410,3.89009467585186e-05,0.02858539464274617,2.9129150209669696e-05,0.1183274015254364
Kivuye,44,Burera,4,Northern Province,4411,3.9214483894908946e-05,0.028113733679306772,4.3018539902471174e-05,0.1182076221357315
Nemba,44,Burera,4,Northern Province,4412,3.949408995322272e-05,0.028404343528077684,1.8974690719669645e-06,0.11830381386050849
Rugarama,44,Burera,4,Northern Province,4413,3.8170354239299924e-05,0.028913900219969948,2.2761790369899002e-05,0.11831697605447813
Rugengabari,44,Burera,4,Northern Province,4414,3.972124026075276e-05,0.028988759025030165,-1.410095464167266e-05,0.1182708464111845
Ruhunde,44,Burera,4,Northern Province,4415,3.93919014807596e-05,0.028389656822836184,3.4500403670169136e-06,0.11827418361220322
Rusarabuye,44,Burera,4,Northern Province,4416,3.989779426229048e-05,0.028236161511217994,-6.241744205508781e-06,0.11835064011684696
Rwerere,44,Burera,4,Northern Province,4417,3.926424871625338e-05,0.028178362373655678,6.158567751071677e-05,0.11823289827814523
Bukure,45,Gicumbi,4,Northern Province,4501,4.1099564582294606e-05,0.030495288368444697,-1.4827739305520343e-06,0.11834652354525461
Bwisige,45,Gicumbi,4,Northern Province,4502,4.084473830030576e-05,0.029622791296071503,-2.361654571158828e-05,0.11841510168336604
Byumba,45,Gicumbi,4,Northern Province,4503,4.037083703738567e-05,0.028429347923843194,-5.835187990898109e-06,0.11835252333737106
Cyumba,45,Gicumbi,4,Northern Province,4504,3.983427321332151e-05,0.028582128613136044,1.9323208383776934e-05,0.1183173283504746
Giti,45,Gicumbi,4,Northern Province,4505,4.068154169109132e-05,0.030149935183405495,-2.210285619647492e-05,0.11834027020311624
Kageyo,45,Gicumbi,4,Northern Province,4506,4.111652355303214e-05,0.028796840826841287,-1.9253459124424433e-05,0.11840365830475819
Kaniga,45,Gicumbi,4,Northern Province,4507,4.0247793405539255e-05,0.028655020226020574,1.0048564085905997e-05,0.11836657503190286
Manyagiro,45,Gicumbi,4,Northern Province,4508,4.0055912430577676e-05,0.02832791701372881,-1.7135354886278104e-05,0.11833570664841443
Miyove,45,Gicumbi,4,Northern Province,4509,3.993907668498847e-05,0.02892589135433165,9.799755676407344e-06,0.11843290871048882
Mukarange,45,Gicumbi,4,Northern Province,4510,4.038870045531234e-05,0.028742315318660897,2.3339753451873007e-05,0.11842582697470783
Muko,45,Gicumbi,4,Northern Province,4511,4.132503039938021e-05,0.029786032417070816,9.466464011756107e-06,0.11838625018404218
Mutete,45,Gicumbi,4,Northern Province,4512,4.167066730784829e-05,0.029742985933727328,2.8422275018015956e-05,0.1184523351614795
Nyamiyaga,45,Gicumbi,4,Northern Province,4513,4.120797211427545e-05,0.029241589595138073,1.018594753000049e-05,0.11841847606478054
Nyankenke,45,Gicumbi,4,Northern Province,4514,3.982709859002539e-05,0.028545405644098232,-8.420233163088398e-06,0.11839958736787722
Rubaya,45,Gicumbi,4,Northern Province,4515,3.96295048049864e-05,0.028403237509631453,1.5494664550412635e-05,0.11830810769938847
Rukomo,45,Gicumbi,4,Northern Province,4516,4.092007228047377e-05,0.0291255952636604,-1.7228211896742894e-05,0.11837819056490666
Rushaki,45,Gicumbi,4,Northern Province,4517,4.065440545669797e-05,0.029245859597938576,5.572880779437633e-06,0.11842431291028188
Rutare,45,Gicumbi,4,Northern Province,4518,4.221471732222261e-05,0.029734241508647268,2.390603018395391e-05,0.11846763926138437
Ruvune,45,Gicumbi,4,Northern Province,4519,4.125046899068041e-05,0.02961975495601864,1.916210935883373e-06,0.11842932102444215
Rwamiko,45,Gicumbi,4,Northern Province,4520,4.133486708308093e-05,0.030066762635684783,1.434016034255453e-05,0.1183719518409817
Shangasha,45,Gicumbi,4,Northern Province,4521,4.002663034670846e-05,0.02853660235898826,-2.135186025955456e-05,0.1183723724588949
Fumbwe,51,Rwamagana,5,Eastern Province,5101,4.122192454499487e-05,0.030541265370207543,3.2458627413844665e-06,0.11842263612734238
Gahengeri,51,Rwamagana,5,Eastern Province,5102,4.137570836995189e-05,0.03106984588760512,2.457802191265285e-05,0.11843071061085608
Gishali,51,Rwamagana,5,Eastern Province,5103,4.227704944789163e-05,0.030680998147641185,1.0584541145845718e-05,0.11854910008483785
Karenge,51,Rwamagana,5,Eastern Province,5104,4.08620616847793e-05,0.03150014161956257,-1.0085268648572076e-05,0.11853835295395272
Kigabiro,51,Rwamagana,5,Eastern Province,5105,4.051269875963785e-05,0.03087738221139096,-1.4516162477331165e-06,0.11853372993955777
Muhazi,51,Rwamagana,5,Eastern Province,5106,4.1858568843521845e-05,0.030324810641703278,-6.850861885587871e-06,0.11853429251821178
Munyaga,51,Rwamagana,5,Eastern Province,5107,4.048437069498476e-05,0.030893929694320973,-1.2847717032925987e-05,0.11857410667279063
Munyiginya,51,Rwamagana,5,Eastern Province,5108,4.244712907479796e-05,0.030693782674314416,3.7295380863400166e-05,0.1184962498718652
Musha,51,Rwamagana,5,Eastern Province,5109,4.2087913200108725e-05,0.030585589498260804,4.1923973069573673e-05,0.11836864199564526
Muyumbu,51,Rwamagana,5,Eastern Province,5110,4.139172864733154e-05,0.03148880838022134,1.4410259311678295e-05,0.11856247563224961
Mwulire,51,Rwamagana,5,Eastern Province,5111,4.072692997051549e-05,0.030734117906440716,1.9666335526145687e-05,0.1185460298458411
Nyakaliro,51,Rwamagana,5,Eastern Province,5112,4.086729462112934e-05,0.03174632052426792,-1.2261458542843696e-05,0.11853683116767459
Nzige,51,Rwamagana,5,Eastern Province,5113,3.995287056923072e-05,0.031067544874360975,1.072418105194052e-05,0.11852754494820834
Rubona,51,Rwamagana,5,Eastern Province,5114,4.092372867524713e-05,0.031116801139196935,3.3485387727336405e-06,0.11859105262711289
Gatunda,52,Nyagatare,5,Eastern Province,5201,4.1314911732186965e-05,0.03129880386238424,4.130399517387534e-05,0.11845433456183463
Karama,52,Nyagatare,5,Eastern Province,5202,4.121316029025181e-05,0.031014032569982773,1.0149541400632715e-05,0.11840022150678124
Karangazi,52,Nyagatare,5,Eastern Province,5203,4.183776210915966e-05,0.03139945517849402,3.0750068211430084e-05,0.11853330574155356
Katabagemu,52,Nyagatare,5,Eastern Province,5204,4.229273837948887e-05,0.03168748480395363,4.679661333266274e-05,0.11844782778860975
Kiyombe,52,Nyagatare,5,Eastern Province,5205,4.092805702105144e-05,0.029815623119380765,1.8124545945195533e-06,0.11843294920188938
Matimba,52,Nyagatare,5,Eastern Province,5206,4.255853427296021e-05,0.0313884680071114,8.489106694638162e-06,0.1184623813433835
Mimuri,52,Nyagatare,5,Eastern Province,5207,4.1961634163814974e-05,0.031610184300542146,4.7707515655110146e-05,0.11841429654936636
Mukama,52,Nyagatare,5,Eastern Province,5208,4.1494404909571915e-05,0.030770033852410682,3.1082564609714754e-05,0.11840961573926945
Musheri,52,Nyagatare,5,Eastern Province,5209,4.1781532533641816e-05,0.031477878698950475,1.7311737986287542e-05,0.11845352227133901
Nyagatare,52,Nyagatare,5,Eastern Province,5210,4.154748378987443e-05,0.031607322394553564,2.6650796770571437e-05,0.1184460525042086
Rukomo,52,Nyagatare,5,Eastern Province,5211,4.162999902814975e-05,0.03208435613313322,3.8696671745543607e-05,0.11842503087194287
Rwempasha,52,Nyagatare,5,Eastern Province,5212,4.12538230915621e-05,0.03153662670682124,8.946446916685597e-06,0.11854476988733093
Rwimiyaga,52,Nyagatare,5,Eastern Province,5213,4.149306320790778e-05,0.031127705929623502,6.166981511385403e-06,0.11850614754029955
Tabagwe,52,Nyagatare,5,Eastern Province,5214,4.143873151007866e-05,0.03143669275115174,4.0515450072631644e-05,0.11841470898203493
Gasange,53,Gatsibo,5,Eastern Province,5301,4.055797594020034e-05,0.030275068622032053,-2.237087776227382e-05,0.1184423556244349
Gatsibo,53,Gatsibo,5,Eastern Province,5302,4.1307260277258794e-05,0.030662320464176093,1.9027760189033476e-05,0.11844892433563936
Gitoki,53,Gatsibo,5,Eastern Province,5303,4.1657810007074867e-05,0.030922946307662697,1.0871297911920025e-05,0.1184655595863464
Kabarore,53,Gatsibo,5,Eastern Province,5304,4.200502594092755e-05,0.03138222057375939,1.1222092245642538e-05,0.11844028275756932
Kageyo,53,Gatsibo,5,Eastern Province,5305,4.0872546142327005e-05,0.03017713802441036,2.694288210630558e-05,0.11844084173609079
Kiramuruzi,53,Gatsibo,5,Eastern Province,5306,4.114834746551424e-05,0.030349413222941726,1.3016850167780473e-05,0.11851431638260154
Kiziguro,53,Gatsibo,5,Eastern Province,5307,4.065277615586497e-05,0.030536034720250363,2.3831848759410725e-05,0.11844277161598317
Muhura,53,Gatsibo,5,Eastern Province,5308,4.0513894983756224e-05,0.03021674948750091,9.864524345818327e-06,0.11843615281965607
Murambi,53,Gatsibo,5,Eastern Province,5309,4.0779888302357375e-05,0.030547152191575923,1.4468399798142381e-05,0.11849482916621472
Ngarama,53,Gatsibo,5,Eastern Province,5310,4.2152983176448396e-05,0.031578036107510414,4.5383209938178735e-05,0.11846673562956933
Nyagihanga,53,Gatsibo,5,Eastern Province,5311,4.100666580340254e-05,0.03061857390321707,1.2934291560888558e-05,0.11841652410315032
Remera,53,Gatsibo,5,Eastern Province,5312,4.0949398709259094e-05,0.030341981827336238,1.2982701827660031e-05,0.11847379974495403
Rugarama,53,Gatsibo,5,Eastern Province,5313,4.15152471532157e-05,0.030824102715500564,1.877924646797988e-05,0.11847158583157202
Rwimbogo,53,Gatsibo,5,Eastern Province,5314,4.110946569096364e-05,0.030779343838143475,1.565883371582017e-05,0.11850628936979339
Gahini,54,Kayonza,5,Eastern Province,5401,4.026424934317413e-05,0.03021799415961533,2.4596354932665164e-05,0.1184585020656286
Kabare,54,Kayonza,5,Eastern Province,5402,4.0195808787365637e-05,0.029683754216068444,1.7870524344667352e-05,0.11850512596145323
Kabarondo,54,Kayonza,5,Eastern Province,5403,3.949309236355723e-05,0.029828248011019683,6.955427704158339e-06,0.11855998982299523
Mukarange,54,Kayonza,5,Eastern Province,5404,4.0292094473032445e-05,0.030019565523442978,-1.6424596549307884e-05,0.11854485940176902
Murama,54,Kayonza,5,Eastern Province,5405,3.947965895707279e-05,0.029377387321691456,-6.638071846407854e-06,0.11852868804654004
Murundi,54,Kayonza,5,Eastern Province,5406,4.077180713353289e-05,0.030639605079947542,1.9847108817853947e-05,0.11846183502469529
Mwiri,54,Kayonza,5,Eastern Province,5407,4.0357566463336314e-05,0.03061788378053823,1.16616370709867e-05,0.1185356292449635
Ndego,54,Kayonza,5,Eastern Province,5408,4.070554268923717e-05,0.03044255700479876,2.6294452239759454e-05,0.11852174733317866
Nyamirama,54,Kayonza,5,Eastern Province,5409,3.959326127432151e-05,0.030024839380802616,3.2523115150988836e-06,0.11850377618252254
Rukara,54,Kayonza,5,Eastern Province,5410,4.082026479680461e-05,0.030038520260919438,-8.120253108559465e-06,0.11852268196627312
Ruramira,54,Kayonza,5,Eastern Province,5411,3.991023393866868e-05,0.030376819027672978,8.649411260474255e-06,0.1186011760732584
Rwinkwavu,54,Kayonza,5,Eastern Province,5412,3.9460398927198273e-05,0.03000780019241874,2.399481075703091e-05,0.11847334092453045
Gahara,55,Kirehe,5,Eastern Province,5501,4.038096016901196e-05,0.030410479453662962,1.3782286871751907e-05,0.11855797328263637
Gatore,55,Kirehe,5,Eastern Province,5502,4.035483160767214e-05,0.030173793640045108,3.743968855426813e-05,0.11856154429550683
Kigarama,55,Kirehe,5,Eastern Province,5503,4.067656425553837e-05,0.02974959726841273,2.231407163914977e-06,0.11857253189308012
Kigina,55,Kirehe,5,Eastern Province,5504,3.899856379980487e-05,0.02923394345620311,9.108536568193704e-06,0.11853866431204739
Kirehe,55,Kirehe,5,Eastern Province,5505,3.9731881667336486e-05,0.029404321143649808,1.4238455963318729e-05,0.11848965839151301
Mahama,55,Kirehe,5,Eastern Province,5506,4.2173625015322955e-05,0.030534509467396966,9.707343473415829e-06,0.11858427637657637
Mpanga,55,Kirehe,5,Eastern Province,5507,4.1656688260492194e-05,0.0303177033759796,1.5483030670980575e-06,0.11859890181548963
Musaza,55,Kirehe,5,Eastern Province,5508,3.9991752268603954e-05,0.02990861086865554,2.3053849748893467e-05,0.11852697911301809
Mushikiri,55,Kirehe,5,Eastern Province,5509,3.9105614840726006e-05,0.029327738060494695,5.991464282458732e-06,0.11856209117988988
Nasho,55,Kirehe,5,Eastern Province,5510,4.025065018295392e-05,0.029722425780958187,-7.168596886989225e-06,0.11853057735584585
Nyamugari,55,Kirehe,5,Eastern Province,5511,4.143707758600392e-05,0.03016633888235748,1.9718164224751897e-05,0.11856301724618791
Nyarubuye,55,Kirehe,5,Eastern Province,5512,3.934330805507018e-05,0.029375792719744928,8.286652258246399e-06,0.11855226207045283
Gashanda,56,Ngoma,5,Eastern Province,5601,4.05449531249413e-05,0.03037040011251825,2.916919025188604e-05,0.11853632112833637
Jarama,56,Ngoma,5,Eastern Province,5602,4.16344017977036e-05,0.031108998840712766,1.4162935506434572e-05,0.11860262505091286
Karembo,56,Ngoma,5,Eastern Province,5603,4.140359329128686e-05,0.030842120456567257,-1.2913617564422808e-06,0.11857786887074752
Kazo,56,Ngoma,5,Eastern Province,5604,3.9988228854172386e-05,0.03011980580990756,3.5751667839684254e-05,0.1185207985553906
Kibungo,56,Ngoma,5,Eastern Province,5605,3.954576088290609e-05,0.02944751419095153,-5.167547764264181e-06,0.1185406534951648
Mugesera,56,Ngoma,5,Eastern Province,5606,4.1758571787383346e-05,0.03132682440099293,-4.583292120491568e-06,0.11857912894933453
Murama,56,Ngoma,5,Eastern Province,5607,3.980462025541901e-05,0.029956336846359437,1.2626047520361362e-05,0.11854633396652789
Mutenderi,56,Ngoma,5,Eastern Province,5608,4.0875333655496573e-05,0.03046290490799926,2.5744939952543208e-05,0.11858237077831799
Remera,56,Ngoma,5,Eastern Province,5609,4.020760832168837e-05,0.029892329780299477,4.3544604780782984e-06,0.11863456639272602
Rukira,56,Ngoma,5,Eastern Province,5610,3.926582784226395e-05,0.02911389521030097,6.260971947707117e-06,0.11857125533076553
Rukumberi,56,Ngoma,5,Eastern Province,5611,4.230287958780252e-05,0.03207076452990467,2.247593034690804e-05,0.11858956602511771
Rurenge,56,Ngoma,5,Eastern Province,5612,4.071649868974355e-05,0.03042836302889297,8.300809391969707e-06,0.1186209257923149
Sake,56,Ngoma,5,Eastern Province,5613,4.109582630805061e-05,0.03080417544284074,2.3122713683252076e-05,0.11857962890885097
Zaza,56,Ngoma,5,Eastern Province,5614,4.185190882528293e-05,0.03101274220968572,8.709085599088641e-06,0.1185816652911711
Gashora,57,Bugesera,5,Eastern Province,5701,4.2212331230114485e-05,0.03220197570132797,5.828886172072348e-06,0.118581216862103
Juru,57,Bugesera,5,Eastern Province,5702,4.1150049058764345e-05,0.03210696915491071,-8.690168106479415e-06,0.11856719726900498
Kamabuye,57,Bugesera,5,Eastern Province,5703,4.1339766742545443e-05,0.03170593195417716,9.454155863674436e-06,0.11871426713561249
Mareba,57,Bugesera,5,Eastern Province,5704,4.2418604533258535e-05,0.031935807807597104,1.1139583941351922e-05,0.11861990489072284
Mayange,57,Bugesera,5,Eastern Province,5705,4.184531437007417e-05,0.032048080684205144,-4.625813019985262e-06,0.11862726722363388
Musenyi,57,Bugesera,5,Eastern Province,5706,4.260200663953499e-05,0.032158554569345583,3.465544445059116e-05,0.11860206630559728
Mwogo,57,Bugesera,5,Eastern Province,5707,4.190878594135902e-05,0.03189522042696095,4.3354221627753585e-06,0.11856354464402236
Ngeruka,57,Bugesera,5,Eastern Province,5708,4.179020674570763e-05,0.031935194550108494,1.459043523305931e-06,0.1186589792047957
Ntarama,57,Bugesera,5,Eastern Province,5709,4.311271017036524e-05,0.03200832225920651,-3.7419776925091086e-06,0.11855607287319538
Nyamata,57,Bugesera,5,Eastern Province,5710,4.220442863675115e-05,0.03217995874069055,2.7125909152964316e-05,0.11863077289373343
Nyarugenge,57,Bugesera,5,Eastern Province,5711,4.265680187787177e-05,0.03232353333806271,1.1983241313181379e-05,0.11855029630450527
Rilima,57,Bugesera,5,Eastern Province,5712,4.214443630197423e-05,0.03220103946037017,-4.167923002201093e-06,0.11857022217771242
Ruhuha,57,Bugesera,5,Eastern Province,5713,4.234101894835537e-05,0.031997235920903866,-1.7634615461472535e-05,0.11862401010521212
Rweru,57,Bugesera,5,Eastern Province,5714,4.184607559990685e-05,0.03190908140640876,2.323826284008884e-05,0.11859251838756715
Shyara,57,Bugesera,5,Eastern Province,5715,4.2867992903042095e-05,0.03218929283460223,2.4771886031721883e-05,0.11853961890581044
