Prov_ID,Province,Dist_ID,District,Sect_ID,Name,join_key,sector,non_poor,vulnerable,moderately_poor,severely_poor,total,count,district,poverty_rate,poverty_index,affluence_index,poor_population,severely_poor_population,non_poor_population
1.0,Kigali City,11.0,Nyarugenge,1101.0,Gitega,gitega,Gitega,90.0,7.5,2.2,0.3,100,32945,Nyarugenge,2.5,11.28,62.5,823.625,98.835,29650.5
1.0,Kigali City,11.0,Nyarugenge,1102.0,Kanyinya,kanyinya,Kanyinya,65.7,18.5,12.6,3.2,100,34608,Nyarugenge,15.8,15.330000000000002,49.96666666666667,5468.064,1107.4560000000001,22737.456000000002
1.0,Kigali City,11.0,Nyarugenge,1103.0,Kigali,kigali,Kigali,68.1,17.6,11.4,3.0,100,71619,Nyarugenge,14.4,14.95,51.26666666666666,10313.136,2148.57,48772.539
1.0,Kigali City,11.0,Nyarugenge,1104.0,Kimisagara,kimisagara,Kimisagara,86.4,9.7,3.4,0.5,100,65713,Nyarugenge,3.9,11.8,60.833333333333336,2562.807,328.565,56776.032
1.0,Kigali City,11.0,Nyarugenge,1105.0,Mageregere,mageregere,Mageregere,56.3,18.7,18.1,6.9,100,49847,Nyarugenge,25.0,17.560000000000002,43.76666666666666,12461.75,3439.4430000000007,28063.860999999997
1.0,Kigali City,11.0,Nyarugenge,1106.0,Muhima,muhima,Muhima,91.7,6.4,1.7,0.2,100,27195,Nyarugenge,1.9,11.040000000000001,63.26666666666667,516.705,54.39,24937.815
1.0,Kigali City,11.0,Nyarugenge,1107.0,Nyakabanda,nyakabanda,Nyakabanda,89.7,7.6,2.3,0.4,100,33924,Nyarugenge,2.6999999999999997,11.34,62.333333333333336,915.9479999999999,135.696,30429.828
1.0,Kigali City,11.0,Nyarugenge,1108.0,Nyamirambo,nyamirambo,Nyamirambo,83.7,9.9,4.7,1.6,100,61987,Nyarugenge,6.300000000000001,12.4,59.1,3905.1810000000005,991.7920000000001,51883.119000000006
1.0,Kigali City,11.0,Nyarugenge,1109.0,Nyarugenge,nyarugenge,Nyarugenge,90.6,7.0,2.2,0.2,100,20673,Nyarugenge,2.4000000000000004,11.2,62.73333333333333,496.15200000000004,41.346000000000004,18729.737999999998
1.0,Kigali City,11.0,Nyarugenge,1109.0,Nyarugenge,nyarugenge,Nyarugenge,32.0,24.0,31.0,13.0,100,25347,Bugesera,44.0,22.5,29.333333333333332,11152.68,3295.11,8111.04
1.0,Kigali City,11.0,Nyarugenge,1110.0,Rwezamenyo,rwezamenyo,Rwezamenyo,94.0,4.9,1.0,0.0,100,17286,Nyarugenge,1.0,10.68,64.3,172.86,0.0,16248.84
1.0,Kigali City,12.0,Gasabo,1201.0,Bumbogo,bumbogo,Bumbogo,71.3,14.4,10.9,3.4,100,123525,Gasabo,14.3,14.64,52.333333333333336,17664.075,4199.85,88073.325
1.0,Kigali City,12.0,Gasabo,1202.0,Gatsata,gatsata,Gatsata,84.0,11.2,3.9,0.8,100,56768,Gasabo,4.7,12.129999999999999,59.73333333333333,2668.0960000000005,454.144,47685.12
1.0,Kigali City,12.0,Gasabo,1203.0,Gikomero,gikomero,Gikomero,38.6,25.0,28.7,7.8,100,19161,Gasabo,36.5,20.59,34.06666666666667,6993.765,1494.558,7396.146
1.0,Kigali City,12.0,Gasabo,1204.0,Gisozi,gisozi,Gisozi,85.9,9.1,4.0,0.9,100,91564,Gasabo,4.9,11.97,60.300000000000004,4486.636,824.076,78653.47600000001
1.0,Kigali City,12.0,Gasabo,1205.0,Jabana,jabana,Jabana,69.5,14.9,12.1,3.5,100,66461,Gasabo,15.6,14.959999999999999,51.300000000000004,10367.916,2326.135,46190.395
1.0,Kigali City,12.0,Gasabo,1206.0,Jali,jali,Jali,60.2,17.7,17.0,5.0,100,43313,Gasabo,22.0,16.660000000000004,46.03333333333333,9528.86,2165.65,26074.426
1.0,Kigali City,12.0,Gasabo,1207.0,Kacyiru,kacyiru,Kacyiru,93.0,5.4,1.4,0.1,100,35660,Gasabo,1.5,10.84,63.800000000000004,534.9,35.66,33163.8
1.0,Kigali City,12.0,Gasabo,1208.0,Kimihurura,kimihurura,Kimihurura,91.5,6.8,1.6,0.1,100,21401,Gasabo,1.7000000000000002,11.03,63.26666666666667,363.81700000000006,21.401,19581.915
1.0,Kigali City,12.0,Gasabo,1209.0,Kimironko,kimironko,Kimironko,91.7,6.0,1.9,0.3,100,70424,Gasabo,2.1999999999999997,11.059999999999999,63.13333333333333,1549.328,211.27200000000002,64578.808
1.0,Kigali City,12.0,Gasabo,1210.0,Kinyinya,kinyinya,Kinyinya,84.5,10.5,4.2,0.8,100,146389,Gasabo,5.0,12.129999999999999,59.833333333333336,7319.45,1171.112,123698.705
1.0,Kigali City,12.0,Gasabo,1211.0,Ndera,ndera,Ndera,73.0,13.7,9.9,3.4,100,113105,Gasabo,13.3,14.37,53.23333333333333,15042.965,3845.57,82566.65
1.0,Kigali City,12.0,Gasabo,1212.0,Nduba,nduba,Nduba,62.5,16.6,16.0,4.9,100,71155,Gasabo,20.9,16.330000000000002,47.199999999999996,14871.395,3486.595,44471.875
1.0,Kigali City,12.0,Gasabo,1213.0,Remera,remera,Remera,90.8,6.7,2.1,0.4,100,49371,Gasabo,2.5,11.209999999999999,62.76666666666666,1234.275,197.484,44828.867999999995
1.0,Kigali City,12.0,Gasabo,1213.0,Remera,remera,Remera,51.1,23.5,23.3,2.1,100,19805,Musanze,25.400000000000002,17.64,41.9,5030.47,415.905,10120.355
1.0,Kigali City,12.0,Gasabo,1213.0,Remera,remera,Remera,35.4,23.3,30.7,10.7,100,32297,Gatsibo,41.4,21.689999999999998,31.366666666666664,13370.958,3455.7789999999995,11433.138
1.0,Kigali City,12.0,Gasabo,1213.0,Remera,remera,Remera,48.1,20.0,24.4,7.5,100,33049,Ngoma,31.9,19.13,38.733333333333334,10542.631,2478.675,15896.569000000001
1.0,Kigali City,12.0,Gasabo,1214.0,Rusororo,rusororo,Rusororo,68.5,14.7,12.0,4.7,100,66577,Gasabo,16.7,15.27,50.56666666666666,11118.358999999999,3129.119,45605.245
1.0,Kigali City,12.0,Gasabo,1215.0,Rutunga,rutunga,Rutunga,40.8,25.6,26.1,7.5,100,22460,Gasabo,33.6,20.03,35.73333333333333,7546.56,1684.5,9163.679999999998
1.0,Kigali City,13.0,Kicukiro,1301.0,Gahanga,gahanga,Gahanga,72.8,14.7,9.2,3.3,100,91500,Kicukiro,12.5,14.3,53.43333333333333,11437.5,3019.5,66612.0
1.0,Kigali City,13.0,Kicukiro,1302.0,Gatenga,gatenga,Gatenga,85.4,9.2,4.2,1.2,100,76266,Kicukiro,5.4,12.120000000000001,60.0,4118.3640000000005,915.192,65131.164000000004
1.0,Kigali City,13.0,Kicukiro,1303.0,Gikondo,gikondo,Gikondo,91.8,5.9,1.9,0.3,100,18466,Kicukiro,2.1999999999999997,11.05,63.166666666666664,406.25199999999995,55.398,16951.788
1.0,Kigali City,13.0,Kicukiro,1304.0,Kagarama,kagarama,Kagarama,90.2,6.9,2.6,0.4,100,21609,Kicukiro,3.0,11.34,62.43333333333334,648.27,86.436,19491.318
1.0,Kigali City,13.0,Kicukiro,1305.0,Kanombe,kanombe,Kanombe,83.7,9.9,5.1,1.3,100,79728,Kicukiro,6.3999999999999995,12.4,59.1,5102.592,1036.4640000000002,66732.33600000001
1.0,Kigali City,13.0,Kicukiro,1306.0,Kicukiro,kicukiro,Kicukiro,93.3,5.3,1.2,0.2,100,17982,Kicukiro,1.4,10.83,63.96666666666667,251.748,35.964,16777.206
1.0,Kigali City,13.0,Kicukiro,1307.0,Kigarama,kigarama,Kigarama,86.4,8.8,3.9,0.8,100,70740,Kicukiro,4.7,11.89,60.53333333333334,3324.78,565.92,61119.36
1.0,Kigali City,13.0,Kicukiro,1307.0,Kigarama,kigarama,Kigarama,34.7,24.3,32.6,8.4,100,37679,Kirehe,41.0,21.47,31.233333333333334,15448.39,3165.0360000000005,13074.613000000001
1.0,Kigali City,13.0,Kicukiro,1308.0,Masaka,masaka,Masaka,74.5,14.2,9.0,2.4,100,85335,Kicukiro,11.4,13.95,54.4,9728.19,2048.04,63574.575
1.0,Kigali City,13.0,Kicukiro,1309.0,Niboye,niboye,Niboye,94.2,4.3,1.4,0.1,100,30306,Kicukiro,1.5,10.74,64.23333333333333,454.59,30.306000000000004,28548.252
1.0,Kigali City,13.0,Kicukiro,1310.0,Nyarugunga,nyarugunga,Nyarugunga,94.1,4.1,1.6,0.3,100,49735,Kicukiro,1.9000000000000001,10.83,64.1,944.965,149.205,46800.635
2.0,Southern Province,21.0,Nyanza,2101.0,Busasamana,busasamana,Busasamana,59.0,18.5,17.3,5.1,100,54321,Nyanza,22.4,16.830000000000002,45.5,12167.903999999999,2770.3709999999996,32049.39
2.0,Southern Province,21.0,Nyanza,2101.0,Busasamana,busasamana,Busasamana,27.5,19.5,35.2,17.8,100,36619,Rubavu,53.0,24.330000000000002,24.833333333333332,19408.07,6518.182000000001,10070.225
2.0,Southern Province,21.0,Nyanza,2102.0,Busoro,busoro,Busoro,33.7,21.0,29.7,15.6,100,40338,Nyanza,45.3,22.72,29.46666666666667,18273.113999999998,6292.727999999999,13593.906
2.0,Southern Province,21.0,Nyanza,2103.0,Cyabakamyi,cyabakamyi,Cyabakamyi,30.6,29.0,32.5,7.9,100,24979,Nyanza,40.4,21.77,30.066666666666666,10091.516,1973.3410000000001,7643.5740000000005
2.0,Southern Province,21.0,Nyanza,2104.0,Kibilizi,kibilizi,Kibilizi,27.1,22.7,32.1,18.1,100,41150,Nyanza,50.2,24.12,25.633333333333336,20657.300000000003,7448.1500000000015,11151.65
2.0,Southern Province,21.0,Nyanza,2105.0,Kigoma,kigoma,Kigoma,36.3,22.5,30.2,10.9,100,42249,Nyanza,41.1,21.55,31.7,17364.339,4605.1410000000005,15336.386999999999
2.0,Southern Province,21.0,Nyanza,2105.0,Kigoma,kigoma,Kigoma,42.1,26.0,27.0,4.9,100,26579,Huye,31.9,19.47,36.733333333333334,8478.701,1302.371,11189.759000000002
2.0,Southern Province,21.0,Nyanza,2106.0,Mukingo,mukingo,Mukingo,42.9,24.3,25.8,7.0,100,40510,Nyanza,32.8,19.69,36.699999999999996,13287.28,2835.7,17378.79
2.0,Southern Province,21.0,Nyanza,2107.0,Muyira,muyira,Muyira,30.3,24.8,31.5,13.4,100,43489,Nyanza,44.9,22.8,28.46666666666667,19526.560999999998,5827.526,13177.167
2.0,Southern Province,21.0,Nyanza,2108.0,Ntyazo,ntyazo,Ntyazo,26.5,22.3,33.0,18.2,100,34064,Nyanza,51.2,24.29,25.099999999999998,17440.768,6199.647999999999,9026.96
2.0,Southern Province,21.0,Nyanza,2109.0,Nyagisozi,nyagisozi,Nyagisozi,30.4,29.2,32.1,8.2,100,28846,Nyanza,40.3,21.790000000000003,30.0,11624.937999999998,2365.372,8769.184
2.0,Southern Province,21.0,Nyanza,2109.0,Nyagisozi,nyagisozi,Nyagisozi,48.1,18.7,28.5,4.8,100,18554,Nyaruguru,33.3,19.02,38.300000000000004,6178.482,890.592,8924.474
2.0,Southern Province,21.0,Nyanza,2110.0,Rwabicuma,rwabicuma,Rwabicuma,35.6,26.6,30.9,6.9,100,21952,Nyanza,37.8,20.91,32.6,8297.856,1514.688,7814.912
2.0,Southern Province,22.0,Gisagara,2201.0,Gikonko,gikonko,Gikonko,32.2,21.9,34.5,11.5,100,28794,Gisagara,46.0,22.55,28.76666666666667,13245.24,3311.31,9271.668
2.0,Southern Province,22.0,Gisagara,2202.0,Gishubi,gishubi,Gishubi,21.3,19.9,38.9,20.0,100,31209,Gisagara,58.9,25.78,20.833333333333332,18382.101,6241.8,6647.517000000001
2.0,Southern Province,22.0,Gisagara,2203.0,Kansi,kansi,Kansi,40.6,22.7,29.7,7.0,100,23524,Gisagara,36.7,20.31,34.63333333333333,8633.308,1646.68,9550.744
2.0,Southern Province,22.0,Gisagara,2204.0,Kibirizi,kibirizi,Kibirizi,36.8,22.0,32.1,9.1,100,34480,Gisagara,41.2,21.35,31.866666666666664,14205.76,3137.68,12688.64
2.0,Southern Province,22.0,Gisagara,2204.0,Kibirizi,kibirizi,Kibirizi,34.2,33.5,27.8,4.6,100,22044,Nyamagabe,32.4,20.3,33.96666666666667,7142.255999999999,1014.0239999999999,7539.048000000001
2.0,Southern Province,22.0,Gisagara,2205.0,Kigembe,kigembe,Kigembe,32.8,24.3,35.6,7.3,100,23360,Gisagara,42.9,21.74,29.966666666666665,10021.44,1705.28,7662.079999999999
2.0,Southern Province,22.0,Gisagara,2206.0,Mamba,mamba,Mamba,30.1,20.9,32.3,16.7,100,44880,Gisagara,49.0,23.56,27.03333333333333,21991.2,7494.96,13508.88
2.0,Southern Province,22.0,Gisagara,2207.0,Muganza,muganza,Muganza,29.8,21.4,34.8,14.0,100,36715,Gisagara,48.8,23.3,27.0,17916.92,5140.1,10941.07
2.0,Southern Province,22.0,Gisagara,2207.0,Muganza,muganza,Muganza,35.9,23.4,33.3,7.4,100,19277,Nyaruguru,40.699999999999996,21.220000000000002,31.73333333333333,7845.738999999999,1426.4980000000003,6920.442999999999
2.0,Southern Province,22.0,Gisagara,2207.0,Muganza,muganza,Muganza,48.4,18.3,25.4,8.0,100,29446,Rusizi,33.4,19.32,38.36666666666667,9834.964,2355.68,14251.864
2.0,Southern Province,22.0,Gisagara,2208.0,Mugombwa,mugombwa,Mugombwa,41.2,21.5,29.7,7.6,100,34760,Gisagara,37.3,20.369999999999997,34.63333333333333,12965.48,2641.76,14321.12
2.0,Southern Province,22.0,Gisagara,2209.0,Mukindo,mukindo,Mukindo,33.0,22.1,33.6,11.3,100,32209,Gisagara,44.900000000000006,22.32,29.366666666666664,14461.841,3639.617,10628.97
2.0,Southern Province,22.0,Gisagara,2210.0,Musha,musha,Musha,30.7,21.5,34.4,13.4,100,29634,Gisagara,47.8,23.049999999999997,27.633333333333336,14165.052,3970.956,9097.637999999999
2.0,Southern Province,22.0,Gisagara,2210.0,Musha,musha,Musha,40.7,23.1,27.6,8.5,100,27614,Rwamagana,36.1,20.369999999999997,34.833333333333336,9968.654,2347.19,11238.898000000001
2.0,Southern Province,22.0,Gisagara,2211.0,Ndora,ndora,Ndora,30.7,22.7,33.1,13.5,100,31477,Gisagara,46.6,22.94,28.03333333333333,14668.282,4249.395,9663.439
2.0,Southern Province,22.0,Gisagara,2212.0,Nyanza,nyanza,Nyanza,26.3,22.8,40.0,10.9,100,20225,Gisagara,50.9,23.55,25.133333333333336,10294.525,2204.525,5319.175
2.0,Southern Province,22.0,Gisagara,2213.0,Save,save,Save,39.2,24.7,28.7,7.5,100,33173,Gisagara,36.2,20.47,34.36666666666667,12008.626,2487.975,13003.816
2.0,Southern Province,23.0,Nyaruguru,2301.0,Busanze,busanze,Busanze,32.0,26.6,31.8,9.6,100,26955,Nyaruguru,41.4,21.9,30.2,11159.37,2587.68,8625.6
2.0,Southern Province,23.0,Nyaruguru,2302.0,Cyahinda,cyahinda,Cyahinda,39.8,25.7,28.1,6.5,100,21972,Nyaruguru,34.6,20.15,35.1,7602.312000000001,1428.18,8744.856
2.0,Southern Province,23.0,Nyaruguru,2303.0,Kibeho,kibeho,Kibeho,46.4,23.3,23.8,6.5,100,25307,Nyaruguru,30.3,19.04,38.699999999999996,7668.021,1644.955,11742.448
2.0,Southern Province,23.0,Nyaruguru,2304.0,Kivu,kivu,Kivu,37.1,24.6,31.0,7.3,100,17606,Nyaruguru,38.3,20.85,32.93333333333334,6743.097999999999,1285.238,6531.826
2.0,Southern Province,23.0,Nyaruguru,2305.0,Mata,mata,Mata,43.4,28.1,23.3,5.2,100,15687,Nyaruguru,28.5,19.03,38.300000000000004,4470.795,815.724,6808.157999999999
2.0,Southern Province,23.0,Nyaruguru,2306.0,Muganza,muganza,Muganza,29.8,21.4,34.8,14.0,100,36715,Gisagara,48.8,23.3,27.0,17916.92,5140.1,10941.07
2.0,Southern Province,23.0,Nyaruguru,2306.0,Muganza,muganza,Muganza,35.9,23.4,33.3,7.4,100,19277,Nyaruguru,40.699999999999996,21.220000000000002,31.73333333333333,7845.738999999999,1426.4980000000003,6920.442999999999
2.0,Southern Province,23.0,Nyaruguru,2306.0,Muganza,muganza,Muganza,48.4,18.3,25.4,8.0,100,29446,Rusizi,33.4,19.32,38.36666666666667,9834.964,2355.68,14251.864
2.0,Southern Province,23.0,Nyaruguru,2307.0,Munini,munini,Munini,37.5,29.2,27.5,5.8,100,17990,Nyaruguru,33.3,20.16,34.733333333333334,5990.67,1043.42,6746.25
2.0,Southern Province,23.0,Nyaruguru,2308.0,Ngera,ngera,Ngera,35.9,23.0,33.0,8.1,100,24004,Nyaruguru,41.1,21.330000000000002,31.599999999999998,9865.644,1944.3239999999998,8617.436
2.0,Southern Province,23.0,Nyaruguru,2309.0,Ngoma,ngoma,Ngoma,44.2,19.3,30.5,6.0,100,23800,Nyaruguru,36.5,19.830000000000002,35.9,8687.0,1428.0,10519.6
2.0,Southern Province,23.0,Nyaruguru,2309.0,Ngoma,ngoma,Ngoma,79.4,10.5,8.3,1.8,100,22160,Huye,10.100000000000001,13.25,56.43333333333334,2238.1600000000003,398.88,17595.04
2.0,Southern Province,23.0,Nyaruguru,2309.0,Ngoma,ngoma,Ngoma,42.9,29.6,24.3,3.2,100,12980,Rulindo,27.5,18.78,38.46666666666667,3569.5,415.36,5568.42
2.0,Southern Province,23.0,Nyaruguru,2310.0,Nyabimata,nyabimata,Nyabimata,31.3,23.2,36.2,9.3,100,17166,Nyaruguru,45.5,22.35,28.599999999999998,7810.53,1596.438,5372.9580000000005
2.0,Southern Province,23.0,Nyaruguru,2311.0,Nyagisozi,nyagisozi,Nyagisozi,30.4,29.2,32.1,8.2,100,28846,Nyanza,40.3,21.790000000000003,30.0,11624.937999999998,2365.372,8769.184
2.0,Southern Province,23.0,Nyaruguru,2311.0,Nyagisozi,nyagisozi,Nyagisozi,48.1,18.7,28.5,4.8,100,18554,Nyaruguru,33.3,19.02,38.300000000000004,6178.482,890.592,8924.474
2.0,Southern Province,23.0,Nyaruguru,2312.0,Ruheru,ruheru,Ruheru,33.0,24.0,32.7,10.3,100,24408,Nyaruguru,43.0,22.03,30.0,10495.44,2514.0240000000003,8054.64
2.0,Southern Province,23.0,Nyaruguru,2313.0,Ruramba,ruramba,Ruramba,37.9,27.1,28.8,6.2,100,17294,Nyaruguru,35.0,20.330000000000002,34.300000000000004,6052.9,1072.228,6554.4259999999995
2.0,Southern Province,23.0,Nyaruguru,2314.0,Rusenge,rusenge,Rusenge,27.9,28.8,33.3,10.0,100,25099,Nyaruguru,43.3,22.54,28.2,10867.867,2509.9,7002.621
2.0,Southern Province,24.0,Huye,2401.0,Gishamvu,gishamvu,Gishamvu,40.8,22.9,29.3,7.1,100,14967,Huye,36.4,20.290000000000003,34.833333333333336,5447.987999999999,1062.657,6106.536
2.0,Southern Province,24.0,Huye,2402.0,Huye,huye,Huye,48.8,22.0,22.0,7.2,100,29738,Huye,29.2,18.76,39.86666666666667,8683.496,2141.136,14512.143999999998
2.0,Southern Province,24.0,Huye,2403.0,Karama,karama,Karama,38.5,30.3,26.1,5.2,100,17802,Huye,31.3,19.82,35.766666666666666,5572.026,925.7040000000001,6853.77
2.0,Southern Province,24.0,Huye,2403.0,Karama,karama,Karama,50.3,25.5,21.6,2.7,100,21261,Kamonyi,24.3,17.69,42.03333333333333,5166.423,574.047,10694.283000000001
2.0,Southern Province,24.0,Huye,2403.0,Karama,karama,Karama,34.2,26.6,31.1,8.1,100,33037,Nyagatare,39.2,21.310000000000002,31.666666666666668,12950.504,2675.9970000000003,11298.654000000002
2.0,Southern Province,24.0,Huye,2404.0,Kigoma,kigoma,Kigoma,36.3,22.5,30.2,10.9,100,42249,Nyanza,41.1,21.55,31.7,17364.339,4605.1410000000005,15336.386999999999
2.0,Southern Province,24.0,Huye,2404.0,Kigoma,kigoma,Kigoma,42.1,26.0,27.0,4.9,100,26579,Huye,31.9,19.47,36.733333333333334,8478.701,1302.371,11189.759000000002
2.0,Southern Province,24.0,Huye,2405.0,Kinazi,kinazi,Kinazi,38.5,23.3,28.9,9.2,100,34192,Huye,38.099999999999994,20.86,33.43333333333333,13027.151999999996,3145.6639999999998,13163.92
2.0,Southern Province,24.0,Huye,2405.0,Kinazi,kinazi,Kinazi,31.7,23.8,31.2,13.4,100,52274,Ruhango,44.6,22.65,29.066666666666666,23314.203999999998,7004.715999999999,16570.858
2.0,Southern Province,24.0,Huye,2406.0,Maraba,maraba,Maraba,40.6,26.9,26.5,6.1,100,27614,Huye,32.6,19.83,36.03333333333333,9002.164,1684.454,11211.284000000001
2.0,Southern Province,24.0,Huye,2407.0,Mbazi,mbazi,Mbazi,47.5,23.3,23.4,5.8,100,37487,Huye,29.2,18.75,39.43333333333333,10946.204,2174.246,17806.325
2.0,Southern Province,24.0,Huye,2407.0,Mbazi,mbazi,Mbazi,47.7,23.5,25.4,3.5,100,13131,Nyamagabe,28.9,18.49,39.63333333333333,3794.8589999999995,459.585,6263.487000000001
2.0,Southern Province,24.0,Huye,2408.0,Mukura,mukura,Mukura,46.0,18.2,26.6,9.2,100,27958,Huye,35.8,19.9,36.733333333333334,10008.964,2572.136,12860.68
2.0,Southern Province,24.0,Huye,2408.0,Mukura,mukura,Mukura,21.1,32.9,34.0,12.1,100,36563,Rutsiro,46.1,23.729999999999997,25.03333333333333,16855.543,4424.123,7714.793000000001
2.0,Southern Province,24.0,Huye,2409.0,Ngoma,ngoma,Ngoma,44.2,19.3,30.5,6.0,100,23800,Nyaruguru,36.5,19.830000000000002,35.9,8687.0,1428.0,10519.6
2.0,Southern Province,24.0,Huye,2409.0,Ngoma,ngoma,Ngoma,79.4,10.5,8.3,1.8,100,22160,Huye,10.100000000000001,13.25,56.43333333333334,2238.1600000000003,398.88,17595.04
2.0,Southern Province,24.0,Huye,2409.0,Ngoma,ngoma,Ngoma,42.9,29.6,24.3,3.2,100,12980,Rulindo,27.5,18.78,38.46666666666667,3569.5,415.36,5568.42
2.0,Southern Province,24.0,Huye,2410.0,Ruhashya,ruhashya,Ruhashya,35.2,25.7,31.0,8.1,100,25967,Huye,39.1,21.2,32.03333333333334,10153.097000000002,2103.3269999999998,9140.384
2.0,Southern Province,24.0,Huye,2411.0,Rusatira,rusatira,Rusatira,38.0,22.8,28.8,10.5,100,31725,Huye,39.3,21.2,32.93333333333333,12467.925,3331.125,12055.5
2.0,Southern Province,24.0,Huye,2412.0,Rwaniro,rwaniro,Rwaniro,27.5,30.5,33.8,8.2,100,24136,Huye,42.0,22.27,28.5,10137.12,1979.1519999999998,6637.4
2.0,Southern Province,24.0,Huye,2413.0,Simbi,simbi,Simbi,38.9,27.3,28.0,5.9,100,24196,Huye,33.9,20.11,35.03333333333333,8202.444,1427.5639999999999,9412.244
2.0,Southern Province,24.0,Huye,2414.0,Tumba,tumba,Tumba,68.8,13.9,12.5,4.8,100,39494,Huye,17.3,15.330000000000002,50.5,6832.462,1895.7119999999998,27171.871999999996
2.0,Southern Province,24.0,Huye,2414.0,Tumba,tumba,Tumba,46.1,31.0,21.0,1.9,100,21093,Rulindo,22.9,17.869999999999997,41.06666666666667,4830.297,400.767,9723.873
2.0,Southern Province,25.0,Nyamagabe,2501.0,Buruhukiro,buruhukiro,Buruhukiro,23.1,29.0,35.4,12.6,100,27259,Nyamagabe,48.0,23.77,25.066666666666666,13084.32,3434.6339999999996,6296.829000000001
2.0,Southern Province,25.0,Nyamagabe,2502.0,Cyanika,cyanika,Cyanika,40.6,27.7,27.3,4.5,100,27403,Nyamagabe,31.8,19.59,36.300000000000004,8714.154,1233.135,11125.618
2.0,Southern Province,25.0,Nyamagabe,2502.0,Cyanika,cyanika,Cyanika,36.1,25.1,32.6,6.1,100,40938,Burera,38.7,20.85,32.43333333333334,15843.006000000001,2497.218,14778.618
2.0,Southern Province,25.0,Nyamagabe,2503.0,Gasaka,gasaka,Gasaka,60.5,20.5,16.4,2.6,100,36379,Nyamagabe,19.0,16.11,47.166666666666664,6912.01,945.854,22009.295
2.0,Southern Province,25.0,Nyamagabe,2504.0,Gatare,gatare,Gatare,24.0,28.8,36.1,11.1,100,17838,Nyamagabe,47.2,23.43,25.599999999999998,8419.536,1980.0179999999998,4281.12
2.0,Southern Province,25.0,Nyamagabe,2505.0,Kaduha,kaduha,Kaduha,27.0,26.9,34.8,11.3,100,23844,Nyamagabe,46.099999999999994,23.04,26.96666666666667,10992.083999999999,2694.3720000000003,6437.88
2.0,Southern Province,25.0,Nyamagabe,2506.0,Kamegeri,kamegeri,Kamegeri,28.4,32.1,31.7,7.9,100,14967,Nyamagabe,39.6,21.93,29.633333333333336,5926.932000000001,1182.393,4250.628
2.0,Southern Province,25.0,Nyamagabe,2507.0,Kibirizi,kibirizi,Kibirizi,36.8,22.0,32.1,9.1,100,34480,Gisagara,41.2,21.35,31.866666666666664,14205.76,3137.68,12688.64
2.0,Southern Province,25.0,Nyamagabe,2507.0,Kibirizi,kibirizi,Kibirizi,34.2,33.5,27.8,4.6,100,22044,Nyamagabe,32.4,20.3,33.96666666666667,7142.255999999999,1014.0239999999999,7539.048000000001
2.0,Southern Province,25.0,Nyamagabe,2508.0,Kibumbwe,kibumbwe,Kibumbwe,27.0,32.3,30.9,9.8,100,14131,Nyamagabe,40.7,22.349999999999998,28.766666666666666,5751.317000000001,1384.8380000000002,3815.37
2.0,Southern Province,25.0,Nyamagabe,2509.0,Kitabi,kitabi,Kitabi,27.7,28.8,33.9,9.6,100,26391,Nyamagabe,43.5,22.54,28.066666666666666,11480.085,2533.5359999999996,7310.307
2.0,Southern Province,25.0,Nyamagabe,2510.0,Mbazi,mbazi,Mbazi,47.5,23.3,23.4,5.8,100,37487,Huye,29.2,18.75,39.43333333333333,10946.204,2174.246,17806.325
2.0,Southern Province,25.0,Nyamagabe,2510.0,Mbazi,mbazi,Mbazi,47.7,23.5,25.4,3.5,100,13131,Nyamagabe,28.9,18.49,39.63333333333333,3794.8589999999995,459.585,6263.487000000001
2.0,Southern Province,25.0,Nyamagabe,2511.0,Mugano,mugano,Mugano,24.4,28.6,35.8,11.2,100,20993,Nyamagabe,47.0,23.38,25.8,9866.71,2351.216,5122.2919999999995
2.0,Southern Province,25.0,Nyamagabe,2512.0,Musange,musange,Musange,42.1,26.9,26.0,4.9,100,21261,Nyamagabe,30.9,19.349999999999998,37.03333333333333,6569.649,1041.789,8950.881
2.0,Southern Province,25.0,Nyamagabe,2513.0,Musebeya,musebeya,Musebeya,25.4,30.7,33.7,10.1,100,20453,Nyamagabe,43.800000000000004,22.830000000000002,27.166666666666668,8958.414,2065.7529999999997,5195.062
2.0,Southern Province,25.0,Nyamagabe,2514.0,Mushubi,mushubi,Mushubi,29.7,27.6,35.4,7.4,100,14279,Nyamagabe,42.8,22.07,29.0,6111.411999999999,1056.646,4240.863
2.0,Southern Province,25.0,Nyamagabe,2515.0,Nkomane,nkomane,Nkomane,17.1,30.0,39.7,13.1,100,18174,Nyamagabe,52.800000000000004,24.86,21.400000000000002,9595.872000000001,2380.794,3107.7540000000004
2.0,Southern Province,25.0,Nyamagabe,2516.0,Tare,tare,Tare,33.1,29.5,29.2,8.2,100,24364,Nyamagabe,37.4,21.249999999999996,31.900000000000002,9112.136,1997.848,8064.484
2.0,Southern Province,25.0,Nyamagabe,2517.0,Uwinkingi,uwinkingi,Uwinkingi,27.5,30.7,33.7,8.1,100,25171,Nyamagabe,41.800000000000004,22.240000000000002,28.566666666666666,10521.478000000001,2038.8509999999997,6922.025
2.0,Southern Province,26.0,Ruhango,2601.0,Bweramana,bweramana,Bweramana,41.2,25.7,25.7,7.4,100,33764,Ruhango,33.1,19.93,36.03333333333334,11175.884000000002,2498.536,13910.768
2.0,Southern Province,26.0,Ruhango,2602.0,Byimana,byimana,Byimana,51.8,23.9,20.2,4.2,100,42413,Ruhango,24.4,17.7,42.5,10348.771999999999,1781.346,21969.933999999997
2.0,Southern Province,26.0,Ruhango,2603.0,Kabagali,kabagali,Kabagali,34.1,27.9,30.5,7.5,100,27203,Ruhango,38.0,21.14,32.03333333333333,10337.14,2040.225,9276.223
2.0,Southern Province,26.0,Ruhango,2604.0,Kinazi,kinazi,Kinazi,38.5,23.3,28.9,9.2,100,34192,Huye,38.099999999999994,20.86,33.43333333333333,13027.151999999996,3145.6639999999998,13163.92
2.0,Southern Province,26.0,Ruhango,2604.0,Kinazi,kinazi,Kinazi,31.7,23.8,31.2,13.4,100,52274,Ruhango,44.6,22.65,29.066666666666666,23314.203999999998,7004.715999999999,16570.858
2.0,Southern Province,26.0,Ruhango,2605.0,Kinihira,kinihira,Kinihira,32.7,31.4,28.4,7.5,100,27966,Ruhango,35.9,21.07,32.26666666666667,10039.794,2097.45,9144.882000000001
2.0,Southern Province,26.0,Ruhango,2605.0,Kinihira,kinihira,Kinihira,44.4,29.9,23.2,2.5,100,17434,Rulindo,25.7,18.38,39.56666666666666,4480.538,435.85,7740.696
2.0,Southern Province,26.0,Ruhango,2606.0,Mbuye,mbuye,Mbuye,31.6,25.0,31.0,12.4,100,47148,Ruhango,43.4,22.419999999999998,29.400000000000002,20462.232,5846.352000000001,14898.768
2.0,Southern Province,26.0,Ruhango,2607.0,Mwendo,mwendo,Mwendo,40.8,27.1,27.5,4.6,100,26967,Ruhango,32.1,19.590000000000003,36.23333333333333,8656.407000000001,1240.482,11002.535999999998
2.0,Southern Province,26.0,Ruhango,2608.0,Ntongwe,ntongwe,Ntongwe,28.8,25.6,33.0,12.6,100,38339,Ruhango,45.6,22.940000000000005,27.733333333333334,17482.584000000003,4830.714,11041.632
2.0,Southern Province,26.0,Ruhango,2609.0,Ruhango,ruhango,Ruhango,47.6,22.8,23.0,6.7,100,81828,Ruhango,29.7,18.9,39.333333333333336,24302.916,5482.476,38950.128000000004
2.0,Southern Province,26.0,Ruhango,2609.0,Ruhango,ruhango,Ruhango,28.4,31.4,29.8,10.4,100,28330,Rutsiro,40.2,22.220000000000002,29.399999999999995,11388.66,2946.32,8045.72
2.0,Southern Province,27.0,Muhanga,2701.0,Cyeza,cyeza,Cyeza,51.3,23.5,22.3,2.9,100,35812,Muhanga,25.2,17.68,42.03333333333333,9024.624,1038.548,18371.555999999997
2.0,Southern Province,27.0,Muhanga,2702.0,Kabacuzi,kabacuzi,Kabacuzi,43.3,26.8,26.6,3.4,100,30553,Muhanga,30.0,19.03,37.8,9165.9,1038.802,13229.448999999999
2.0,Southern Province,27.0,Muhanga,2703.0,Kibangu,kibangu,Kibangu,41.0,26.1,28.5,4.4,100,21089,Muhanga,32.9,19.630000000000003,36.03333333333333,6938.281,927.916,8646.49
2.0,Southern Province,27.0,Muhanga,2704.0,Kiyumba,kiyumba,Kiyumba,42.9,30.5,24.3,2.3,100,26827,Muhanga,26.6,18.6,38.766666666666666,7135.982000000001,617.021,11508.783000000001
2.0,Southern Province,27.0,Muhanga,2705.0,Muhanga,muhanga,Muhanga,49.2,25.0,22.9,2.9,100,29642,Muhanga,25.799999999999997,17.95,41.13333333333333,7647.635999999999,859.618,14583.864000000001
2.0,Southern Province,27.0,Muhanga,2706.0,Mushishiro,mushishiro,Mushishiro,45.1,26.0,25.5,3.4,100,21852,Muhanga,28.9,18.72,38.733333333333334,6315.227999999999,742.9680000000001,9855.252
2.0,Southern Province,27.0,Muhanga,2707.0,Nyabinoni,nyabinoni,Nyabinoni,25.7,32.0,35.6,6.7,100,17322,Muhanga,42.300000000000004,22.330000000000002,27.8,7327.206000000001,1160.574,4451.754
2.0,Southern Province,27.0,Muhanga,2708.0,Nyamabuye,nyamabuye,Nyamabuye,79.2,11.3,7.9,1.6,100,65673,Muhanga,9.5,13.190000000000001,56.56666666666667,6238.935,1050.768,52013.016
2.0,Southern Province,27.0,Muhanga,2709.0,Nyarusange,nyarusange,Nyarusange,37.1,28.4,28.3,6.2,100,28838,Muhanga,34.5,20.36,34.199999999999996,9949.11,1787.9560000000001,10698.898000000001
2.0,Southern Province,27.0,Muhanga,2710.0,Rongi,rongi,Rongi,30.5,31.1,32.5,6.0,100,32037,Muhanga,38.5,21.419999999999998,30.7,12334.245,1922.22,9771.285
2.0,Southern Province,27.0,Muhanga,2711.0,Rugendabari,rugendabari,Rugendabari,39.4,28.0,29.5,3.1,100,19081,Muhanga,32.6,19.630000000000003,35.6,6220.406,591.511,7517.914000000001
2.0,Southern Province,27.0,Muhanga,2712.0,Shyogwe,shyogwe,Shyogwe,61.4,17.2,17.2,4.2,100,44109,Muhanga,21.4,16.419999999999998,46.666666666666664,9439.326,1852.5780000000002,27082.926
2.0,Southern Province,28.0,Kamonyi,2801.0,Gacurabwenge,gacurabwenge,Gacurabwenge,56.9,22.0,17.8,3.4,100,38135,Kamonyi,21.2,16.79,45.26666666666667,8084.62,1296.59,21698.815
2.0,Southern Province,28.0,Kamonyi,2802.0,Karama,karama,Karama,38.5,30.3,26.1,5.2,100,17802,Huye,31.3,19.82,35.766666666666666,5572.026,925.7040000000001,6853.77
2.0,Southern Province,28.0,Kamonyi,2802.0,Karama,karama,Karama,50.3,25.5,21.6,2.7,100,21261,Kamonyi,24.3,17.69,42.03333333333333,5166.423,574.047,10694.283000000001
2.0,Southern Province,28.0,Kamonyi,2802.0,Karama,karama,Karama,34.2,26.6,31.1,8.1,100,33037,Nyagatare,39.2,21.310000000000002,31.666666666666668,12950.504,2675.9970000000003,11298.654000000002
2.0,Southern Province,28.0,Kamonyi,2803.0,Kayenzi,kayenzi,Kayenzi,49.6,25.1,22.3,3.0,100,26339,Kamonyi,25.3,17.87,41.43333333333334,6663.767000000001,790.17,13064.144000000002
2.0,Southern Province,28.0,Kamonyi,2804.0,Kayumbu,kayumbu,Kayumbu,46.1,25.9,24.9,3.1,100,18290,Kamonyi,28.0,18.499999999999996,39.36666666666667,5121.2,566.99,8431.69
2.0,Southern Province,28.0,Kamonyi,2805.0,Mugina,mugina,Mugina,33.5,27.4,30.2,9.0,100,47020,Kamonyi,39.2,21.49,31.46666666666667,18431.840000000004,4231.8,15751.7
2.0,Southern Province,28.0,Kamonyi,2806.0,Musambira,musambira,Musambira,46.1,27.6,22.0,4.3,100,43589,Kamonyi,26.3,18.45,39.93333333333334,11463.907,1874.3269999999998,20094.529000000002
2.0,Southern Province,28.0,Kamonyi,2807.0,Ngamba,ngamba,Ngamba,41.4,29.2,25.9,3.4,100,17158,Kamonyi,29.299999999999997,19.11,37.333333333333336,5027.294,583.372,7103.411999999999
2.0,Southern Province,28.0,Kamonyi,2808.0,Nyamiyaga,nyamiyaga,Nyamiyaga,34.8,29.2,28.2,7.8,100,46360,Kamonyi,36.0,20.9,32.93333333333333,16689.6,3616.08,16133.279999999997
2.0,Southern Province,28.0,Kamonyi,2808.0,Nyamiyaga,nyamiyaga,Nyamiyaga,35.0,25.5,32.4,7.1,100,20217,Gicumbi,39.5,21.16,31.833333333333332,7985.715,1435.407,7075.95
2.0,Southern Province,28.0,Kamonyi,2809.0,Nyarubaka,nyarubaka,Nyarubaka,42.1,27.1,26.3,4.6,100,29438,Kamonyi,30.9,19.36,37.1,9096.341999999999,1354.148,12393.398000000001
2.0,Southern Province,28.0,Kamonyi,2810.0,Rugarika,rugarika,Rugarika,51.6,22.3,20.6,5.4,100,62366,Kamonyi,26.0,17.96,41.833333333333336,16215.16,3367.764,32180.856
2.0,Southern Province,28.0,Kamonyi,2811.0,Rukoma,rukoma,Rukoma,48.7,25.7,21.9,3.8,100,40850,Kamonyi,25.7,18.1,41.03333333333334,10498.45,1552.3,19893.95
2.0,Southern Province,28.0,Kamonyi,2812.0,Runda,runda,Runda,69.4,15.2,11.9,3.5,100,74546,Kamonyi,15.4,14.95,51.333333333333336,11480.084,2609.11,51734.924000000006
3.0,Western Province,31.0,Karongi,3101.0,Bwishyura,bwishyura,Bwishyura,51.6,21.6,20.4,6.4,100,41162,Karongi,26.799999999999997,18.16,41.6,11031.416,2634.368,21239.592
3.0,Western Province,31.0,Karongi,3102.0,Gashari,gashari,Gashari,36.5,32.1,27.3,4.0,100,20985,Karongi,31.3,19.860000000000003,35.03333333333333,6568.305,839.4,7659.525
3.0,Western Province,31.0,Karongi,3103.0,Gishyita,gishyita,Gishyita,45.3,24.6,25.8,4.3,100,23716,Karongi,30.1,18.910000000000004,38.4,7138.516,1019.788,10743.348
3.0,Western Province,31.0,Karongi,3104.0,Gitesi,gitesi,Gitesi,29.6,31.1,31.4,7.9,100,27199,Karongi,39.3,21.759999999999998,30.100000000000005,10689.207,2148.721,8050.904
3.0,Western Province,31.0,Karongi,3105.0,Mubuga,mubuga,Mubuga,38.1,24.7,30.4,6.9,100,23284,Karongi,37.3,20.63,33.63333333333333,8684.931999999999,1606.596,8871.204
3.0,Western Province,31.0,Karongi,3106.0,Murambi,murambi,Murambi,33.4,33.5,27.6,5.5,100,23012,Karongi,33.1,20.520000000000003,33.43333333333333,7616.972000000001,1265.66,7686.007999999999
3.0,Western Province,31.0,Karongi,3106.0,Murambi,murambi,Murambi,53.5,21.8,20.1,4.6,100,27315,Rulindo,24.700000000000003,17.580000000000002,42.93333333333334,6746.805000000001,1256.4899999999998,14613.525
3.0,Western Province,31.0,Karongi,3106.0,Murambi,murambi,Murambi,34.5,28.0,29.5,8.0,100,36887,Gatsibo,37.5,21.1,32.333333333333336,13832.625,2950.96,12726.015
3.0,Western Province,31.0,Karongi,3107.0,Murundi,murundi,Murundi,20.9,34.4,34.7,10.0,100,28174,Karongi,44.7,23.380000000000003,25.399999999999995,12593.778,2817.4,5888.366
3.0,Western Province,31.0,Karongi,3107.0,Murundi,murundi,Murundi,29.2,25.7,32.5,12.6,100,56261,Kayonza,45.1,22.85,28.03333333333333,25373.711,7088.8859999999995,16428.212
3.0,Western Province,31.0,Karongi,3108.0,Mutuntu,mutuntu,Mutuntu,21.3,39.2,31.3,8.2,100,24032,Karongi,39.5,22.640000000000004,27.26666666666667,9492.64,1970.624,5118.816000000001
3.0,Western Province,31.0,Karongi,3109.0,Rubengera,rubengera,Rubengera,50.6,23.6,21.1,4.7,100,41382,Karongi,25.8,17.990000000000002,41.6,10676.556,1944.954,20939.292
3.0,Western Province,31.0,Karongi,3110.0,Rugabano,rugabano,Rugabano,33.5,27.8,31.9,6.8,100,33129,Karongi,38.699999999999996,21.2,31.599999999999998,12820.922999999999,2252.772,11098.215
3.0,Western Province,31.0,Karongi,3111.0,Ruganda,ruganda,Ruganda,28.6,39.0,28.7,3.7,100,18821,Karongi,32.4,20.749999999999996,32.06666666666667,6098.004,696.377,5382.806
3.0,Western Province,31.0,Karongi,3112.0,Rwankuba,rwankuba,Rwankuba,39.9,23.5,29.9,6.7,100,33584,Karongi,36.6,20.34,34.43333333333333,12291.744,2250.128,13400.015999999998
3.0,Western Province,31.0,Karongi,3113.0,Twumba,twumba,Twumba,31.1,32.5,30.2,6.2,100,27171,Karongi,36.4,21.15,31.566666666666666,9890.243999999999,1684.602,8450.181
3.0,Western Province,32.0,Rutsiro,3201.0,Boneza,boneza,Boneza,40.8,32.3,22.6,4.3,100,23492,Rutsiro,26.900000000000002,19.040000000000003,37.96666666666666,6319.348000000001,1010.156,9584.735999999999
3.0,Western Province,32.0,Rutsiro,3202.0,Gihango,gihango,Gihango,42.1,30.5,23.5,3.9,100,26723,Rutsiro,27.4,18.919999999999998,38.233333333333334,7322.102,1042.197,11250.383
3.0,Western Province,32.0,Rutsiro,3203.0,Kigeyo,kigeyo,Kigeyo,34.5,26.1,32.2,7.1,100,23356,Rutsiro,39.300000000000004,21.169999999999998,31.7,9178.908000000001,1658.276,8057.82
3.0,Western Province,32.0,Rutsiro,3204.0,Kivumu,kivumu,Kivumu,38.5,21.2,31.4,8.9,100,32601,Rutsiro,40.3,21.07,32.733333333333334,13138.202999999998,2901.489,12551.385
3.0,Western Province,32.0,Rutsiro,3205.0,Manihira,manihira,Manihira,26.4,33.5,31.9,8.2,100,18806,Rutsiro,40.099999999999994,22.19,28.766666666666666,7541.205999999998,1542.0919999999999,4964.784
3.0,Western Province,32.0,Rutsiro,3206.0,Mukura,mukura,Mukura,46.0,18.2,26.6,9.2,100,27958,Huye,35.8,19.9,36.733333333333334,10008.964,2572.136,12860.68
3.0,Western Province,32.0,Rutsiro,3206.0,Mukura,mukura,Mukura,21.1,32.9,34.0,12.1,100,36563,Rutsiro,46.1,23.729999999999997,25.03333333333333,16855.543,4424.123,7714.793000000001
3.0,Western Province,32.0,Rutsiro,3207.0,Murunda,murunda,Murunda,28.3,29.9,27.4,14.4,100,21884,Rutsiro,41.8,22.79,28.833333333333332,9147.511999999999,3151.2960000000003,6193.1720000000005
3.0,Western Province,32.0,Rutsiro,3208.0,Musasa,musasa,Musasa,35.8,29.0,29.5,5.8,100,25523,Rutsiro,35.3,20.55,33.53333333333333,9009.618999999999,1480.3339999999998,9137.233999999999
3.0,Western Province,32.0,Rutsiro,3209.0,Mushonyi,mushonyi,Mushonyi,37.8,27.3,29.9,5.0,100,23696,Rutsiro,34.9,20.209999999999997,34.3,8269.904,1184.8,8957.088
3.0,Western Province,32.0,Rutsiro,3210.0,Mushubati,mushubati,Mushubati,38.2,28.4,27.0,6.4,100,30485,Rutsiro,33.4,20.159999999999997,34.93333333333334,10181.99,1951.04,11645.27
3.0,Western Province,32.0,Rutsiro,3211.0,Nyabirasi,nyabirasi,Nyabirasi,23.9,22.8,35.2,18.2,100,29698,Rutsiro,53.400000000000006,24.79,23.53333333333333,15858.732000000002,5405.036,7097.821999999999
3.0,Western Province,32.0,Rutsiro,3212.0,Ruhango,ruhango,Ruhango,47.6,22.8,23.0,6.7,100,81828,Ruhango,29.7,18.9,39.333333333333336,24302.916,5482.476,38950.128000000004
3.0,Western Province,32.0,Rutsiro,3212.0,Ruhango,ruhango,Ruhango,28.4,31.4,29.8,10.4,100,28330,Rutsiro,40.2,22.220000000000002,29.399999999999995,11388.66,2946.32,8045.72
3.0,Western Province,32.0,Rutsiro,3213.0,Rusebeya,rusebeya,Rusebeya,16.3,32.1,36.5,15.0,100,25931,Rutsiro,51.5,25.0,21.566666666666666,13354.465,3889.65,4226.753000000001
3.0,Western Province,33.0,Rubavu,3301.0,Bugeshi,bugeshi,Bugeshi,33.6,24.0,31.0,11.4,100,31401,Rubavu,42.4,22.02,30.400000000000002,13314.024,3579.7140000000004,10550.736
3.0,Western Province,33.0,Rubavu,3302.0,Busasamana,busasamana,Busasamana,59.0,18.5,17.3,5.1,100,54321,Nyanza,22.4,16.830000000000002,45.5,12167.903999999999,2770.3709999999996,32049.39
3.0,Western Province,33.0,Rubavu,3302.0,Busasamana,busasamana,Busasamana,27.5,19.5,35.2,17.8,100,36619,Rubavu,53.0,24.330000000000002,24.833333333333332,19408.07,6518.182000000001,10070.225
3.0,Western Province,33.0,Rubavu,3303.0,Cyanzarwe,cyanzarwe,Cyanzarwe,29.4,18.0,34.5,18.2,100,34008,Rubavu,52.7,24.17,25.599999999999998,17922.216,6189.456,9998.351999999999
3.0,Western Province,33.0,Rubavu,3304.0,Gisenyi,gisenyi,Gisenyi,88.9,7.5,2.9,0.7,100,52898,Rubavu,3.5999999999999996,11.540000000000001,61.76666666666667,1904.328,370.286,47026.322
3.0,Western Province,33.0,Rubavu,3305.0,Kanama,kanama,Kanama,37.2,17.8,27.6,17.4,100,33972,Rubavu,45.0,22.52,30.733333333333334,15287.4,5911.128,12637.584
3.0,Western Province,33.0,Rubavu,3306.0,Kanzenze,kanzenze,Kanzenze,43.1,20.8,24.5,11.5,100,21189,Rubavu,36.0,20.419999999999998,35.666666666666664,7628.04,2436.735,9132.459
3.0,Western Province,33.0,Rubavu,3307.0,Mudende,mudende,Mudende,27.8,24.0,34.3,13.8,100,29830,Rubavu,48.099999999999994,23.39,26.53333333333333,14348.229999999998,4116.54,8292.74
3.0,Western Province,33.0,Rubavu,3308.0,Nyakiriba,nyakiriba,Nyakiriba,56.9,16.0,18.1,9.0,100,38087,Rubavu,27.1,17.92,43.26666666666667,10321.577000000001,3427.83,21671.502999999997
3.0,Western Province,33.0,Rubavu,3309.0,Nyamyumba,nyamyumba,Nyamyumba,45.6,18.2,25.1,11.0,100,43553,Rubavu,36.1,20.130000000000003,36.46666666666667,15722.633,4790.83,19860.168
3.0,Western Province,33.0,Rubavu,3310.0,Nyundo,nyundo,Nyundo,37.9,24.3,26.4,11.4,100,37859,Rubavu,37.8,21.13,33.36666666666667,14310.702,4315.926,14348.560999999998
3.0,Western Province,33.0,Rubavu,3311.0,Rubavu,rubavu,Rubavu,59.5,16.6,15.8,8.1,100,73918,Rubavu,23.9,17.25,45.199999999999996,17666.402,5987.357999999999,43981.21
3.0,Western Province,33.0,Rubavu,3312.0,Rugerero,rugerero,Rugerero,57.9,17.6,17.4,7.2,100,62814,Rubavu,24.599999999999998,17.41,44.46666666666667,15452.243999999999,4522.608,36369.306000000004
3.0,Western Province,34.0,Nyabihu,3401.0,Bigogwe,bigogwe,Bigogwe,48.1,21.9,21.6,8.4,100,31177,Nyabihu,30.0,19.029999999999998,39.36666666666667,9353.1,2618.8680000000004,14996.136999999999
3.0,Western Province,34.0,Nyabihu,3402.0,Jenda,jenda,Jenda,41.7,26.4,24.2,7.6,100,41394,Nyabihu,31.799999999999997,19.75,36.6,13163.292,3145.9439999999995,17261.298
3.0,Western Province,34.0,Nyabihu,3403.0,Jomba,jomba,Jomba,25.1,36.7,32.4,5.8,100,21057,Nyabihu,38.199999999999996,21.89,28.96666666666667,8043.773999999999,1221.3059999999998,5285.307000000001
3.0,Western Province,34.0,Nyabihu,3404.0,Kabatwa,kabatwa,Kabatwa,49.5,24.4,21.8,4.3,100,20177,Nyabihu,26.1,18.09,41.13333333333333,5266.197000000001,867.6109999999999,9987.615
3.0,Western Province,34.0,Nyabihu,3405.0,Karago,karago,Karago,25.0,33.9,33.1,8.0,100,25139,Nyabihu,41.1,22.410000000000004,27.96666666666667,10332.129,2011.12,6284.75
3.0,Western Province,34.0,Nyabihu,3406.0,Kintobo,kintobo,Kintobo,25.2,39.1,30.4,5.3,100,14683,Nyabihu,35.699999999999996,21.58,29.833333333333332,5241.830999999999,778.199,3700.116
3.0,Western Province,34.0,Nyabihu,3407.0,Mukamira,mukamira,Mukamira,49.6,25.9,20.4,4.1,100,31777,Nyabihu,24.5,17.9,41.699999999999996,7785.365,1302.8569999999997,15761.392
3.0,Western Province,34.0,Nyabihu,3408.0,Muringa,muringa,Muringa,20.5,29.5,37.9,12.1,100,21365,Nyabihu,50.0,24.16,23.5,10682.5,2585.165,4379.825
3.0,Western Province,34.0,Nyabihu,3409.0,Rambura,rambura,Rambura,29.9,31.1,31.9,7.2,100,27806,Nyabihu,39.1,21.66,30.3,10872.146,2002.0320000000002,8313.993999999999
3.0,Western Province,34.0,Nyabihu,3410.0,Rugera,rugera,Rugera,34.0,31.1,30.1,4.7,100,25479,Nyabihu,34.800000000000004,20.53,33.03333333333333,8866.692000000001,1197.513,8662.86
3.0,Western Province,34.0,Nyabihu,3411.0,Rurembo,rurembo,Rurembo,24.7,32.9,36.2,6.2,100,23260,Nyabihu,42.400000000000006,22.389999999999997,27.433333333333334,9862.240000000002,1442.12,5745.22
3.0,Western Province,34.0,Nyabihu,3412.0,Shyira,shyira,Shyira,36.0,31.9,27.7,4.5,100,22144,Nyabihu,32.2,20.089999999999996,34.63333333333333,7130.368,996.48,7971.84
3.0,Western Province,35.0,Ngororero,3501.0,Bwira,bwira,Bwira,30.9,31.9,32.6,4.6,100,20477,Ngororero,37.2,21.09,31.23333333333333,7617.444,941.942,6327.392999999999
3.0,Western Province,35.0,Ngororero,3502.0,Gatumba,gatumba,Gatumba,42.3,29.0,25.7,3.0,100,26279,Ngororero,28.7,18.939999999999998,37.86666666666667,7542.072999999999,788.37,11116.017
3.0,Western Province,35.0,Ngororero,3503.0,Hindiro,hindiro,Hindiro,33.8,31.9,29.2,5.1,100,25911,Ngororero,34.3,20.560000000000002,33.166666666666664,8887.473,1321.4609999999998,8757.918
3.0,Western Province,35.0,Ngororero,3504.0,Kabaya,kabaya,Kabaya,37.2,31.9,26.6,4.3,100,34944,Ngororero,30.900000000000002,19.8,35.43333333333334,10797.696000000002,1502.5919999999999,12999.168
3.0,Iburengerazuba,35.0,Ngororero,3505.0,Kageyo,kageyo,Kageyo,35.0,31.4,28.9,4.7,100,26231,Ngororero,33.6,20.33,33.800000000000004,8813.616000000002,1232.8570000000002,9180.85
3.0,Iburengerazuba,35.0,Ngororero,3505.0,Kageyo,kageyo,Kageyo,39.9,28.4,27.4,4.3,100,19969,Gicumbi,31.7,19.61,36.06666666666666,6330.172999999999,858.6669999999999,7967.630999999999
3.0,Iburengerazuba,35.0,Ngororero,3505.0,Kageyo,kageyo,Kageyo,31.2,26.4,32.0,10.5,100,25167,Gatsibo,42.5,22.2,29.599999999999998,10695.975,2642.535,7852.104
3.0,Western Province,35.0,Ngororero,3506.0,Kavumu,kavumu,Kavumu,21.4,32.8,34.1,11.8,100,32141,Ngororero,45.900000000000006,23.65,25.2,14752.719000000001,3792.6380000000004,6878.173999999999
3.0,Western Province,35.0,Ngororero,3507.0,Matyazo,matyazo,Matyazo,22.0,35.9,34.3,7.9,100,27471,Ngororero,42.199999999999996,22.830000000000002,26.633333333333336,11592.761999999999,2170.2090000000003,6043.62
3.0,Western Province,35.0,Ngororero,3508.0,Muhanda,muhanda,Muhanda,14.5,23.5,40.5,21.5,100,30793,Ngororero,62.0,26.9,17.5,19091.66,6620.495,4464.985
3.0,Western Province,35.0,Ngororero,3509.0,Muhororo,muhororo,Muhororo,40.7,29.2,26.9,3.2,100,23020,Ngororero,30.099999999999998,19.259999999999998,36.86666666666667,6929.02,736.64,9369.140000000001
3.0,Western Province,35.0,Ngororero,3510.0,Ndaro,ndaro,Ndaro,29.0,32.0,33.8,5.3,100,25395,Ngororero,39.099999999999994,21.56,30.0,9929.445,1345.935,7364.55
3.0,Iburengerazuba,35.0,Ngororero,3511.0,Ngororero,ngororero,Ngororero,40.3,29.4,26.4,3.9,100,41062,Ngororero,30.299999999999997,19.389999999999997,36.666666666666664,12441.785999999998,1601.418,16547.985999999997
3.0,Western Province,35.0,Ngororero,3512.0,Nyange,nyange,Nyange,32.3,34.1,28.8,4.8,100,25927,Ngororero,33.6,20.610000000000003,32.9,8711.472000000002,1244.4959999999999,8374.421
3.0,Western Province,35.0,Ngororero,3512.0,Nyange,nyange,Nyange,40.0,25.2,28.6,6.2,100,32685,Musanze,34.800000000000004,20.1,35.06666666666667,11374.380000000003,2026.47,13074.0
3.0,Western Province,35.0,Ngororero,3513.0,Sovu,sovu,Sovu,13.8,35.6,37.0,13.6,100,30713,Ngororero,50.6,25.040000000000003,21.066666666666666,15540.778,4176.968,4238.394
3.0,Western Province,36.0,Rusizi,3601.0,Bugarama,bugarama,Bugarama,41.8,20.2,26.1,11.9,100,36595,Rusizi,38.0,20.810000000000002,34.6,13906.1,4354.805,15296.71
3.0,Western Province,36.0,Rusizi,3602.0,Butare,butare,Butare,17.8,32.6,34.5,15.1,100,21932,Rusizi,49.6,24.690000000000005,22.733333333333334,10878.271999999999,3311.732,3903.896
3.0,Western Province,36.0,Rusizi,3603.0,Bweyeye,bweyeye,Bweyeye,25.3,28.3,33.6,12.8,100,14403,Rusizi,46.400000000000006,23.39,26.3,6682.992000000001,1843.5840000000003,3643.9590000000003
3.0,Western Province,36.0,Rusizi,3604.0,Gashonga,gashonga,Gashonga,42.4,22.1,28.6,6.8,100,24755,Rusizi,35.4,19.96,35.63333333333333,8763.27,1683.34,10496.12
3.0,Western Province,36.0,Rusizi,3605.0,Giheke,giheke,Giheke,43.5,25.6,26.3,4.7,100,18782,Rusizi,31.0,19.240000000000002,37.53333333333333,5822.42,882.7540000000001,8170.17
3.0,Western Province,36.0,Rusizi,3606.0,Gihundwe,gihundwe,Gihundwe,65.2,17.3,13.9,3.5,100,35496,Rusizi,17.4,15.55,49.23333333333334,6176.303999999999,1242.36,23143.392000000003
3.0,Western Province,36.0,Rusizi,3607.0,Gikundamvura,gikundamvura,Gikundamvura,30.5,21.8,35.2,12.5,100,19285,Rusizi,47.7,22.970000000000002,27.599999999999998,9198.945,2410.625,5881.925
3.0,Western Province,36.0,Rusizi,3608.0,Gitambi,gitambi,Gitambi,38.6,27.7,28.4,5.2,100,21772,Rusizi,33.6,19.999999999999996,34.96666666666667,7315.392000000001,1132.144,8403.992
3.0,Western Province,36.0,Rusizi,3609.0,Kamembe,kamembe,Kamembe,74.5,14.6,9.0,1.8,100,30657,Rusizi,10.8,13.790000000000001,54.53333333333333,3310.956,551.826,22839.465
3.0,Western Province,36.0,Rusizi,3610.0,Muganza,muganza,Muganza,29.8,21.4,34.8,14.0,100,36715,Gisagara,48.8,23.3,27.0,17916.92,5140.1,10941.07
3.0,Western Province,36.0,Rusizi,3610.0,Muganza,muganza,Muganza,35.9,23.4,33.3,7.4,100,19277,Nyaruguru,40.699999999999996,21.220000000000002,31.73333333333333,7845.738999999999,1426.4980000000003,6920.442999999999
3.0,Western Province,36.0,Rusizi,3610.0,Muganza,muganza,Muganza,48.4,18.3,25.4,8.0,100,29446,Rusizi,33.4,19.32,38.36666666666667,9834.964,2355.68,14251.864
3.0,Western Province,36.0,Rusizi,3611.0,Mururu,mururu,Mururu,48.3,22.9,22.7,6.0,100,26055,Rusizi,28.7,18.619999999999997,39.833333333333336,7477.785,1563.3,12584.565
3.0,Western Province,36.0,Rusizi,3612.0,Nkanka,nkanka,Nkanka,36.0,28.1,30.1,5.8,100,16586,Rusizi,35.9,20.57,33.36666666666667,5954.374,961.988,5970.96
3.0,Western Province,36.0,Rusizi,3613.0,Nkombo,nkombo,Nkombo,16.8,27.8,36.9,18.6,100,13627,Rusizi,55.5,25.75,20.46666666666667,7562.985,2534.6220000000003,2289.3360000000002
3.0,Western Province,36.0,Rusizi,3614.0,Nkungu,nkungu,Nkungu,37.2,26.2,31.2,5.4,100,19797,Rusizi,36.6,20.48,33.53333333333334,7245.702000000001,1069.038,7364.484
3.0,Western Province,36.0,Rusizi,3615.0,Nyakabuye,nyakabuye,Nyakabuye,38.7,24.4,29.5,7.3,100,29518,Rusizi,36.8,20.52,33.93333333333334,10862.624,2154.814,11423.466
3.0,Western Province,36.0,Rusizi,3616.0,Nyakarenzo,nyakarenzo,Nyakarenzo,42.9,24.1,27.6,5.4,100,16482,Rusizi,33.0,19.550000000000004,36.63333333333333,5439.06,890.028,7070.777999999999
3.0,Western Province,36.0,Rusizi,3617.0,Nzahaha,nzahaha,Nzahaha,38.5,21.7,31.4,8.4,100,25703,Rusizi,39.8,20.97,32.9,10229.794,2159.052,9895.655
3.0,Western Province,36.0,Rusizi,3618.0,Rwimbogo,rwimbogo,Rwimbogo,46.1,21.8,26.8,5.3,100,18710,Rusizi,32.1,19.130000000000003,38.0,6005.91,991.63,8625.31
3.0,Western Province,36.0,Rusizi,3618.0,Rwimbogo,rwimbogo,Rwimbogo,30.8,29.7,30.1,9.4,100,47136,Gatsibo,39.5,21.810000000000002,30.433333333333334,18618.72,4430.784000000001,14517.888
3.0,Western Province,37.0,Nyamasheke,3701.0,Bushekeri,bushekeri,Bushekeri,36.1,25.5,30.1,8.4,100,25151,Nyamasheke,38.5,21.1,32.56666666666667,9683.135,2112.684,9079.511
3.0,Western Province,37.0,Nyamasheke,3702.0,Bushenge,bushenge,Bushenge,52.9,23.3,21.3,2.5,100,19441,Nyamasheke,23.8,17.34,43.03333333333333,4626.958,486.025,10284.289
3.0,Western Province,37.0,Nyamasheke,3703.0,Cyato,cyato,Cyato,32.1,27.0,34.1,6.8,100,23640,Nyamasheke,40.9,21.56,30.400000000000002,9668.76,1607.52,7588.44
3.0,Western Province,37.0,Nyamasheke,3704.0,Gihombo,gihombo,Gihombo,30.6,30.9,29.7,8.9,100,26995,Nyamasheke,38.6,21.71,30.7,10420.07,2402.555,8260.47
3.0,Western Province,37.0,Nyamasheke,3705.0,Kagano,kagano,Kagano,40.8,24.7,27.9,6.6,100,35272,Nyamasheke,34.5,20.03,35.43333333333333,12168.84,2327.9519999999998,14390.975999999999
3.0,Western Province,37.0,Nyamasheke,3706.0,Kanjongo,kanjongo,Kanjongo,44.3,24.5,25.1,6.2,100,36335,Nyamasheke,31.3,19.340000000000003,37.699999999999996,11372.855,2252.77,16096.405
3.0,Western Province,37.0,Nyamasheke,3707.0,Karambi,karambi,Karambi,41.7,27.7,27.1,3.5,100,26999,Nyamasheke,30.6,19.240000000000002,37.03333333333334,8261.694,944.965,11258.583
3.0,Western Province,37.0,Nyamasheke,3708.0,Karengera,karengera,Karengera,42.8,26.1,27.1,4.0,100,27842,Nyamasheke,31.1,19.23,37.23333333333333,8658.862000000001,1113.68,11916.375999999998
3.0,Western Province,37.0,Nyamasheke,3709.0,Kirimbi,kirimbi,Kirimbi,36.6,29.3,29.2,4.8,100,22628,Nyamasheke,34.0,20.2,34.166666666666664,7693.52,1086.144,8281.848
3.0,Western Province,37.0,Nyamasheke,3710.0,Macuba,macuba,Macuba,42.6,28.6,23.9,4.9,100,29370,Nyamasheke,28.799999999999997,19.11,37.93333333333334,8458.56,1439.13,12511.62
3.0,Western Province,37.0,Nyamasheke,3711.0,Mahembe,mahembe,Mahembe,38.0,28.2,28.6,5.2,100,18893,Nyamasheke,33.800000000000004,20.1,34.733333333333334,6385.834,982.436,7179.34
3.0,Western Province,37.0,Nyamasheke,3712.0,Nyabitekeri,nyabitekeri,Nyabitekeri,43.5,27.1,25.3,4.1,100,24855,Nyamasheke,29.4,19.0,38.03333333333333,7307.37,1019.0549999999998,10811.925
3.0,Western Province,37.0,Nyamasheke,3713.0,Rangiro,rangiro,Rangiro,39.6,29.0,27.2,4.2,100,15863,Nyamasheke,31.4,19.599999999999998,36.06666666666667,4980.982,666.2460000000001,6281.7480000000005
3.0,Western Province,37.0,Nyamasheke,3714.0,Ruharambuga,ruharambuga,Ruharambuga,49.2,25.4,21.9,3.5,100,24076,Nyamasheke,25.4,17.97,41.26666666666667,6115.304,842.66,11845.392
3.0,Western Province,37.0,Nyamasheke,3715.0,Shangi,shangi,Shangi,47.2,23.4,24.4,5.1,100,23424,Nyamasheke,29.5,18.759999999999998,39.26666666666667,6910.08,1194.624,11056.128
4.0,Northern Province,41.0,Rulindo,4101.0,Base,base,Base,48.5,27.1,22.3,2.2,100,20937,Rulindo,24.5,17.84,41.36666666666667,5129.565,460.61400000000003,10154.445
4.0,Northern Province,41.0,Rulindo,4102.0,Burega,burega,Burega,44.4,24.4,26.2,5.0,100,14883,Rulindo,31.2,19.18,37.73333333333333,4643.496,744.15,6608.052
4.0,Northern Province,41.0,Rulindo,4103.0,Bushoki,bushoki,Bushoki,58.9,23.7,16.0,1.3,100,23720,Rulindo,17.3,15.95,47.166666666666664,4103.56,308.36,13971.08
4.0,Northern Province,41.0,Rulindo,4104.0,Buyoga,buyoga,Buyoga,43.5,27.9,24.8,3.8,100,25351,Rulindo,28.6,18.89,38.300000000000004,7250.386000000001,963.3379999999999,11027.685
4.0,Northern Province,41.0,Rulindo,4105.0,Cyinzuzi,cyinzuzi,Cyinzuzi,39.6,27.0,29.0,4.4,100,15990,Rulindo,33.4,19.82,35.4,5340.66,703.56,6332.04
4.0,Northern Province,41.0,Rulindo,4106.0,Cyungo,cyungo,Cyungo,38.7,27.4,29.2,4.7,100,15167,Rulindo,33.9,19.99,34.93333333333334,5141.613,712.849,5869.629
4.0,Northern Province,41.0,Rulindo,4107.0,Kinihira,kinihira,Kinihira,32.7,31.4,28.4,7.5,100,27966,Ruhango,35.9,21.07,32.26666666666667,10039.794,2097.45,9144.882000000001
4.0,Northern Province,41.0,Rulindo,4107.0,Kinihira,kinihira,Kinihira,44.4,29.9,23.2,2.5,100,17434,Rulindo,25.7,18.38,39.56666666666666,4480.538,435.85,7740.696
4.0,Northern Province,41.0,Rulindo,4108.0,Kisaro,kisaro,Kisaro,36.1,31.2,28.1,4.5,100,23376,Rulindo,32.6,20.080000000000002,34.46666666666667,7620.576,1051.92,8438.735999999999
4.0,Northern Province,41.0,Rulindo,4109.0,Masoro,masoro,Masoro,50.4,22.0,22.5,5.2,100,27678,Rulindo,27.7,18.270000000000003,40.93333333333333,7666.806,1439.256,13949.712
4.0,Northern Province,41.0,Rulindo,4110.0,Mbogo,mbogo,Mbogo,51.1,26.5,20.4,2.0,100,19465,Rulindo,22.4,17.33,42.9,4360.16,389.3,9946.615
4.0,Northern Province,41.0,Rulindo,4111.0,Murambi,murambi,Murambi,33.4,33.5,27.6,5.5,100,23012,Karongi,33.1,20.520000000000003,33.43333333333333,7616.972000000001,1265.66,7686.007999999999
4.0,Northern Province,41.0,Rulindo,4111.0,Murambi,murambi,Murambi,53.5,21.8,20.1,4.6,100,27315,Rulindo,24.700000000000003,17.580000000000002,42.93333333333334,6746.805000000001,1256.4899999999998,14613.525
4.0,Northern Province,41.0,Rulindo,4111.0,Murambi,murambi,Murambi,34.5,28.0,29.5,8.0,100,36887,Gatsibo,37.5,21.1,32.333333333333336,13832.625,2950.96,12726.015
4.0,Northern Province,41.0,Rulindo,4112.0,Ngoma,ngoma,Ngoma,44.2,19.3,30.5,6.0,100,23800,Nyaruguru,36.5,19.830000000000002,35.9,8687.0,1428.0,10519.6
4.0,Northern Province,41.0,Rulindo,4112.0,Ngoma,ngoma,Ngoma,79.4,10.5,8.3,1.8,100,22160,Huye,10.100000000000001,13.25,56.43333333333334,2238.1600000000003,398.88,17595.04
4.0,Northern Province,41.0,Rulindo,4112.0,Ngoma,ngoma,Ngoma,42.9,29.6,24.3,3.2,100,12980,Rulindo,27.5,18.78,38.46666666666667,3569.5,415.36,5568.42
4.0,Northern Province,41.0,Rulindo,4113.0,Ntarabana,ntarabana,Ntarabana,47.8,22.6,24.3,5.3,100,25455,Rulindo,29.6,18.71,39.4,7534.68,1349.115,12167.49
4.0,Northern Province,41.0,Rulindo,4114.0,Rukozo,rukozo,Rukozo,40.6,29.1,26.2,4.1,100,17066,Rulindo,30.299999999999997,19.38,36.76666666666667,5170.998,699.7059999999999,6928.795999999999
4.0,Northern Province,41.0,Rulindo,4115.0,Rusiga,rusiga,Rusiga,48.4,27.6,22.4,1.6,100,13835,Rulindo,24.0,17.720000000000002,41.46666666666667,3320.4,221.36,6696.14
4.0,Northern Province,41.0,Rulindo,4117.0,Tumba,tumba,Tumba,68.8,13.9,12.5,4.8,100,39494,Huye,17.3,15.330000000000002,50.5,6832.462,1895.7119999999998,27171.871999999996
4.0,Northern Province,41.0,Rulindo,4117.0,Tumba,tumba,Tumba,46.1,31.0,21.0,1.9,100,21093,Rulindo,22.9,17.869999999999997,41.06666666666667,4830.297,400.767,9723.873
4.0,Northern Province,42.0,Gakenke,4201.0,Busengo,busengo,Busengo,37.8,32.7,26.7,2.7,100,21365,Gakende,29.4,19.410000000000004,36.1,6281.31,576.855,8075.969999999998
4.0,Northern Province,42.0,Gakenke,4202.0,Coko,coko,Coko,49.0,28.3,21.1,1.6,100,18386,Gakende,22.700000000000003,17.53,42.1,4173.622,294.17600000000004,9009.14
4.0,Northern Province,42.0,Gakenke,4203.0,Cyabingo,cyabingo,Cyabingo,38.6,28.4,30.0,2.9,100,19289,Gakende,32.9,19.699999999999996,35.199999999999996,6346.081,559.381,7445.554
4.0,Northern Province,42.0,Gakenke,4204.0,Gakenke,gakenke,Gakenke,43.6,29.4,24.2,2.7,100,25527,Gakende,26.9,18.58,38.86666666666667,6866.762999999999,689.229,11129.771999999999
4.0,Northern Province,42.0,Gakenke,4205.0,Gashenyi,gashenyi,Gashenyi,40.1,28.3,28.9,2.7,100,23528,Gakende,31.599999999999998,19.419999999999998,36.166666666666664,7434.847999999999,635.2560000000001,9434.728000000001
4.0,Northern Province,42.0,Gakenke,4206.0,Janja,janja,Janja,29.6,38.2,28.2,4.0,100,15743,Gakende,32.2,20.66,32.46666666666667,5069.246,629.72,4659.928000000001
4.0,Northern Province,42.0,Gakenke,4207.0,Kamubuga,kamubuga,Kamubuga,32.6,27.1,32.8,7.5,100,22768,Gakende,40.3,21.519999999999996,30.76666666666667,9175.503999999999,1707.6,7422.368
4.0,Northern Province,42.0,Gakenke,4208.0,Karambo,karambo,Karambo,37.3,28.4,31.1,3.3,100,14483,Gakende,34.4,20.060000000000002,34.333333333333336,4982.151999999999,477.93899999999996,5402.158999999999
4.0,Northern Province,42.0,Gakenke,4209.0,Kivuruga,kivuruga,Kivuruga,48.4,23.8,25.3,2.5,100,19357,Gakende,27.8,18.19,40.199999999999996,5381.246,483.925,9368.787999999999
4.0,Northern Province,42.0,Gakenke,4210.0,Mataba,mataba,Mataba,22.3,32.8,37.7,7.2,100,16334,Gakende,44.900000000000006,22.98,25.8,7333.966000000001,1176.048,3642.482
4.0,Northern Province,42.0,Gakenke,4211.0,Minazi,minazi,Minazi,38.5,30.9,27.6,3.0,100,14455,Gakende,30.6,19.51,35.96666666666667,4423.23,433.65,5565.175
4.0,Northern Province,42.0,Gakenke,4212.0,Mugunga,mugunga,Mugunga,36.8,32.4,25.5,5.4,100,20833,Gakende,30.9,19.97,35.333333333333336,6437.397,1124.9820000000002,7666.543999999999
4.0,Northern Province,42.0,Gakenke,4213.0,Muhondo,muhondo,Muhondo,59.8,22.0,17.2,1.0,100,22312,Gakende,18.2,15.939999999999998,47.199999999999996,4060.7839999999997,223.12,13342.576
4.0,Northern Province,42.0,Gakenke,4214.0,Muyongwe,muyongwe,Muyongwe,41.1,30.0,26.6,2.4,100,16754,Gakende,29.0,19.05,37.4,4858.66,402.096,6885.894
4.0,Northern Province,42.0,Gakenke,4215.0,Muzo,muzo,Muzo,22.7,38.3,33.4,5.7,100,22140,Gakende,39.1,22.229999999999997,27.899999999999995,8656.74,1261.98,5025.78
4.0,Northern Province,42.0,Gakenke,4216.0,Nemba,nemba,Nemba,37.7,32.0,27.3,3.0,100,17454,Gakende,30.3,19.560000000000002,35.800000000000004,5288.562000000001,523.62,6580.158
4.0,Northern Province,42.0,Gakenke,4216.0,Nemba,nemba,Nemba,39.0,27.3,29.1,4.5,100,21077,Burera,33.6,19.89,35.1,7081.872,948.465,8220.03
4.0,Northern Province,42.0,Gakenke,4217.0,Ruli,ruli,Ruli,63.9,21.4,12.9,1.8,100,24995,Gakende,14.700000000000001,15.26,49.73333333333333,3674.265,449.91,15971.805
4.0,Northern Province,42.0,Gakenke,4218.0,Rusasa,rusasa,Rusasa,28.9,34.9,32.1,4.1,100,18945,Gakende,36.2,21.14,30.899999999999995,6858.09,776.745,5475.105
4.0,Northern Province,42.0,Gakenke,4219.0,Rushashi,rushashi,Rushashi,49.2,28.6,20.9,1.3,100,19637,Gakende,22.2,17.43,42.333333333333336,4359.414,255.28100000000003,9661.404
4.0,Northern Province,43.0,Musanze,4301.0,Busogo,busogo,Busogo,59.9,17.8,19.0,3.3,100,27750,Musanze,22.3,16.57,45.86666666666667,6188.25,915.75,16622.25
4.0,Northern Province,43.0,Musanze,4302.0,Cyuve,cyuve,Cyuve,60.7,16.5,18.2,4.6,100,61755,Musanze,22.799999999999997,16.669999999999998,45.96666666666667,14080.139999999998,2840.73,37485.285
4.0,Northern Province,43.0,Musanze,4303.0,Gacaca,gacaca,Gacaca,39.7,22.3,30.7,7.3,100,29526,Musanze,38.0,20.560000000000002,33.9,11219.88,2155.3979999999997,11721.822000000002
4.0,Northern Province,43.0,Musanze,4304.0,Gashaki,gashaki,Gashaki,51.7,22.9,23.2,2.2,100,13835,Musanze,25.4,17.589999999999996,42.1,3514.09,304.37000000000006,7152.695
4.0,Northern Province,43.0,Musanze,4305.0,Gataraga,gataraga,Gataraga,31.8,32.7,28.5,7.0,100,25323,Musanze,35.5,21.07,32.1,8989.665,1772.61,8052.714
4.0,Northern Province,43.0,Musanze,4306.0,Kimonyi,kimonyi,Kimonyi,41.3,21.8,27.5,9.3,100,22508,Musanze,36.8,20.46,34.8,8282.944,2093.244,9295.803999999998
4.0,Northern Province,43.0,Musanze,4307.0,Kinigi,kinigi,Kinigi,43.2,26.0,26.4,4.4,100,32793,Musanze,30.799999999999997,19.2,37.46666666666667,10100.243999999999,1442.892,14166.576000000001
4.0,Northern Province,43.0,Musanze,4308.0,Muhoza,muhoza,Muhoza,78.9,10.8,8.7,1.7,100,67577,Musanze,10.399999999999999,13.34,56.20000000000001,7028.007999999999,1148.809,53318.253000000004
4.0,Northern Province,43.0,Musanze,4309.0,Muko,muko,Muko,45.6,22.5,25.7,6.2,100,27738,Musanze,31.9,19.249999999999996,37.9,8848.421999999999,1719.756,12648.528
4.0,Northern Province,43.0,Musanze,4309.0,Muko,muko,Muko,42.4,26.3,25.8,5.5,100,20209,Gicumbi,31.3,19.44,37.03333333333333,6325.417,1111.495,8568.616
4.0,Northern Province,43.0,Musanze,4310.0,Musanze,musanze,Musanze,43.6,24.8,25.0,6.5,100,49323,Musanze,31.5,19.419999999999998,37.333333333333336,15536.745,3205.995,21504.828
4.0,Northern Province,43.0,Musanze,4311.0,Nkotsi,nkotsi,Nkotsi,43.3,27.8,25.5,3.4,100,18218,Musanze,28.9,18.9,38.13333333333333,5265.0019999999995,619.4119999999999,7888.393999999999
4.0,Northern Province,43.0,Musanze,4312.0,Nyange,nyange,Nyange,32.3,34.1,28.8,4.8,100,25927,Ngororero,33.6,20.610000000000003,32.9,8711.472000000002,1244.4959999999999,8374.421
4.0,Northern Province,43.0,Musanze,4312.0,Nyange,nyange,Nyange,40.0,25.2,28.6,6.2,100,32685,Musanze,34.800000000000004,20.1,35.06666666666667,11374.380000000003,2026.47,13074.0
4.0,Northern Province,43.0,Musanze,4313.0,Remera,remera,Remera,90.8,6.7,2.1,0.4,100,49371,Gasabo,2.5,11.209999999999999,62.76666666666666,1234.275,197.484,44828.867999999995
4.0,Northern Province,43.0,Musanze,4313.0,Remera,remera,Remera,51.1,23.5,23.3,2.1,100,19805,Musanze,25.400000000000002,17.64,41.9,5030.47,415.905,10120.355
4.0,Northern Province,43.0,Musanze,4313.0,Remera,remera,Remera,35.4,23.3,30.7,10.7,100,32297,Gatsibo,41.4,21.689999999999998,31.366666666666664,13370.958,3455.7789999999995,11433.138
4.0,Northern Province,43.0,Musanze,4313.0,Remera,remera,Remera,48.1,20.0,24.4,7.5,100,33049,Ngoma,31.9,19.13,38.733333333333334,10542.631,2478.675,15896.569000000001
4.0,Northern Province,43.0,Musanze,4314.0,Rwaza,rwaza,Rwaza,39.8,26.7,28.8,4.8,100,24168,Musanze,33.6,19.880000000000003,35.43333333333333,8120.448,1160.0639999999999,9618.864
4.0,Northern Province,43.0,Musanze,4315.0,Shingiro,shingiro,Shingiro,24.7,31.1,33.6,10.6,100,24380,Musanze,44.2,23.01,26.833333333333332,10775.96,2584.28,6021.86
4.0,Northern Province,44.0,Burera,4401.0,Bungwe,bungwe,Bungwe,38.9,27.4,30.3,3.3,100,15819,Burera,33.6,19.78,35.06666666666666,5315.184,522.0269999999999,6153.590999999999
4.0,Northern Province,44.0,Burera,4402.0,Butaro,butaro,Butaro,42.2,25.5,27.9,4.4,100,34896,Burera,32.3,19.45,36.63333333333333,11271.407999999998,1535.4240000000002,14726.112000000001
4.0,Northern Province,44.0,Burera,4403.0,Cyanika,cyanika,Cyanika,40.6,27.7,27.3,4.5,100,27403,Nyamagabe,31.8,19.59,36.300000000000004,8714.154,1233.135,11125.618
4.0,Northern Province,44.0,Burera,4403.0,Cyanika,cyanika,Cyanika,36.1,25.1,32.6,6.1,100,40938,Burera,38.7,20.85,32.43333333333334,15843.006000000001,2497.218,14778.618
4.0,Northern Province,44.0,Burera,4404.0,Cyeru,cyeru,Cyeru,41.6,26.9,27.5,4.0,100,14231,Burera,31.5,19.39,36.699999999999996,4482.765,569.24,5920.096
4.0,Northern Province,44.0,Burera,4405.0,Gahunga,gahunga,Gahunga,34.4,28.0,31.5,6.1,100,26599,Burera,37.6,20.93,32.266666666666666,10001.224,1622.539,9150.056
4.0,Northern Province,44.0,Burera,4406.0,Gatebe,gatebe,Gatebe,31.1,28.7,33.5,6.6,100,18694,Burera,40.1,21.54,30.3,7496.294,1233.8039999999999,5813.834
4.0,Northern Province,44.0,Burera,4407.0,Gitovu,gitovu,Gitovu,36.2,32.9,27.1,3.8,100,11000,Burera,30.900000000000002,19.85,35.1,3399.0,418.0,3982.0000000000005
4.0,Northern Province,44.0,Burera,4408.0,Kagogo,kagogo,Kagogo,33.1,28.2,32.3,6.4,100,21153,Burera,38.699999999999996,21.2,31.46666666666667,8186.210999999998,1353.7920000000001,7001.643
4.0,Northern Province,44.0,Burera,4409.0,Kinoni,kinoni,Kinoni,43.0,26.6,26.5,3.8,100,18606,Burera,30.3,19.09,37.53333333333333,5637.618,707.028,8000.58
4.0,Northern Province,44.0,Burera,4410.0,Kinyababa,kinyababa,Kinyababa,37.2,28.8,28.5,5.6,100,21804,Burera,34.1,20.27,34.4,7435.164000000001,1221.024,8111.088000000001
4.0,Northern Province,44.0,Burera,4411.0,Kivuye,kivuye,Kivuye,46.7,21.4,27.7,4.2,100,16462,Burera,31.9,18.939999999999998,38.26666666666667,5251.378,691.4040000000001,7687.754
4.0,Northern Province,44.0,Burera,4412.0,Nemba,nemba,Nemba,37.7,32.0,27.3,3.0,100,17454,Gakende,30.3,19.560000000000002,35.800000000000004,5288.562000000001,523.62,6580.158
4.0,Northern Province,44.0,Burera,4412.0,Nemba,nemba,Nemba,39.0,27.3,29.1,4.5,100,21077,Burera,33.6,19.89,35.1,7081.872,948.465,8220.03
4.0,Northern Province,44.0,Burera,4413.0,Rugarama,rugarama,Rugarama,38.0,29.9,28.5,3.6,100,25451,Burera,32.1,19.77,35.300000000000004,8169.771000000001,916.2360000000001,9671.38
4.0,Northern Province,44.0,Burera,4413.0,Rugarama,rugarama,Rugarama,37.7,26.1,27.9,8.3,100,49927,Gatsibo,36.2,20.68,33.833333333333336,18073.574,4143.941000000001,18822.479000000003
4.0,Northern Province,44.0,Burera,4414.0,Rugengabari,rugengabari,Rugengabari,32.3,32.3,31.6,3.8,100,20121,Burera,35.4,20.690000000000005,32.3,7122.834,764.5980000000001,6499.083
4.0,Northern Province,44.0,Burera,4415.0,Ruhunde,ruhunde,Ruhunde,35.3,31.6,28.7,4.4,100,20297,Burera,33.1,20.22,34.06666666666666,6718.307000000001,893.068,7164.840999999999
4.0,Northern Province,44.0,Burera,4416.0,Rusarabuye,rusarabuye,Rusarabuye,44.4,26.0,26.2,3.4,100,19473,Burera,29.599999999999998,18.86,38.266666666666666,5764.007999999999,662.082,8646.011999999999
4.0,Northern Province,44.0,Burera,4417.0,Rwerere,rwerere,Rwerere,41.3,26.6,27.5,4.6,100,20397,Burera,32.1,19.540000000000003,36.4,6547.437000000001,938.262,8423.961
4.0,Northern Province,45.0,Gicumbi,4501.0,Bukure,bukure,Bukure,43.1,23.6,26.9,6.5,100,19089,Gicumbi,33.4,19.699999999999996,36.6,6375.726,1240.785,8227.359
4.0,Northern Province,45.0,Gicumbi,4502.0,Bwisige,bwisige,Bwisige,36.6,32.3,27.5,3.6,100,17306,Gicumbi,31.1,19.81,35.166666666666664,5382.166,623.016,6333.996
4.0,Northern Province,45.0,Gicumbi,4503.0,Byumba,byumba,Byumba,57.0,21.7,18.0,3.3,100,43033,Gicumbi,21.3,16.759999999999998,45.23333333333333,9166.029,1420.089,24528.81
4.0,Northern Province,45.0,Gicumbi,4504.0,Cyumba,cyumba,Cyumba,43.1,25.0,28.0,3.9,100,16806,Gicumbi,31.9,19.27,37.06666666666667,5361.1140000000005,655.434,7243.3859999999995
4.0,Northern Province,45.0,Gicumbi,4505.0,Giti,giti,Giti,35.0,25.0,30.5,9.5,100,16650,Gicumbi,40.0,21.45,31.666666666666668,6660.0,1581.75,5827.5
4.0,Northern Province,45.0,Gicumbi,4506.0,Kageyo,kageyo,Kageyo,35.0,31.4,28.9,4.7,100,26231,Ngororero,33.6,20.33,33.800000000000004,8813.616000000002,1232.8570000000002,9180.85
4.0,Northern Province,45.0,Gicumbi,4506.0,Kageyo,kageyo,Kageyo,39.9,28.4,27.4,4.3,100,19969,Gicumbi,31.7,19.61,36.06666666666666,6330.172999999999,858.6669999999999,7967.630999999999
4.0,Northern Province,45.0,Gicumbi,4506.0,Kageyo,kageyo,Kageyo,31.2,26.4,32.0,10.5,100,25167,Gatsibo,42.5,22.2,29.599999999999998,10695.975,2642.535,7852.104
4.0,Northern Province,45.0,Gicumbi,4507.0,Kaniga,kaniga,Kaniga,48.3,23.0,24.7,4.0,100,16006,Gicumbi,28.7,18.439999999999998,39.86666666666667,4593.722,640.24,7730.897999999999
4.0,Northern Province,45.0,Gicumbi,4508.0,Manyagiro,manyagiro,Manyagiro,37.1,26.3,31.3,5.2,100,21908,Gicumbi,36.5,20.44,33.5,7996.42,1139.2160000000001,8127.868
4.0,Northern Province,45.0,Gicumbi,4509.0,Miyove,miyove,Miyove,33.1,27.6,33.0,6.4,100,20545,Gicumbi,39.4,21.29,31.26666666666667,8094.73,1314.88,6800.395
4.0,Northern Province,45.0,Gicumbi,4510.0,Mukarange,mukarange,Mukarange,40.7,29.6,26.2,3.5,100,17718,Gicumbi,29.7,19.25,37.0,5262.246,620.13,7211.226000000001
4.0,Northern Province,45.0,Gicumbi,4510.0,Mukarange,mukarange,Mukarange,61.9,16.5,16.1,5.5,100,58656,Kayonza,21.6,16.520000000000003,46.76666666666667,12669.696000000002,3226.08,36308.064
4.0,Northern Province,45.0,Gicumbi,4511.0,Muko,muko,Muko,45.6,22.5,25.7,6.2,100,27738,Musanze,31.9,19.249999999999996,37.9,8848.421999999999,1719.756,12648.528
4.0,Northern Province,45.0,Gicumbi,4511.0,Muko,muko,Muko,42.4,26.3,25.8,5.5,100,20209,Gicumbi,31.3,19.44,37.03333333333333,6325.417,1111.495,8568.616
4.0,Northern Province,45.0,Gicumbi,4512.0,Mutete,mutete,Mutete,43.5,26.6,24.8,5.1,100,27950,Gicumbi,29.9,19.15,37.86666666666667,8357.05,1425.45,12158.25
4.0,Northern Province,45.0,Gicumbi,4513.0,Nyamiyaga,nyamiyaga,Nyamiyaga,34.8,29.2,28.2,7.8,100,46360,Kamonyi,36.0,20.9,32.93333333333333,16689.6,3616.08,16133.279999999997
4.0,Northern Province,45.0,Gicumbi,4513.0,Nyamiyaga,nyamiyaga,Nyamiyaga,35.0,25.5,32.4,7.1,100,20217,Gicumbi,39.5,21.16,31.833333333333332,7985.715,1435.407,7075.95
4.0,Northern Province,45.0,Gicumbi,4514.0,Nyankenke,nyankenke,Nyankenke,38.5,28.3,30.1,3.2,100,23376,Gicumbi,33.300000000000004,19.82,35.1,7784.2080000000005,748.0319999999999,8999.76
4.0,Northern Province,45.0,Gicumbi,4515.0,Rubaya,rubaya,Rubaya,36.6,24.8,31.7,6.9,100,11812,Gicumbi,38.6,20.889999999999997,32.666666666666664,4559.432,815.028,4323.192
4.0,Northern Province,45.0,Gicumbi,4516.0,Rukomo,rukomo,Rukomo,38.1,31.8,25.3,4.8,100,27674,Gicumbi,30.1,19.68,36.0,8329.874,1328.3519999999999,10543.794000000002
4.0,Northern Province,45.0,Gicumbi,4516.0,Rukomo,rukomo,Rukomo,47.7,22.2,24.8,5.4,100,43649,Nyagatare,30.200000000000003,18.810000000000002,39.2,13181.998,2357.0460000000003,20820.573
4.0,Northern Province,45.0,Gicumbi,4517.0,Rushaki,rushaki,Rushaki,43.5,27.0,26.0,3.5,100,14571,Gicumbi,29.5,18.95,38.0,4298.445,509.985,6338.385
4.0,Northern Province,45.0,Gicumbi,4518.0,Rutare,rutare,Rutare,42.0,27.2,25.7,5.0,100,27606,Gicumbi,30.7,19.35,37.06666666666667,8475.042,1380.3,11594.52
4.0,Northern Province,45.0,Gicumbi,4519.0,Ruvune,ruvune,Ruvune,36.2,27.4,29.6,6.8,100,22324,Gicumbi,36.4,20.7,33.26666666666667,8125.936,1518.032,8081.2880000000005
4.0,Northern Province,45.0,Gicumbi,4520.0,Rwamiko,rwamiko,Rwamiko,46.0,25.6,24.6,3.8,100,14487,Gicumbi,28.400000000000002,18.62,39.199999999999996,4114.308000000001,550.506,6664.02
4.0,Northern Province,45.0,Gicumbi,4521.0,Shangasha,shangasha,Shangasha,40.7,31.5,25.3,2.5,100,18082,Gicumbi,27.8,18.96,37.63333333333333,5026.796,452.05,7359.374
5.0,Eastern Province,51.0,Rwamagana,5101.0,Fumbwe,fumbwe,Fumbwe,51.2,19.5,21.2,8.1,100,33544,Rwamagana,29.299999999999997,18.619999999999997,40.63333333333333,9828.392,2717.064,17174.528000000002
5.0,Eastern Province,51.0,Rwamagana,5102.0,Gahengeri,gahengeri,Gahengeri,43.4,21.9,25.7,8.9,100,36463,Rwamagana,34.6,19.990000000000002,36.23333333333333,12616.198,3245.2070000000003,15824.942
5.0,Eastern Province,51.0,Rwamagana,5103.0,Gishali,gishali,Gishali,52.8,20.3,20.7,6.3,100,35720,Rwamagana,27.0,18.07,41.96666666666666,9644.4,2250.36,18860.16
5.0,Eastern Province,51.0,Rwamagana,5104.0,Karenge,karenge,Karenge,55.0,21.0,20.7,3.3,100,30062,Rwamagana,24.0,17.23,43.666666666666664,7214.88,992.0459999999999,16534.1
5.0,Eastern Province,51.0,Rwamagana,5105.0,Kigabiro,kigabiro,Kigabiro,67.0,15.4,13.6,4.0,100,52218,Rwamagana,17.6,15.459999999999999,49.800000000000004,9190.368,2088.72,34986.06
5.0,Eastern Province,51.0,Rwamagana,5106.0,Muhazi,muhazi,Muhazi,60.7,18.6,16.5,4.2,100,35984,Rwamagana,20.7,16.419999999999998,46.666666666666664,7448.687999999999,1511.3280000000002,21842.288000000004
5.0,Eastern Province,51.0,Rwamagana,5107.0,Munyaga,munyaga,Munyaga,37.6,22.1,32.0,8.2,100,22272,Rwamagana,40.2,21.06,32.43333333333334,8953.344000000001,1826.3039999999999,8374.272
5.0,Eastern Province,51.0,Rwamagana,5108.0,Munyiginya,munyiginya,Munyiginya,48.1,22.9,22.4,6.5,100,25043,Rwamagana,28.9,18.71,39.699999999999996,7237.427,1627.795,12045.683
5.0,Eastern Province,51.0,Rwamagana,5109.0,Musha,musha,Musha,30.7,21.5,34.4,13.4,100,29634,Gisagara,47.8,23.049999999999997,27.633333333333336,14165.052,3970.956,9097.637999999999
5.0,Eastern Province,51.0,Rwamagana,5109.0,Musha,musha,Musha,40.7,23.1,27.6,8.5,100,27614,Rwamagana,36.1,20.369999999999997,34.833333333333336,9968.654,2347.19,11238.898000000001
5.0,Eastern Province,51.0,Rwamagana,5110.0,Muyumbu,muyumbu,Muyumbu,63.3,18.5,14.5,3.6,100,60059,Rwamagana,18.1,15.819999999999999,48.36666666666667,10870.679000000002,2162.124,38017.346999999994
5.0,Eastern Province,51.0,Rwamagana,5111.0,Mwulire,mwulire,Mwulire,52.8,20.5,20.5,6.3,100,34788,Rwamagana,26.8,18.05,42.03333333333333,9323.184000000001,2191.644,18368.064
5.0,Eastern Province,51.0,Rwamagana,5112.0,Nyakaliro,nyakaliro,Nyakaliro,62.1,19.1,15.7,3.2,100,38695,Rwamagana,18.9,16.02,47.76666666666667,7313.355,1238.24,24029.595
5.0,Eastern Province,51.0,Rwamagana,5113.0,Nzige,nzige,Nzige,42.6,23.7,26.7,6.9,100,20125,Rwamagana,33.6,19.77,36.300000000000004,6762.0,1388.625,8573.25
5.0,Eastern Province,51.0,Rwamagana,5114.0,Rubona,rubona,Rubona,38.4,24.0,28.1,9.5,100,31449,Rwamagana,37.6,20.87,33.6,11824.824,2987.655,12076.416
5.0,Eastern Province,52.0,Nyagatare,5201.0,Gatunda,gatunda,Gatunda,39.7,23.6,29.1,7.5,100,36547,Nyagatare,36.6,20.419999999999998,34.333333333333336,13376.202,2741.025,14509.159000000001
5.0,Eastern Province,52.0,Nyagatare,5202.0,Karama,karama,Karama,38.5,30.3,26.1,5.2,100,17802,Huye,31.3,19.82,35.766666666666666,5572.026,925.7040000000001,6853.77
5.0,Eastern Province,52.0,Nyagatare,5202.0,Karama,karama,Karama,50.3,25.5,21.6,2.7,100,21261,Kamonyi,24.3,17.69,42.03333333333333,5166.423,574.047,10694.283000000001
5.0,Eastern Province,52.0,Nyagatare,5202.0,Karama,karama,Karama,34.2,26.6,31.1,8.1,100,33037,Nyagatare,39.2,21.310000000000002,31.666666666666668,12950.504,2675.9970000000003,11298.654000000002
5.0,Eastern Province,52.0,Nyagatare,5203.0,Karangazi,karangazi,Karangazi,34.7,23.6,27.9,13.8,100,92748,Nyagatare,41.7,22.079999999999995,31.0,38675.916,12799.224000000002,32183.556
5.0,Eastern Province,52.0,Nyagatare,5204.0,Katabagemu,katabagemu,Katabagemu,38.2,25.0,28.5,8.3,100,43261,Nyagatare,36.8,20.689999999999998,33.800000000000004,15920.047999999999,3590.6630000000005,16525.702
5.0,Eastern Province,52.0,Nyagatare,5205.0,Kiyombe,kiyombe,Kiyombe,35.0,27.6,31.9,5.5,100,19273,Nyagatare,37.4,20.79,32.53333333333333,7208.102,1060.015,6745.55
5.0,Eastern Province,52.0,Nyagatare,5206.0,Matimba,matimba,Matimba,45.9,22.0,25.0,7.0,100,28442,Nyagatare,32.0,19.29,37.93333333333333,9101.44,1990.94,13054.878
5.0,Eastern Province,52.0,Nyagatare,5207.0,Mimuri,mimuri,Mimuri,36.5,24.7,29.2,9.6,100,36771,Nyagatare,38.8,21.19,32.56666666666667,14267.147999999997,3530.0159999999996,13421.415
5.0,Eastern Province,52.0,Nyagatare,5208.0,Mukama,mukama,Mukama,30.9,28.1,32.2,8.9,100,26827,Nyagatare,41.1,21.930000000000003,29.96666666666667,11025.896999999999,2387.603,8289.543
5.0,Eastern Province,52.0,Nyagatare,5209.0,Musheri,musheri,Musheri,29.9,25.2,32.3,12.6,100,34116,Nyagatare,44.9,22.759999999999998,28.333333333333332,15318.083999999999,4298.616,10200.684
5.0,Eastern Province,52.0,Nyagatare,5210.0,Nyagatare,nyagatare,Nyagatare,52.8,19.2,20.8,7.2,100,82927,Nyagatare,28.0,18.24,41.6,23219.56,5970.744000000001,43785.456
5.0,Eastern Province,52.0,Nyagatare,5211.0,Rukomo,rukomo,Rukomo,38.1,31.8,25.3,4.8,100,27674,Gicumbi,30.1,19.68,36.0,8329.874,1328.3519999999999,10543.794000000002
5.0,Eastern Province,52.0,Nyagatare,5211.0,Rukomo,rukomo,Rukomo,47.7,22.2,24.8,5.4,100,43649,Nyagatare,30.200000000000003,18.810000000000002,39.2,13181.998,2357.0460000000003,20820.573
5.0,Eastern Province,52.0,Nyagatare,5212.0,Rwempasha,rwempasha,Rwempasha,37.6,25.0,25.4,11.9,100,36543,Nyagatare,37.3,21.139999999999997,33.4,13630.538999999999,4348.617,13740.168
5.0,Eastern Province,52.0,Nyagatare,5213.0,Rwimiyaga,rwimiyaga,Rwimiyaga,33.0,25.1,28.7,13.2,100,77017,Nyagatare,41.9,22.209999999999997,30.366666666666664,32270.123,10166.243999999999,25415.61
5.0,Eastern Province,52.0,Nyagatare,5214.0,Tabagwe,tabagwe,Tabagwe,32.3,29.7,28.6,9.5,100,50359,Nyagatare,38.1,21.55,31.433333333333334,19186.779000000002,4784.105,16265.957
5.0,Eastern Province,53.0,Gatsibo,5301.0,Gasange,gasange,Gasange,30.3,25.3,30.9,13.5,100,19365,Gatsibo,44.4,22.759999999999998,28.633333333333336,8598.06,2614.275,5867.595
5.0,Eastern Province,53.0,Gatsibo,5302.0,Gatsibo,gatsibo,Gatsibo,44.4,24.9,23.9,6.8,100,38071,Gatsibo,30.7,19.31,37.9,11687.796999999999,2588.828,16903.523999999998
5.0,Eastern Province,53.0,Gatsibo,5303.0,Gitoki,gitoki,Gitoki,38.7,24.3,28.3,8.6,100,43369,Gatsibo,36.9,20.660000000000004,33.9,16003.160999999998,3729.7339999999995,16783.803
5.0,Eastern Province,53.0,Gatsibo,5304.0,Kabarore,kabarore,Kabarore,42.9,22.9,24.6,9.7,100,69312,Gatsibo,34.3,20.130000000000003,36.23333333333333,23774.015999999996,6723.263999999999,29734.847999999998
5.0,Eastern Province,53.0,Gatsibo,5305.0,Kageyo,kageyo,Kageyo,35.0,31.4,28.9,4.7,100,26231,Ngororero,33.6,20.33,33.800000000000004,8813.616000000002,1232.8570000000002,9180.85
5.0,Eastern Province,53.0,Gatsibo,5305.0,Kageyo,kageyo,Kageyo,39.9,28.4,27.4,4.3,100,19969,Gicumbi,31.7,19.61,36.06666666666666,6330.172999999999,858.6669999999999,7967.630999999999
5.0,Eastern Province,53.0,Gatsibo,5305.0,Kageyo,kageyo,Kageyo,31.2,26.4,32.0,10.5,100,25167,Gatsibo,42.5,22.2,29.599999999999998,10695.975,2642.535,7852.104
5.0,Eastern Province,53.0,Gatsibo,5306.0,Kiramuruzi,kiramuruzi,Kiramuruzi,37.2,27.2,26.7,8.9,100,40762,Gatsibo,35.6,20.73,33.86666666666667,14511.271999999999,3627.8179999999998,15163.464000000002
5.0,Eastern Province,53.0,Gatsibo,5307.0,Kiziguro,kiziguro,Kiziguro,45.6,23.1,24.0,7.3,100,39958,Gatsibo,31.3,19.3,38.1,12506.854000000001,2916.9339999999997,18220.848
5.0,Eastern Province,53.0,Gatsibo,5308.0,Muhura,muhura,Muhura,36.9,22.9,29.6,10.6,100,33436,Gatsibo,40.2,21.39,32.23333333333333,13441.272000000003,3544.216,12337.883999999998
5.0,Eastern Province,53.0,Gatsibo,5309.0,Murambi,murambi,Murambi,33.4,33.5,27.6,5.5,100,23012,Karongi,33.1,20.520000000000003,33.43333333333333,7616.972000000001,1265.66,7686.007999999999
5.0,Eastern Province,53.0,Gatsibo,5309.0,Murambi,murambi,Murambi,53.5,21.8,20.1,4.6,100,27315,Rulindo,24.700000000000003,17.580000000000002,42.93333333333334,6746.805000000001,1256.4899999999998,14613.525
5.0,Eastern Province,53.0,Gatsibo,5309.0,Murambi,murambi,Murambi,34.5,28.0,29.5,8.0,100,36887,Gatsibo,37.5,21.1,32.333333333333336,13832.625,2950.96,12726.015
5.0,Eastern Province,53.0,Gatsibo,5310.0,Ngarama,ngarama,Ngarama,35.0,24.9,29.9,10.2,100,38843,Gatsibo,40.099999999999994,21.53,31.633333333333336,15576.042999999998,3961.986,13595.05
5.0,Eastern Province,53.0,Gatsibo,5311.0,Nyagihanga,nyagihanga,Nyagihanga,32.8,24.6,33.8,8.7,100,30114,Gatsibo,42.5,21.82,30.066666666666663,12798.45,2619.9179999999997,9877.392
5.0,Eastern Province,53.0,Gatsibo,5312.0,Remera,remera,Remera,90.8,6.7,2.1,0.4,100,49371,Gasabo,2.5,11.209999999999999,62.76666666666666,1234.275,197.484,44828.867999999995
5.0,Eastern Province,53.0,Gatsibo,5312.0,Remera,remera,Remera,51.1,23.5,23.3,2.1,100,19805,Musanze,25.400000000000002,17.64,41.9,5030.47,415.905,10120.355
5.0,Eastern Province,53.0,Gatsibo,5312.0,Remera,remera,Remera,35.4,23.3,30.7,10.7,100,32297,Gatsibo,41.4,21.689999999999998,31.366666666666664,13370.958,3455.7789999999995,11433.138
5.0,Eastern Province,53.0,Gatsibo,5312.0,Remera,remera,Remera,48.1,20.0,24.4,7.5,100,33049,Ngoma,31.9,19.13,38.733333333333334,10542.631,2478.675,15896.569000000001
5.0,Eastern Province,53.0,Gatsibo,5313.0,Rugarama,rugarama,Rugarama,38.0,29.9,28.5,3.6,100,25451,Burera,32.1,19.77,35.300000000000004,8169.771000000001,916.2360000000001,9671.38
5.0,Eastern Province,53.0,Gatsibo,5313.0,Rugarama,rugarama,Rugarama,37.7,26.1,27.9,8.3,100,49927,Gatsibo,36.2,20.68,33.833333333333336,18073.574,4143.941000000001,18822.479000000003
5.0,Eastern Province,53.0,Gatsibo,5314.0,Rwimbogo,rwimbogo,Rwimbogo,46.1,21.8,26.8,5.3,100,18710,Rusizi,32.1,19.130000000000003,38.0,6005.91,991.63,8625.31
5.0,Eastern Province,53.0,Gatsibo,5314.0,Rwimbogo,rwimbogo,Rwimbogo,30.8,29.7,30.1,9.4,100,47136,Gatsibo,39.5,21.810000000000002,30.433333333333334,18618.72,4430.784000000001,14517.888
5.0,Eastern Province,54.0,Kayonza,5401.0,Gahini,gahini,Gahini,38.6,23.3,27.2,10.9,100,44585,Kayonza,38.1,21.04,33.5,16986.885,4859.765,17209.81
5.0,Eastern Province,54.0,Kayonza,5402.0,Kabare,kabare,Kabare,33.1,25.4,31.6,9.8,100,40334,Kayonza,41.400000000000006,21.79,30.53333333333333,16698.276,3952.732,13350.554000000002
5.0,Eastern Province,54.0,Kayonza,5403.0,Kabarondo,kabarondo,Kabarondo,49.9,21.1,22.1,6.9,100,39019,Kayonza,29.0,18.6,40.300000000000004,11315.51,2692.311,19470.481
5.0,Eastern Province,54.0,Kayonza,5404.0,Mukarange,mukarange,Mukarange,40.7,29.6,26.2,3.5,100,17718,Gicumbi,29.7,19.25,37.0,5262.246,620.13,7211.226000000001
5.0,Eastern Province,54.0,Kayonza,5404.0,Mukarange,mukarange,Mukarange,61.9,16.5,16.1,5.5,100,58656,Kayonza,21.6,16.520000000000003,46.76666666666667,12669.696000000002,3226.08,36308.064
5.0,Eastern Province,54.0,Kayonza,5405.0,Murama,murama,Murama,43.9,24.4,26.3,5.4,100,23624,Kayonza,31.700000000000003,19.32,37.4,7488.808000000001,1275.6960000000001,10370.936
5.0,Eastern Province,54.0,Kayonza,5405.0,Murama,murama,Murama,46.1,22.7,25.6,5.6,100,27846,Ngoma,31.200000000000003,19.07,38.300000000000004,8687.952000000001,1559.3759999999997,12837.006000000001
5.0,Eastern Province,54.0,Kayonza,5406.0,Murundi,murundi,Murundi,20.9,34.4,34.7,10.0,100,28174,Karongi,44.7,23.380000000000003,25.399999999999995,12593.778,2817.4,5888.366
5.0,Eastern Province,54.0,Kayonza,5406.0,Murundi,murundi,Murundi,29.2,25.7,32.5,12.6,100,56261,Kayonza,45.1,22.85,28.03333333333333,25373.711,7088.8859999999995,16428.212
5.0,Eastern Province,54.0,Kayonza,5407.0,Mwiri,mwiri,Mwiri,38.9,23.2,28.0,9.8,100,35228,Kayonza,37.8,20.85,33.666666666666664,13316.184,3452.344,13703.692
5.0,Eastern Province,54.0,Kayonza,5408.0,Ndego,ndego,Ndego,27.7,29.9,32.6,9.9,100,23848,Kayonza,42.5,22.49,28.433333333333334,10135.4,2360.952,6605.896
5.0,Eastern Province,54.0,Kayonza,5409.0,Nyamirama,nyamirama,Nyamirama,44.2,22.1,25.6,8.1,100,38763,Kayonza,33.7,19.76,36.833333333333336,13063.131000000001,3139.803,17133.246
5.0,Eastern Province,54.0,Kayonza,5410.0,Rukara,rukara,Rukara,45.8,25.3,22.2,6.7,100,37323,Kayonza,28.9,18.98,38.96666666666666,10786.347,2500.641,17093.933999999997
5.0,Eastern Province,54.0,Kayonza,5411.0,Ruramira,ruramira,Ruramira,32.0,24.5,33.1,10.4,100,21972,Kayonza,43.5,22.19,29.5,9557.82,2285.088,7031.04
5.0,Eastern Province,54.0,Kayonza,5412.0,Rwinkwavu,rwinkwavu,Rwinkwavu,38.4,25.2,27.7,8.7,100,36975,Kayonza,36.4,20.669999999999998,34.0,13458.9,3216.825,14198.4
5.0,Eastern Province,55.0,Kirehe,5501.0,Gahara,gahara,Gahara,35.0,20.1,34.9,10.0,100,44137,Kirehe,44.9,21.99,30.03333333333333,19817.513,4413.7,15447.95
5.0,Eastern Province,55.0,Kirehe,5502.0,Gatore,gatore,Gatore,42.6,23.1,26.2,8.2,100,31413,Kirehe,34.4,20.02,36.1,10806.072,2575.866,13381.938
5.0,Eastern Province,55.0,Kirehe,5503.0,Kigarama,kigarama,Kigarama,86.4,8.8,3.9,0.8,100,70740,Kicukiro,4.7,11.89,60.53333333333334,3324.78,565.92,61119.36
5.0,Eastern Province,55.0,Kirehe,5503.0,Kigarama,kigarama,Kigarama,34.7,24.3,32.6,8.4,100,37679,Kirehe,41.0,21.47,31.233333333333334,15448.39,3165.0360000000005,13074.613000000001
5.0,Eastern Province,55.0,Kirehe,5504.0,Kigina,kigina,Kigina,45.7,23.3,24.4,6.6,100,35632,Kirehe,31.0,19.189999999999998,38.233333333333334,11045.92,2351.712,16283.824
5.0,Eastern Province,55.0,Kirehe,5505.0,Kirehe,kirehe,Kirehe,48.6,24.2,21.8,5.3,100,30473,Kirehe,27.1,18.36,40.46666666666667,8258.183,1615.069,14809.878
5.0,Eastern Province,55.0,Kirehe,5506.0,Mahama,mahama,Mahama,64.1,12.1,20.6,3.2,100,75542,Kirehe,23.8,16.29,46.76666666666666,17978.996,2417.344,48422.42199999999
5.0,Eastern Province,55.0,Kirehe,5507.0,Mpanga,mpanga,Mpanga,33.9,25.4,32.0,8.6,100,39346,Kirehe,40.6,21.509999999999998,31.066666666666663,15974.476,3383.756,13338.294
5.0,Eastern Province,55.0,Kirehe,5508.0,Musaza,musaza,Musaza,38.4,23.3,29.8,8.5,100,30401,Kirehe,38.3,20.84,33.36666666666667,11643.582999999999,2584.085,11673.983999999999
5.0,Eastern Province,55.0,Kirehe,5509.0,Mushikiri,mushikiri,Mushikiri,40.4,25.4,27.7,6.5,100,32965,Kirehe,34.2,20.029999999999998,35.4,11274.03,2142.725,13317.86
5.0,Eastern Province,55.0,Kirehe,5510.0,Nasho,nasho,Nasho,39.6,26.3,27.0,7.2,100,33588,Kirehe,34.2,20.2,35.166666666666664,11487.096000000001,2418.3360000000002,13300.848
5.0,Eastern Province,55.0,Kirehe,5511.0,Nyamugari,nyamugari,Nyamugari,35.7,24.5,30.4,9.4,100,42145,Kirehe,39.8,21.35,31.96666666666667,16773.71,3961.63,15045.765000000003
5.0,Eastern Province,55.0,Kirehe,5512.0,Nyarubuye,nyarubuye,Nyarubuye,37.5,24.5,30.0,8.0,100,22064,Kirehe,38.0,20.85,33.166666666666664,8384.32,1765.12,8274.0
5.0,Eastern Province,56.0,Ngoma,5601.0,Gashanda,gashanda,Gashanda,39.8,23.1,29.1,8.0,100,20233,Ngoma,37.1,20.53,34.23333333333333,7506.443,1618.64,8052.7339999999995
5.0,Eastern Province,56.0,Ngoma,5602.0,Jarama,jarama,Jarama,24.9,22.7,34.9,17.5,100,31001,Ngoma,52.4,24.5,24.166666666666668,16244.524,5425.175,7719.248999999999
5.0,Eastern Province,56.0,Ngoma,5603.0,Karembo,karembo,Karembo,40.5,23.1,26.8,9.5,100,17918,Ngoma,36.3,20.51,34.699999999999996,6504.2339999999995,1702.21,7256.79
5.0,Eastern Province,56.0,Ngoma,5604.0,Kazo,kazo,Kazo,40.8,23.4,27.1,8.7,100,33073,Ngoma,35.8,20.369999999999997,35.0,11840.133999999998,2877.3509999999997,13493.784
5.0,Eastern Province,56.0,Ngoma,5605.0,Kibungo,kibungo,Kibungo,63.9,16.2,16.1,3.8,100,30989,Ngoma,19.900000000000002,15.98,48.0,6166.811000000001,1177.5819999999999,19801.970999999998
5.0,Eastern Province,56.0,Ngoma,5606.0,Mugesera,mugesera,Mugesera,36.9,24.6,30.4,8.2,100,29814,Ngoma,38.599999999999994,21.009999999999998,32.800000000000004,11508.204,2444.748,11001.365999999998
5.0,Eastern Province,56.0,Ngoma,5607.0,Murama,murama,Murama,43.9,24.4,26.3,5.4,100,23624,Kayonza,31.700000000000003,19.32,37.4,7488.808000000001,1275.6960000000001,10370.936
5.0,Eastern Province,56.0,Ngoma,5607.0,Murama,murama,Murama,46.1,22.7,25.6,5.6,100,27846,Ngoma,31.200000000000003,19.07,38.300000000000004,8687.952000000001,1559.3759999999997,12837.006000000001
5.0,Eastern Province,56.0,Ngoma,5608.0,Mutenderi,mutenderi,Mutenderi,42.3,23.9,26.7,7.0,100,25739,Ngoma,33.7,19.82,36.166666666666664,8674.043,1801.73,10887.597
5.0,Eastern Province,56.0,Ngoma,5609.0,Remera,remera,Remera,90.8,6.7,2.1,0.4,100,49371,Gasabo,2.5,11.209999999999999,62.76666666666666,1234.275,197.484,44828.867999999995
5.0,Eastern Province,56.0,Ngoma,5609.0,Remera,remera,Remera,51.1,23.5,23.3,2.1,100,19805,Musanze,25.400000000000002,17.64,41.9,5030.47,415.905,10120.355
5.0,Eastern Province,56.0,Ngoma,5609.0,Remera,remera,Remera,35.4,23.3,30.7,10.7,100,32297,Gatsibo,41.4,21.689999999999998,31.366666666666664,13370.958,3455.7789999999995,11433.138
5.0,Eastern Province,56.0,Ngoma,5609.0,Remera,remera,Remera,48.1,20.0,24.4,7.5,100,33049,Ngoma,31.9,19.13,38.733333333333334,10542.631,2478.675,15896.569000000001
5.0,Eastern Province,56.0,Ngoma,5610.0,Rukira,rukira,Rukira,49.7,22.0,23.7,4.6,100,29946,Ngoma,28.299999999999997,18.32,40.46666666666667,8474.717999999999,1377.5159999999998,14883.162000000002
5.0,Eastern Province,56.0,Ngoma,5611.0,Rukumberi,rukumberi,Rukumberi,27.1,21.4,31.5,20.0,100,39946,Ngoma,51.5,24.44,25.2,20572.19,7989.2,10825.366000000002
5.0,Eastern Province,56.0,Ngoma,5612.0,Rurenge,rurenge,Rurenge,37.4,25.9,29.4,7.3,100,33876,Ngoma,36.699999999999996,20.66,33.56666666666666,12432.492,2472.948,12669.624
5.0,Eastern Province,56.0,Ngoma,5613.0,Sake,sake,Sake,33.9,22.1,30.1,13.9,100,28710,Ngoma,44.0,22.400000000000002,29.96666666666667,12632.4,3990.69,9732.69
5.0,Eastern Province,56.0,Ngoma,5614.0,Zaza,zaza,Zaza,38.9,23.8,26.9,10.3,100,28074,Ngoma,37.2,20.84,33.86666666666667,10443.528,2891.6220000000003,10920.785999999998
5.0,Eastern Province,57.0,Bugesera,5701.0,Gashora,gashora,Gashora,51.5,21.5,20.2,6.8,100,33560,Bugesera,27.0,18.23,41.5,9061.2,2282.08,17283.4
5.0,Eastern Province,57.0,Bugesera,5702.0,Juru,juru,Juru,31.2,27.6,30.3,10.9,100,34020,Bugesera,41.2,22.089999999999996,30.0,14016.24,3708.18,10614.24
5.0,Eastern Province,57.0,Bugesera,5703.0,Kamabuye,kamabuye,Kamabuye,31.4,26.9,30.5,11.2,100,23660,Bugesera,41.7,22.150000000000002,29.899999999999995,9866.220000000001,2649.92,7429.24
5.0,Eastern Province,57.0,Bugesera,5704.0,Mareba,mareba,Mareba,29.9,21.7,32.9,15.4,100,28866,Bugesera,48.3,23.36,27.166666666666668,13942.277999999998,4445.3640000000005,8630.934
5.0,Eastern Province,57.0,Bugesera,5705.0,Mayange,mayange,Mayange,63.1,18.3,15.0,3.6,100,53266,Bugesera,18.6,15.91,48.166666666666664,9907.476,1917.576,33610.846
5.0,Eastern Province,57.0,Bugesera,5706.0,Musenyi,musenyi,Musenyi,32.7,23.8,31.5,12.0,100,39886,Bugesera,43.5,22.28,29.733333333333334,17350.41,4786.32,13042.722000000002
5.0,Eastern Province,57.0,Bugesera,5707.0,Mwogo,mwogo,Mwogo,30.6,27.0,30.4,12.0,100,31373,Bugesera,42.4,22.38,29.400000000000002,13302.152,3764.76,9600.138
5.0,Eastern Province,57.0,Bugesera,5708.0,Ngeruka,ngeruka,Ngeruka,28.5,23.0,33.4,15.1,100,35192,Bugesera,48.5,23.509999999999998,26.666666666666668,17068.12,5313.991999999999,10029.72
5.0,Eastern Province,57.0,Bugesera,5709.0,Ntarama,ntarama,Ntarama,54.2,17.9,18.2,9.7,100,50127,Bugesera,27.9,18.339999999999996,42.1,13985.432999999997,4862.3189999999995,27168.834000000003
5.0,Eastern Province,57.0,Bugesera,5710.0,Nyamata,nyamata,Nyamata,67.9,15.7,12.5,3.9,100,85982,Bugesera,16.4,15.24,50.5,14101.047999999999,3353.298,58381.778000000006
5.0,Eastern Province,57.0,Bugesera,5711.0,Nyarugenge,nyarugenge,Nyarugenge,90.6,7.0,2.2,0.2,100,20673,Nyarugenge,2.4000000000000004,11.2,62.73333333333333,496.15200000000004,41.346000000000004,18729.737999999998
5.0,Eastern Province,57.0,Bugesera,5711.0,Nyarugenge,nyarugenge,Nyarugenge,32.0,24.0,31.0,13.0,100,25347,Bugesera,44.0,22.5,29.333333333333332,11152.68,3295.11,8111.04
5.0,Eastern Province,57.0,Bugesera,5712.0,Rilima,rilima,Rilima,58.0,21.1,16.8,4.1,100,28818,Bugesera,20.9,16.7,45.699999999999996,6022.9619999999995,1181.5379999999998,16714.44
5.0,Eastern Province,57.0,Bugesera,5713.0,Ruhuha,ruhuha,Ruhuha,44.2,21.4,24.8,9.5,100,28654,Bugesera,34.3,19.939999999999998,36.6,9828.322,2722.13,12665.068000000001
5.0,Eastern Province,57.0,Bugesera,5714.0,Rweru,rweru,Rweru,32.0,23.3,29.1,15.6,100,35800,Bugesera,44.7,22.830000000000002,29.099999999999998,16002.6,5584.8,11456.0
5.0,Eastern Province,57.0,Bugesera,5715.0,Shyara,shyara,Shyara,25.6,23.9,34.1,16.4,100,16366,Bugesera,50.5,24.13,25.03333333333333,8264.83,2684.0239999999994,4189.696
