province,district,sector_id,area_sqkm,road_density_m_km2,road_coverage_index,major_roads_ratio,pct_within_1km,road_network_present,urban_rural_type
,,,1.175762141536035,25518.7716054827,1.0000000000000022,0.23341994046466805,100.00000000000023,1,
,,,24.21991357848221,3737.960973811266,0.9689440532306904,0.1487197741185677,64.33502798166366,1,
,,,29.43784001138785,5925.543546082235,0.9741949689782888,0.17920536473223303,86.15027643585826,1,
,,,3.318777521261351,15841.028285137574,0.9999999999999998,0.06644994363183129,64.95157222923045,1,
,,,54.7506061348659,3509.880197580633,0.9499932388949924,0.221541235408577,74.3670892856381,1,
,,,2.948837351578071,17650.02201931978,0.9999999999999997,0.3911960010470491,99.99999999999997,1,
,,,2.4287525578706384,13848.974794452313,0.9999999999999998,0.0017861331144133883,72.03665503564083,1,
,,,8.761802072749411,12333.86243260612,1.0000000000000013,0.11223724947531546,89.19825123277616,1,
,,,4.6346522107191515,18659.123728525105,1.0000000000000016,0.21311566888014447,100.00000000000016,1,
,,,1.0286558518437938,20265.891761738774,1.0000000000000004,0.12849766686089253,100.00000000000004,1,
,,,60.70041562521893,6010.020580125306,0.9988442750882532,0.05593038128103859,35.50401365162865,1,
,,,6.0332033954296325,10772.644652485662,1.0000000000000004,0.16865755311440714,99.8658510605758,1,
,,,35.11305221165068,5273.239575846758,0.9866227989836501,0.15769165603976845,54.16871982872896,1,
,,,8.319126594007363,9782.884819187479,0.9999883360456264,0.01909320475727801,83.62344353106114,1,
,,,36.447570943542594,7276.714003518353,0.9999616954875158,0.13508728226940853,49.56281291458121,1,
,,,37.44380937425637,5424.766473564003,0.9852077675764116,0.09331290872134082,60.49702717334207,1,
,,,5.79442783642318,14898.409747995813,1.0000000000000002,0.12817798176055298,99.50346258181237,1,
,,,5.080304630661454,18062.60239746674,0.9999999999999993,0.2551075876767942,99.99999999999993,1,
,,,11.352128991827238,15681.262285400702,1.0000000000000002,0.06150372996320794,94.13024372112604,1,
,,,24.236428318769324,9432.973086108752,0.9976792656469462,0.047467101863928336,59.75860385227646,1,
,,,50.45429784560018,8717.161866126151,0.999999999999998,0.04010477541736253,44.80411137334209,1,
,,,46.62154933929938,5474.96190626884,0.9910027705086869,0.05741002993384565,74.10082414516786,1,
,,,7.27918584340388,17503.45850859177,0.9999999999999994,0.11555013356809549,99.89098783011778,1,
,,,52.307932072535216,7817.845819526108,0.999914055306938,0.15178380217919962,51.93562797121151,1,
,,,42.77685486618225,4022.938223394327,0.9874595413377855,0.08116450086894822,75.31332646231968,1,
,,,36.830241257882484,5381.9637902261675,0.9029247057333651,0.09022676193081175,49.48945716728148,1,
,,,12.462124663697868,15039.586012431515,1.0000000000000009,0.1136925980823672,79.44428154751503,1,
,,,3.3914340946781336,18962.964373101215,1.0000000000000018,0.22746732273223597,100.00000000000017,1,
,,,8.007546906769534,12971.771303746202,1.0000000000000007,0.18321196960545091,99.97589780149522,1,
,,,23.036667508223466,9005.847258357118,0.8559601198487697,0.06621007643277127,65.37221997929912,1,
,,,2.051660593747331,20551.191904700823,0.9999999999999996,0.34004033411161033,99.99999999999996,1,
,,,8.377280989340427,14759.870784506411,0.9999999999999988,0.14249096750906934,98.91747775579783,1,
,,,52.79439043304403,5707.3008827195035,0.9339494046757607,0.09323016011226151,81.1424836230695,1,
,,,5.035926656578323,13790.03271565586,0.9999999999999991,0.12530091089421228,99.99999999999991,1,
,,,15.303601146860354,12524.743801367025,0.999987938560082,0.14890228167373304,81.48519255984387,1,
,,,49.40252432995301,7418.2293160946,0.9998824636817444,0.23568667580412986,62.061924945575186,1,
,,,73.570668888709,3964.0613706789886,0.9003255717023406,0.16124340824833763,47.36878867274306,1,
,,,60.35202591470667,2609.663110537282,0.9296542394745491,0.16037539698463593,52.4578238972866,1,
,,,83.77542645303471,3349.36526542656,0.958845710587102,0.06647816666215499,32.6705447609408,1,
,,,66.32935635964391,4677.145886118679,0.9999999999999993,0.2273013667623922,68.9421770232427,1,
,,,76.26368777819478,4180.695144121829,0.9852316413157007,0.26459079740263164,67.88315591987396,1,
,,,80.92284930914967,3909.548062028038,0.9951826856833609,0.12244186355095572,33.15401367257214,1,
,,,62.51685992022368,4368.974431380937,0.982465112788105,0.08547165965209291,42.94098061762154,1,
,,,73.05422515886264,4116.336001539631,0.928717747472349,0.09336642893944896,38.51767449209084,1,
,,,47.23839898998157,4541.2728187464645,0.9928368459344787,0.08833149803383937,60.532242699672814,1,
,,,49.649761351793096,4001.7098765460864,0.990984105664506,0.14370022659545303,51.18492971158099,1,
,,,61.881656011105626,3559.0763246849983,0.9127352164831395,0.09236582685139272,30.764530757678806,1,
,,,42.01747514240707,4604.397854972743,0.9849639917441821,0.06964893184860385,32.633120655458015,1,
,,,40.04751299533214,5240.094549023527,0.9802180313310408,0.13910265432624772,57.84140230209063,1,
,,,45.1618393495446,3784.1222400510887,0.9305994539664977,0.17571337266567474,53.74806205519356,1,
,,,80.29899215035154,3188.3165924111386,0.8902881811824253,0.05155933508301347,30.233748123319877,1,
,,,70.12086190780298,3119.416873677874,0.8735154644370775,0.21323585978693074,45.090578608648876,1,
,,,49.95332351717261,4444.134868003837,0.9925993236646989,0.16511655410642245,66.63237025917066,1,
,,,51.309991995598665,3499.2932019300706,0.8655781421992819,0.07584469277591802,30.900664204375715,1,
,,,49.9511696256802,3506.5863383018886,0.9954438906261818,0.1515434031831038,46.427713723727514,1,
,,,61.01814107320507,4032.0691235615127,0.9919672131524052,0.10480310852562406,47.62017457941495,1,
,,,39.013675242575935,3613.301819436921,0.9471364166100209,0.12147464313531887,46.24956954595156,1,
,,,41.17073643533015,5881.080134658095,0.999714882842251,0.039547811641477935,31.604618516088884,1,
,,,70.99707676946701,4400.077344296055,0.9826111461559945,0.11680062377827367,48.48322202649113,1,
,,,53.39379929380206,5341.375809655477,0.9954895651487722,0.03319276777871456,26.27430453309169,1,
,,,78.75669990886308,3784.7877995388,0.9862246265980349,0.19378726656400774,50.50766588021579,1,
,,,124.40932114216692,2020.2985629057266,0.40612105429788553,0.1230820440043068,20.857216731128027,1,
,,,62.34029509294069,5473.380325632514,0.977860827585776,0.1774462968132735,58.31515970213979,1,
,,,91.64964682624482,2781.9986855523653,0.606293596866783,0.19273068997313425,31.415146209978882,1,
,,,47.103893447782816,4717.086520802317,0.992976267893159,0.1441838465862623,60.82305247675488,1,
,,,59.56118894836222,4662.856072333597,0.9892119469386161,0.18381272304181992,44.35656200844824,1,
,,,47.35678803208908,4134.7534281170465,0.975805269014799,0.19567243456839098,62.53146436496968,1,
,,,127.52097119070496,2008.6169988331085,0.4535441558476811,0.09478864777236916,17.911329460993933,1,
,,,35.09269798469754,5863.18677156572,0.9897536692257276,0.13247086936593103,33.154355953980705,1,
,,,106.65944621599992,2431.193910631784,0.6015980741053459,0.14831889395213918,34.09864663969272,1,
,,,49.1805278490562,5049.805977771316,0.9955693308217883,0.13210327465150112,72.64043531312458,1,
,,,60.031760875478476,4507.521427954108,0.987284631039423,0.15828304816600505,54.95101038129988,1,
,,,22.533663118958554,5413.844888952897,0.9723756369272832,0.13566209640702084,54.355340336331324,1,
,,,35.54704883356952,6039.069265919433,0.9831059434927989,0.11597083290738076,49.765246395613616,1,
,,,53.289941408509925,4468.740670661739,0.9662619188317189,0.0803784380046439,38.037049254350904,1,
,,,51.21902772979145,5072.352541769812,0.9986227875223209,0.13039496369253437,68.9954625574008,1,
,,,60.64329073696828,4723.258440449253,0.9939906323798624,0.10788419826971424,41.638316588940704,1,
,,,52.54390636770614,4358.820603725829,0.9312523341965929,0.07783654494937946,47.88741010952269,1,
,,,41.29335669205048,5711.123017961491,0.9999831982372976,0.1712937671337788,73.349199586916,1,
,,,28.20885056416605,6112.009705348076,0.9891258198600003,0.23789940716632835,78.73185923582041,1,
,,,20.652093223436527,9575.811090307632,0.9952743932192198,0.26446717571510875,88.75013810634769,1,
,,,49.65413341127164,5807.6016537485775,0.9813935810492963,0.16313972983213035,66.7715868353582,1,
,,,51.612497363249524,5323.875964623857,0.9943684352478772,0.20320946364546358,48.71874205326212,1,
,,,54.255907599352035,4859.51854813722,1.0000000000000013,0.1008815343638259,40.750467261992085,1,
,,,43.06504210185181,4598.3948809913245,0.9997612421467749,0.05733415820166744,52.69135022557887,1,
,,,17.97129269144703,10016.466767845983,1.000000000000001,0.1460073978669955,85.43861354731347,1,
,,,157.3181614051218,1440.7339262038806,0.3962002830731857,0.22185568585840812,16.14213677963404,1,
,,,53.881614581385676,4334.510664103466,0.9911766410518937,0.0978393185473378,58.64745498453702,1,
,,,40.53710287415751,5180.879971363247,0.9994637018644689,0.0606381741406764,36.25197992198256,1,
,,,64.47273071170314,3405.100317977902,0.5764402389080305,0.11013205054324676,24.346309168562243,1,
,,,74.93821220179056,3472.863706595395,0.930482367123865,0.2621210146264117,59.712781338351576,1,
,,,32.77475093615123,4701.613107473372,0.9979957445147617,0.1599296014930738,55.95812672039913,1,
,,,49.35624414889295,4145.862519609202,0.9948525149019435,0.10924222804136602,55.304307371279684,1,
,,,49.08401052866071,3801.4075326890306,0.9310147579040776,0.3102873660954223,64.57832918664215,1,
,,,96.53015839759549,3097.7388282539123,0.7041108537806027,0.28403178076953844,53.38212147272752,1,
,,,33.553219902068044,3349.858657289181,0.9715745037967373,0.2716236174797158,72.84200056994683,1,
,,,74.50384483693018,2749.7254241597275,0.8684761289515628,0.232431835072519,29.951115106498776,1,
,,,63.10810264712005,3596.603812339161,0.9849379427837512,0.2618593416059921,57.386021399948184,1,
,,,53.240843053066534,4538.037376603915,0.960938066665869,0.30278738077414813,58.04162095249422,1,
,,,36.38724236502768,3780.1042174535023,0.9432558180917374,0.07649927589464593,22.576153432716907,1,
,,,79.11240890890636,2639.8122479070453,0.5513630491874898,0.17527819760860447,34.819733189175814,1,
,,,44.702856843619884,4949.44659604129,0.9958153559339642,0.07719676766771083,50.00378877189364,1,
,,,90.7454247783733,3393.7469707769355,0.6842533427447255,0.18401375682269602,49.902297916110534,1,
,,,55.47428967787343,4988.855286514617,0.9990013114271086,0.17429694282649835,71.90390497085465,1,
,,,61.667584081107655,5029.452622743664,0.9881363706982423,0.21107129502701713,49.86664231130666,1,
,,,60.44265395068359,3782.098575794725,0.9624088023904194,0.10563004496893914,56.89768734737727,1,
,,,87.60780182573801,3596.4899855339386,0.9643487578670614,0.12054798241891454,24.101620607423797,1,
,,,60.38815632695311,3062.477222849327,0.9492375305333967,0.09155356712462857,39.102980817468136,1,
,,,77.36146603444111,3244.628025065962,0.9795759797888322,0.043194703505103425,24.77435259343984,1,
,,,56.32254308069689,3681.6074422638203,0.9899504531381482,0.18124700598670754,55.62120632832775,1,
,,,73.38927139387847,3361.267761714205,0.995024938990001,0.153881050600071,32.483781863055825,1,
,,,94.72876479952349,4717.218342132993,0.9991817286306683,0.15505977260186418,48.586423681340065,1,
,,,57.16277607850898,5172.395322067291,0.991071406443248,0.08841182496398248,49.51582245010446,1,
,,,75.95834199524289,4249.807016144663,0.9743944229306383,0.11225675336964729,56.14878378761191,1,
,,,47.892367165462346,5093.324613212852,0.9677820089914451,0.14543465565945488,71.37608010114681,1,
,,,59.50799738255812,5684.490135867818,0.9999610962605294,0.19687613175612595,68.85531119562022,1,
,,,62.26806928568741,3331.6426522667057,0.9770897100499646,0.11158741048773942,55.09437126401938,1,
,,,53.19607192710854,3742.554253220133,0.9878459445403103,0.13690618545965816,26.188744180042423,1,
,,,39.386813730480924,3427.049555263457,0.9443594210734063,0.21563915846778225,79.24189287781415,1,
,,,29.77789974853858,7953.31410553912,0.9999999999999998,0.16181650536698075,33.14421031431279,1,
,,,61.89730405616839,2892.3793546447073,0.9747657596679965,0.21812743510756238,67.90925511483218,1,
,,,82.17459667288006,3840.143052027617,0.9576612952729328,0.15029252319847033,45.776169095136446,1,
,,,42.85323587995122,3808.5910881668315,0.9718407104969408,0.14214697995636477,37.9123633959889,1,
,,,36.10163297667127,8633.813467596417,1.0000000000000009,0.1943785758574204,28.48985641921193,1,
,,,50.75122661542517,5368.266179710706,0.9960184338072057,0.301452678280129,58.964278136659665,1,
,,,37.74548646194697,4844.284519104879,0.9939040066767231,0.1359578576467673,37.337137737034446,1,
,,,51.64759501307401,4811.7445564119,0.9967037617374889,0.10017160601710585,35.97319826928598,1,
,,,33.359436716979424,4450.622752788508,0.9890875019340298,0.12434343948599974,15.056992588951342,1,
,,,89.92569025876189,3086.054754360265,0.8779475750190564,0.10980325830593816,30.362697351666846,1,
,,,63.37611721730959,4335.111395803249,0.9952741223132806,0.0842033684021681,23.971548053825014,1,
,,,31.478634655374798,4472.174495343339,0.9858983405133566,0.14036151227571353,62.66519307695303,1,
,,,77.82337097226157,4216.811541611864,0.9982178402535756,0.10483256024908666,40.75808619194847,1,
,,,47.09937674515183,5352.650209976406,0.999999999999998,0.07455298540836382,20.538001162214282,1,
,,,75.02296841063954,3661.2072727566187,0.9555137797774303,0.17198272661648747,53.505409205435036,1,
,,,51.67962589743316,5326.727349939786,0.9940626715386802,0.14602915101331043,31.12898617124494,1,
,,,51.28299287609352,6563.987984066564,0.9927145701712973,0.16984969968169084,79.44656838734025,1,
,,,46.35796585700547,5523.15729335475,0.9959391610590242,0.14738224361637955,55.57305970055745,1,
,,,54.521429437852895,3290.6089793454503,0.969941406422921,0.18831675015956997,40.67768971398584,1,
,,,44.30791788588511,3230.2029903071743,0.9227927733828888,0.4360516873638071,88.39994076611517,1,
,,,75.72146508489494,4776.236092070296,0.9890423083382035,0.1841678895425109,53.86417738389064,1,
,,,37.144055133322766,3707.7740012684517,0.9797421474018034,0.1414196470286108,62.445165751128826,1,
,,,50.76155476907283,3001.823904016336,0.9689397846196526,0.1568951086860669,61.04400914011984,1,
,,,66.01141111413901,3155.7084776482166,0.9616429497367978,0.082293830520588,35.24730236861647,1,
,,,64.35869742440354,2723.3668366851193,0.9263295040029897,0.23710066127918056,57.61860656225147,1,
,,,47.4849060187812,5809.218490183232,0.9950963963902099,0.17803989315027285,70.8585233832961,1,
,,,75.86360575033943,4390.156967821857,0.9615072270608281,0.16128315764846127,58.262058428449784,1,
,,,59.719259740272605,2753.041300527475,0.936739616203046,0.1585947771103894,51.73150527492915,1,
,,,69.96626562423293,3926.3350291232655,0.9574721138887553,0.2225569356697602,51.48436448342352,1,
,,,98.91112810326521,4004.0550829180934,0.8540499494698814,0.226782912130927,47.65277818558607,1,
,,,32.99634489539819,3944.1039141244623,0.9715432756799263,0.10809924895203614,39.06195176259209,1,
,,,46.412649750895866,4473.389817092329,0.9743862053030743,0.19777646342900265,54.56289385615071,1,
,,,41.0012265810411,4672.958693414266,0.9510826015664966,0.1326018797635704,59.40253981643717,1,
,,,29.062299168869387,6850.996092036531,0.9999509512980732,0.18447763310130288,86.23167762500887,1,
,,,37.06456237923081,4227.700347557089,0.9786877660217614,0.08341418427448218,16.668160099029492,1,
,,,103.3650925612809,3800.6766472847,0.886343293565259,0.11506443740809304,32.113392596407515,1,
,,,45.45827854270402,3411.0049036004234,0.9232338391568548,0.21255410789876644,62.789452949777015,1,
,,,43.60871460329525,3138.650934115091,0.9627133664619912,0.1907162876935879,68.56620510124,1,
,,,32.26003367586376,6374.688365306912,0.9962280740639186,0.16022922199765408,43.0936936696203,1,
,,,52.279071006605236,3829.662348703547,0.9628494835794529,0.1241545367605514,43.902935182556654,1,
,,,91.13184055615739,3108.285008921431,0.8390956076109902,0.034573407936893126,17.396730197889372,1,
,,,56.51901735580476,3696.3315814288653,0.9292401655039336,0.14630118228323463,30.22677983304461,1,
,,,52.721753106904046,4549.4015643620505,0.9673400362741373,0.14439508074267246,41.406213901107925,1,
,,,31.145538826121705,5139.370901698314,0.9941319517400745,0.25767543635665047,59.416873800832434,1,
,,,35.26850931945422,3469.466381626559,0.8962966934069685,0.2396689077323689,60.83275865598987,1,
,,,34.91312545767861,3897.9660238388115,0.9091852435880066,0.2768209257349847,63.88050265214154,1,
,,,11.286680753770783,15067.612771571432,0.9893065094656841,0.1371427817920691,72.43388178129258,1,
,,,43.04320681927495,4526.13589789496,0.8848334492754208,0.2519814318174814,53.98599090302854,1,
,,,22.65772297353363,5093.76454862439,0.8043753270772045,0.48873488642083895,62.642757721274414,1,
,,,33.20724293158145,5342.7278899142,0.9999288835703051,0.10774356682803155,47.47862825600225,1,
,,,21.969979996508442,5681.213272058117,0.9368944602040753,0.2763114748021267,71.1403185108332,1,
,,,23.420874671945118,7020.372073425689,0.999534539993745,0.16652869929279993,88.73939597770139,1,
,,,31.60765012437276,6314.507141294016,0.9999980458657133,0.1499963441782567,61.42787513747351,1,
,,,25.761632205211512,6462.232162266545,0.9969068157472452,0.14351248824904742,62.834362009506904,1,
,,,25.398330303561544,7055.408097373168,0.9991249823721783,0.20097549544584348,73.15188798684574,1,
,,,52.376939275320545,3768.3878899755764,0.8438496054187774,0.23480548976947585,49.58088495727982,1,
,,,47.97429465725821,3342.8139951287594,0.7184441163298668,0.31108762701881937,46.581735956973105,1,
,,,35.129969212555764,6132.264428139203,0.9999999999999978,0.04553361941938741,12.595815082782025,1,
,,,52.19905435017071,2309.379054835023,0.4945285984446663,0.12228225888454196,26.062742908513304,1,
,,,38.233532784230015,4000.30791939859,0.9617597296860105,0.10870592525105488,51.4004617205352,1,
,,,27.507436150642523,5195.077209964586,0.9971183294212437,0.30180386647731666,67.0634912864095,1,
,,,38.675685956187515,5028.830199698243,0.9027734113454905,0.41539305611445265,70.73993891345984,1,
,,,68.44412308569302,3969.695349506789,0.8605980041488125,0.14620361195514586,33.597058108423546,1,
,,,63.84107477862182,3724.567325823936,0.8622193383931549,0.23872415411626857,61.33150704218798,1,
,,,41.299181162626134,5077.523013348026,0.9994879740625026,0.044280627146936126,33.20784654611148,1,
,,,39.82254169228476,6820.724819859964,0.9991684115637601,0.07661175171398245,58.721654764930264,1,
,,,33.803214376990184,6931.736146255512,1.0000000000000009,0.10482014581229739,58.53225708897474,1,
,,,38.256612091128346,4411.08582958169,0.9989006281831184,0.16552538255739724,50.63965955642919,1,
,,,43.612141692511706,3640.8553286335978,0.9504931525107129,0.2588668809901329,51.00211327334836,1,
,,,35.160292350774085,4759.760956744998,0.9928232362463985,0.07788707105810935,54.93863023665568,1,
,,,49.19016724370766,3525.2782410985246,0.9669689314187038,0.04121096382250911,14.597307272470598,1,
,,,46.38900170979263,3425.3849011018756,0.9787066303098099,0.042746356607344244,21.074167063617256,1,
,,,57.13333733877618,4020.941491254074,0.9861106885400214,0.06895103905218158,25.98422610286708,1,
,,,41.14791627336744,3947.523455250933,0.9642320878459468,0.09863260789472356,46.64170919860665,1,
,,,106.57831407959375,2906.6439435428065,0.8730415852178436,0.14250566066673917,45.49319486781732,1,
,,,37.32660338964936,2587.0386911867254,0.9148802474384079,0.1682296306384944,35.761150349959976,1,
,,,55.53569864616573,2798.421534839933,0.9247989793402348,0.16772604445090908,48.84335857823693,1,
,,,58.65581880911434,3150.712324928597,0.9507749887126734,0.1668248800031589,44.855897710173075,1,
,,,54.519553054852636,1917.9365935844103,0.9318046219642389,0.05668648925339566,23.867548244881906,1,
,,,54.829649884243175,3330.9685540920195,0.9682266262651146,0.15685710940398298,46.744928980477304,1,
,,,24.350479128774563,7844.958560562917,0.9878475382287271,0.13425248595561187,84.65648500525764,1,
,,,207.16240620395385,2122.980132871539,0.368995795864572,0.12396181354788924,19.244144723339584,1,
,,,226.7414390340765,1048.501650722254,0.19168340575866338,0.2259968891325682,18.763069698590815,1,
,,,45.588414966905354,7410.3757661487625,0.9997045403846001,0.14138773021910792,61.12034096467699,1,
,,,35.947078363572146,5718.245735534688,0.9997512884463565,0.14069135813043193,32.866753081233604,1,
,,,24.540589294274884,6913.989869797533,0.9858338342824888,0.14827196717413488,58.29171554175009,1,
,,,37.31780729197737,7093.542922174685,0.9828802895450832,0.08995332269925581,62.974508286660466,1,
,,,31.02183428173158,9926.52958628703,0.9936194594938003,0.12827837076472012,57.746532162565465,1,
,,,14.485842052413036,8312.512761150838,0.999999999999998,0.055254371587594164,48.6755761261774,1,
,,,18.812335308514978,9115.609530458276,0.9421625677254635,0.061807589473118256,67.67662980313095,1,
,,,33.32499256146411,7900.865654885728,0.9961492019837165,0.16248006983786628,70.99182974980957,1,
,,,20.516970935109075,4697.684646323031,0.9756759991076569,0.05598584215790551,26.184940604530745,1,
,,,9.087575379074247,3521.1245416878364,0.9626651715130068,0.0,5.051324569327452,1,
,,,38.38208936295912,7362.698632539603,0.994788367104148,0.11434567876723438,54.93723951042927,1,
,,,37.68462067588029,7410.506626050608,0.9707942159933459,0.13165235231872147,57.519005087196916,1,
,,,31.57620205722146,7939.131368656974,0.9988853583950102,0.28356561352210274,77.8521641356079,1,
,,,59.757292755720414,8504.06416761801,0.9962365798748801,0.06215183066414073,27.748603527029886,1,
,,,26.56262139763249,7808.310454087736,0.9999085483392437,0.10375177817990776,42.26275819307893,1,
,,,105.85147561693992,1679.9928121948797,0.5176860321459124,0.09692901846246757,14.643619192692459,1,
,,,31.97893700603824,5959.491973558016,0.9981406208689515,0.20275542666235086,61.725217824017584,1,
,,,155.67203436099336,1146.75094026499,0.36243019615068656,0.4398383629193273,29.79368849071553,1,
,,,57.54493641217224,2957.8273445700543,0.9466576816593384,0.13846094635943137,31.85372135887949,1,
,,,44.73043963024808,4158.506053405306,0.9677967136980168,0.19623970465359852,52.51737536749928,1,
,,,49.42665373909789,3388.531474580436,0.9498716293091315,0.30557930327023497,64.53021237923531,1,
,,,87.27602817944576,2224.5409300219862,0.5713542330119877,0.1993852557057243,27.79209005848367,1,
,,,56.55866990469464,2821.7326268202964,0.649687990507975,0.07852680149948717,28.536245511535242,1,
,,,43.56972195836421,2920.589023230282,0.8598442186704849,0.27315888675887096,52.10480742918471,1,
,,,51.95505190122995,4158.725021171411,0.9886802164532,0.19010867574967538,40.05152831919343,1,
,,,50.83871694529935,3955.8143600446792,0.8043666088692659,0.27425633229452556,38.34640344497721,1,
,,,31.952289769520046,4465.3543450354655,0.9928616832814323,0.19215070890801308,68.53626663676631,1,
,,,88.36035659824822,1480.1199533498177,0.5334322136805321,0.2711874104189016,21.479606278270886,1,
,,,61.736676198172795,3817.010169661204,0.882153091499455,0.15548678264797153,55.50115031552174,1,
,,,34.822603268419634,4015.1833610869744,0.9703131340699682,0.16787911226988844,32.11906819874626,1,
,,,28.451266135662102,7718.9381052417575,1.0000000000000002,0.48957756061406965,91.31300860829266,1,
,,,32.41323735785851,4580.976811202971,0.9962241623278977,0.15693950587664213,41.769446583561965,1,
,,,35.184185878702586,5273.135041410987,0.9736722700151123,0.3465922329808432,85.49554410228501,1,
,,,53.462591468841254,4068.633930635715,0.9992269517091434,0.12307628556551381,42.370017557972616,1,
,,,33.54047776336714,5403.443460992665,0.9728601113919231,0.3927843207493057,41.67258029583373,1,
,,,19.82475375067881,7248.569282738511,0.9973143287675243,0.3273441148000699,92.44769043195281,1,
,,,27.447476406860776,5148.769032763556,0.9992387857242001,0.11436016243161964,84.52439005529033,1,
,,,38.32137283489032,7427.531108974603,1.0000000000000004,0.2271118043310616,74.15004407922663,1,
,,,29.729928084704365,6786.920744882718,0.9999999999999999,0.14733214801871983,40.27124169072394,1,
,,,40.95829644462043,3783.3382439410984,0.992538891246461,0.1927630220074977,63.27761273276493,1,
,,,29.572446445969007,5521.905902512001,0.997788053242685,0.1300341208529718,39.820660033938964,1,
,,,31.537036303719443,4993.190136945593,0.9945233914187963,0.30898563819461056,75.5896116940546,1,
,,,35.037149846754296,5957.077080752064,0.9912954314692224,0.15715625362007016,78.13011478432584,1,
,,,20.293731048364137,7386.797956496607,1.0000000000000013,0.25798564524919404,85.58368951326834,1,
,,,31.404343412456452,5047.856775618255,0.9894257141174805,0.1847384674173877,63.536162258395365,1,
,,,46.77738267000534,4560.381759631365,0.9881368286530641,0.12456210555663853,61.311344048424246,1,
,,,34.44486052738896,3864.764803575435,0.960591387084425,0.1907694578866472,86.40986921822147,1,
,,,38.16938825977812,7934.836890173539,0.9999999999999994,0.05872030186623527,13.290014542839632,1,
,,,55.67964838719121,4412.302128313995,0.9515058462259495,0.1198700267877427,45.02427741002629,1,
,,,24.218898068084084,8958.493244294297,1.000000000000003,0.11108314686465175,67.06844939289714,1,
,,,42.006936044958316,7012.418434206355,0.999913706095144,0.21537325390228262,78.44104808924892,1,
,,,41.442677756560684,6215.144648695944,0.9986371917512656,0.15784448198161427,64.15938373307341,1,
,,,30.738570275124232,8739.245626708689,0.9999999999999978,0.13359329187909785,52.0447663245664,1,
,,,34.68590212607465,8049.35790061942,0.9982791675428082,0.1859845045344443,70.00068559801531,1,
,,,21.634200236881302,5275.945137207062,0.9997836070643411,0.0,13.10413106266372,1,
,,,31.471192105976026,7346.875824095602,0.997313249601787,0.2102852691706191,52.47533230447977,1,
,,,32.85597857853091,5891.300864058328,0.9945825068935317,0.12057507974005667,51.71376296352314,1,
,,,47.306122018930516,3632.883835858751,0.9571063708396382,0.03925469793673162,15.535350952926127,1,
,,,29.474920966328195,6534.617595282687,0.9999999999999994,0.1507400962156455,70.38898231694712,1,
,,,54.686143913019556,5192.5277610901685,0.9917226085301623,0.12263597923847518,41.97407410573785,1,
,,,34.16460827297805,4542.847375472357,0.9928612626051282,0.07404864500334957,33.07014269540004,1,
,,,46.2975994621907,6233.911397832668,0.9999999999999967,0.13101947001824493,41.339339746872824,1,
,,,22.47573107809561,7507.378832730862,0.9999999999999989,0.1366799148802303,49.60366511554353,1,
,,,47.497852952013645,5383.080413082171,0.9984627781071642,0.16557682242630792,70.13594651746573,1,
,,,30.308048126936708,7178.639528054862,1.0000000000000016,0.09752265749272261,36.48985792381899,1,
,,,40.43924580379563,8144.528796982329,0.9998421586834345,0.10264131166691512,58.33404602168337,1,
,,,20.18901535469983,6504.940351704844,1.000000000000001,0.28710528930026874,58.209389543160775,1,
,,,33.24747228042007,6588.202053362741,0.9851260959052288,0.14948587889323472,67.39392855734219,1,
,,,34.32668642593718,4332.613343142118,0.9232695138599648,0.1321586911171727,33.273941999018284,1,
,,,29.41651918609473,4028.6895949404366,0.8780489677706301,0.06494561905263706,27.59184863408978,1,
,,,48.74556032709357,2814.7821522907843,0.5593467859328833,0.28596156826689983,39.59602782611669,1,
,,,21.38658351303582,5245.299740459519,0.9928205762318031,0.1496672943088508,69.83113916907658,1,
,,,80.95687608537749,2209.9166013694066,0.7004141893110808,0.16123800658400927,34.50081710427909,1,
,,,21.20738820631193,11371.301333489122,1.0000000000000007,0.11549120543959245,78.33099629765371,1,
,,,20.278242853415904,7303.235925363268,0.996831285608657,0.29834392433793133,73.17443829583688,1,
,,,32.986562775465615,5170.608319112887,0.9988020829233113,0.0728832629325051,45.71544723834627,1,
,,,23.915884938223485,5880.664807006514,0.9993249273960018,0.2601073714335717,84.68401862272992,1,
,,,55.10454701358337,3177.9950548781985,0.6036477778555305,0.17012589264766667,44.92892909811507,1,
,,,25.85390672494796,5796.774921474805,0.9732399405266839,0.10815450739877695,64.89295357568848,1,
,,,27.768297327763683,6726.9717201129615,0.9999999999999999,0.09240348996551731,49.781487074702476,1,
,,,53.43913695584002,2478.647618157843,0.6883388313508293,0.2212495459859804,39.732313087330354,1,
,,,25.753061383297783,4205.84694827455,0.9684971591464021,0.2081865793581835,42.71821250477929,1,
,,,58.613919990798436,5403.249323686572,0.998095393587357,0.19015531756758394,49.10204526571658,1,
,,,40.10006553038591,3758.1029335010844,0.8009903180613356,0.05441952827979131,26.29073435454177,1,
,,,23.21673566886084,6050.423989070412,0.9894808875639958,0.1866221565097095,63.73830184501931,1,
,,,38.149936948336126,3287.594126333398,0.7113396443932485,0.1920782910424509,39.35151511830573,1,
,,,40.11211952022018,3332.795890578016,0.7804475732394174,0.41157650900657505,52.15286735983388,1,
,,,38.09769827419829,1864.5241881803258,0.6325706062820248,0.380466635325924,52.104232745733746,1,
,,,26.692707442671793,3614.6677442794016,0.8923867727408248,0.19946458792202248,62.92738118029967,1,
,,,30.696620434853042,3542.0696809636365,0.834522846065624,0.07662104674879258,39.18822149238567,1,
,,,53.623666092709456,3254.9900870362812,0.8665945870972452,0.20349195514713833,46.38565376609527,1,
,,,36.82148364612415,3677.872261972523,0.9518913044314739,0.2801269773157187,80.2848476647235,1,
,,,38.09228154672552,5952.1952709472525,0.9992669211845836,0.30399668904765714,78.28201697153023,1,
,,,32.969336325910014,4431.994989524105,0.7802246497315477,0.11370052981793091,31.79707803034691,1,
,,,29.68913377883409,4342.263061088245,0.9594375272771581,0.28319589968385406,58.70503461054641,1,
,,,43.329842691918046,3367.4629369142704,0.7188404236792046,0.37078432617573803,33.416755479549074,1,
,,,42.305519816175455,4726.570872756769,0.9459654864865585,0.3059024663154547,46.181136063353684,1,
,,,48.408617818319975,4097.286788110788,0.9501329520160873,0.26583617036518836,49.61487341673059,1,
,,,41.73672780361318,4327.42930012937,0.9810315676933755,0.24591886404523325,58.573845429905845,1,
,,,47.032274846010424,4104.801116329937,0.924892873959819,0.33663763666531105,69.61855473094239,1,
,,,48.337625222262915,4651.32946782559,0.9891430214998338,0.283560464123364,73.79043826261939,1,
,,,21.514234221917246,4360.183411589714,0.9714264207472696,0.4272190417741827,57.98338703615813,1,
,,,36.35195139529898,3804.2787436454933,0.9851256973555422,0.1268824183631587,18.388253001862292,1,
,,,31.546272158722395,5130.515615063274,0.9938353725886309,0.3732297612252483,56.065338886427405,1,
,,,39.124998781429404,3259.6759248500853,0.9385135203581568,0.3677325567797028,77.60734267780693,1,
,,,29.8948794371428,4884.81391028842,0.9791170781306959,0.4113146599303609,64.88231563784255,1,
,,,27.339395883109134,5764.461323100336,0.9721678253347277,0.24503488825961575,67.52596547845855,1,
,,,40.64669846578154,4468.964063145152,0.9832165764821392,0.28449253366270466,67.35189880297115,1,
,,,48.6256974681119,3015.907184035122,0.954665497394786,0.09800451597436598,23.084475186673206,1,
,,,56.618845724445094,4126.491719504636,0.985352682347008,0.1783524428118657,80.78893001482926,1,
,,,39.73219694921937,4241.410544272247,0.9710514903880656,0.3022865518959349,71.37303424423415,1,
,,,31.99430656950665,5551.311247665854,0.9845567292470759,0.17134714787106026,54.10805253852179,1,
,,,16.9256109526774,5542.83399529718,0.9663802659524744,0.4853689681195815,81.46596913460368,1,
,,,51.5988297199213,4261.3993460658,0.9835087123734899,0.22018452908303818,41.158893147352906,1,
,,,47.10607311711052,2975.1381504566325,0.9047386911605964,0.33648836557140693,62.48313207541081,1,
,,,53.66718435955553,4029.693122264187,0.9479734180835844,0.16097188640942323,41.43430772553988,1,
,,,58.67735910233941,3376.4619245418185,0.9554430486562786,0.21341167705800232,60.28858299888968,1,
,,,28.58497081406421,5458.692002537202,0.9976676279239719,0.2004599456464006,51.46302907444051,1,
,,,32.91771329404158,3800.2219397870904,0.9800982441654201,0.12451387159635274,61.11483354221393,1,
,,,44.042622603730244,4861.491163639065,0.9951003521913055,0.20683416868815926,66.22242162785064,1,
,,,63.09203382397401,3660.7802029877057,0.9748396570148748,0.12058612270128188,44.45645002415612,1,
,,,45.16667546433706,3645.6797743670563,0.9690783304226619,0.05047805121661318,11.007193684491474,1,
,,,63.44936621934962,5359.575523118927,0.9322227866521391,0.0,1.8703974363363278,1,
,,,37.785517813628864,5869.188674662431,0.9472334923656792,0.09279565577153849,57.96693896747562,1,
,,,57.66915932288631,2910.697712542703,0.9124601538273447,0.04292168444487668,8.46341477114479,1,
,,,41.6408740171517,2787.0536859142067,0.911060595785053,0.13062374245224118,22.287013163988963,1,
,,,32.0268407781136,4764.61671034845,0.9845487980132733,0.13801807125784554,16.206569206534084,1,
,,,44.88448854758489,4493.938845518794,0.9884168700950562,0.24493699710256006,64.55632535654058,1,
,,,50.373900043170245,6510.017659250632,0.9995445512823173,0.08105970985778507,49.14778682496658,1,
,,,55.534022833629294,4089.54367978241,0.9712420640048329,0.11989274423558463,21.247933796440293,1,
,,,50.100977934339724,5065.112809674067,0.9789727976781336,0.03592006669958802,25.942358835636487,1,
,,,40.132071434955606,4149.0075519467455,0.9747524989808595,0.09846361829913658,43.48344417447112,1,
,,,55.707870774712696,3970.748636145105,0.9689032764964723,0.09099914254309151,32.63520642942218,1,
,,,52.19567515891161,4651.021658972474,0.9980981618684395,0.18178578323761008,40.32708312514919,1,
,,,53.83757960012425,3640.4305462287475,0.9154794919232556,0.1330186217450355,38.75922315731489,1,
,,,550.8424004098172,2066.6311247653093,0.7671120763298934,0.08392919536916464,18.932600120026155,1,
,,,98.15872464838996,3305.143892786389,0.9010165265089802,0.061324752716252366,32.34923339930647,1,
,,,69.31628554858526,2112.586978723939,0.7880788068533632,0.13058223215970907,32.56387834282155,1,
,,,79.38084042308606,4968.014862510799,0.9514561983389217,0.21996886852044442,45.85014635567305,1,
,,,47.80354025421458,4046.3817787331136,0.9796838362751279,0.2810458368225092,56.640037593887705,1,
,,,64.4165745713812,2628.9227598379275,0.903479795946217,0.030815562801983602,14.34804943841016,1,
,,,96.52399857600723,4581.152614113589,0.9811150124111846,0.18307486588948954,47.90599643865102,1,
,,,164.8396573135126,4498.840879579208,0.9777083517293614,0.2031271416216687,44.25400615728448,1,
,,,58.545296138484254,4010.27145666183,0.9697798806151174,0.09684148154399815,48.69273413205754,1,
,,,168.66378431846536,3818.2706612089573,0.9832241618945304,0.18952094492709223,42.54584837879881,1,
,,,309.2338685397751,3026.9465032501917,0.9039270292894099,0.06559429596993555,17.202574494626354,1,
,,,106.72450803114775,3729.5441112398867,0.9804884619714618,0.1020332875941755,37.43034098394704,1,
,,,38.3013858551775,3862.452166365083,0.9787945772127847,0.17194928599454834,32.41412382415494,1,
,,,61.43621651479392,3750.4644061843633,0.97485807587042,0.2150559244518133,65.60709219802001,1,
,,,74.98470631429879,3565.6860927303574,0.9439595571742624,0.09044083055974568,35.12305412806875,1,
,,,210.5842453744937,2906.48780513457,0.7803107990386602,0.08790488397429742,23.38111136792005,1,
,,,56.09191717992428,3099.2863416512905,0.9770385366679799,0.1510897990536654,37.40037388162259,1,
,,,60.51870113307428,3859.947555042954,0.9515873357315031,0.17984629360983914,43.31289194016145,1,
,,,61.49329983956457,3916.9532291731716,0.981989927109511,0.14533303650187043,39.62406997894556,1,
,,,55.816167278678435,3462.758752556479,0.9699257757870531,0.11834418952788849,44.82482291209059,1,
,,,59.84479427926439,3257.639592284703,0.9781018469184765,0.07950252979080732,26.930270423658246,1,
,,,58.537172160661896,3617.1310945267264,0.9852993462628089,0.1685528770125417,41.21699993374352,1,
,,,72.04040424189834,2848.1867406164843,0.9417462399996855,0.11653241259113821,22.63226455773157,1,
,,,52.343711447084445,3872.558736678512,0.9541189371307334,0.13776833039488465,43.28298282346986,1,
,,,75.60394394883672,3331.644235697301,0.944931279496738,0.111233324349713,33.181722197769695,1,
,,,648.4274085341078,1190.9355976427983,0.4538031414939302,0.13604710555886823,10.295745933438763,1,
,,,201.86413620070167,2207.3683841906545,0.8020824345252198,0.2046089761252584,32.7939451155523,1,
,,,110.79100169860429,3172.7515943691087,0.9490130405858416,0.12998537573288485,31.603515103653894,1,
,,,54.482059432163894,4023.9588859114033,0.9239562973562484,0.3328601215222729,39.10658581021242,1,
,,,53.884873410670096,5654.556089033458,0.9733800339244467,0.21504330921168013,40.57449281198492,1,
,,,69.12109700359585,2531.6108754340426,0.9360967755768544,0.0,5.187164613968165,1,
,,,491.3826729056506,1444.9656636136815,0.603527464369536,0.16073262412673042,15.728925202178623,1,
,,,515.2136522825527,1207.2103556527516,0.4663458992034774,0.1630381243638983,11.542602826109718,1,
,,,177.19519403771827,1782.466034634497,0.5328959709957927,0.06193429385238799,19.789102346725144,1,
,,,61.14328612336825,3987.97573948313,0.9195833831307407,0.2554654309637561,48.129828084363794,1,
,,,64.44241225469763,4487.596265359257,0.9931288534533742,0.15822939323924615,59.98982574148026,1,
,,,41.61603015274781,2354.1140922216637,0.8970334076557208,0.0,0.0,1,
,,,92.39551093450709,3665.1811129742355,0.9409032073957738,0.28512450437003506,54.52060750035105,1,
,,,106.44945946214604,2393.9635398105734,0.8664077335199839,0.08497824270492176,29.823739760698274,1,
,,,64.03778598284838,4354.466789943589,0.8308428473222069,0.49199039191590943,40.85364906253854,1,
,,,115.79019851349346,2679.3943895041857,0.785638381122101,0.20011409262798707,27.475990655223686,1,
,,,66.92989489868427,4437.428264773779,0.9469300885184223,0.30055970233533275,41.02749759293888,1,
,,,49.1635383487799,4383.929122781124,0.9618248029640984,0.16789556730655708,31.347961020185583,1,
,,,64.78386432091837,4583.292727138212,0.8231167747511382,0.15610839087825915,52.301818349873116,1,
,,,248.74903703651717,1733.5346820281886,0.602935273861732,0.19658119548046551,33.2617897055635,1,
,,,91.49939984325974,2684.388752786007,0.8677382979473498,0.10333992601302086,18.24351739356276,1,
,,,94.99998639303138,3067.103781216097,0.8981380961872166,0.09492394394454404,8.850560878390679,1,
,,,103.20753024937602,3071.7599704823847,0.8627366028828285,0.18823501991420913,31.294927986724876,1,
,,,97.99601874979209,4786.997309076657,0.9690685048083881,0.18103163246601464,42.7965120334187,1,
,,,85.97022031552707,2471.098132476221,0.8253097366615446,0.15448565539819126,40.02776038413816,1,
,,,38.33711733709621,3796.1491586646844,0.985517432200031,0.0,1.9396303953974539,1,
,,,91.3773888999883,2044.536659971985,0.5729932634934315,0.10926159810329301,32.91743782637187,1,
,,,36.89824210834857,3586.7447386396398,0.927842707165497,0.22436420504838983,45.21915376749791,1,
,,,70.15737827241968,3017.0889525672465,0.9322316086945502,0.1016123262395263,34.82364930046019,1,
,,,43.411258175515,4805.139568895815,0.9792386962262847,0.3090292104792476,45.21043005023449,1,
,,,73.36305652420782,2965.8459678563127,0.8959577913972545,0.0,0.0,1,
,,,51.229810951027865,4041.760520411592,0.9547466170687938,0.36639584155345545,43.69658855361613,1,
,,,75.6468972375286,1937.6099211521214,0.7229320877038721,0.09447267685831533,16.37047655544069,1,
,,,50.47049370706289,4593.090940681039,0.9828186674723667,0.2298946255977693,32.84640274892052,1,
,,,68.6069671256706,3497.728791244126,0.9486968101826712,0.31614732654884425,46.87378344600864,1,
,,,86.08639434886268,2606.2597527713197,0.8031329420779642,0.0003189859458895258,1.7182821408030555,1,
,,,65.23235902318324,3315.375038382569,0.9543754678983658,0.08681029879476507,11.82221379784321,1,
,,,57.09117556909782,4018.3953541961887,0.956168635907757,0.12113506507391184,25.814719459703728,1,
,,,61.62437327457781,3376.184865092627,0.919847962956552,0.08756404493449903,24.167263315641012,1,
,,,98.97050800104118,3079.0388835386307,0.8089123307421591,0.15988609455000413,39.48464538934018,1,
,,,81.4572956550401,4724.436204821931,0.9153067820724227,0.10214797407462446,39.72350213552039,1,
,,,101.99788936884629,2227.020794156007,0.7260732376306218,0.10418472047612311,16.26962238521757,1,
,,,56.01357805611855,5705.409907105185,0.9944157726040489,0.04573726791932549,28.02420190882214,1,
,,,147.02406258964163,3235.825202314864,0.7988692900483488,0.15311006139800984,27.817391726322683,1,
,,,87.61873297561182,3826.402372799754,0.9313022092335331,0.10780746774026279,32.933971936611975,1,
,,,52.4457115330184,4526.1661530298115,0.8908701742689753,0.06411063273207751,27.544772594361266,1,
,,,92.44757131748055,3589.998849963169,0.9084795935626262,0.07130659066052102,8.587475080182683,1,
,,,64.0542194152305,4433.816246530082,0.9073142002228554,0.09401122339487047,55.31820881945498,1,
,,,95.05860345324558,5653.486426439345,0.9732078993782248,0.19207158710064998,60.236651770307326,1,
,,,46.371589028246994,3651.474086547886,0.8485661607650713,0.24611498960214592,49.541880321567575,1,
,,,81.60640104252572,4595.562895589997,0.9691988522084195,0.14860638725174496,38.70534367045085,1,
,,,43.241948038730186,6557.419930080986,0.9815783373470097,0.1349499452054704,45.65140632086762,1,
,,,215.70404561983733,1755.4758768120491,0.4598338818326404,0.1875864060319649,22.570248439966264,1,
,,,31.49851737819187,3978.39503224745,0.9863488823566225,0.22517761219254004,47.850973525976016,1,
