Prov_ID,Province,Dist_ID,District,Sect_ID,Name,join_key,sector,non_poor,vulnerable,moderately_poor,severely_poor,total,count,district,poverty_rate,poverty_score,poor_population,severely_poor_population
1.0,Kigali City,11.0,Nyarugenge,1101.0,Gitega,gitega,Gitega,90.0,7.5,2.2,0.3,100,32945,Nyarugenge,2.5,2.1333333333333333,823.625,98.835
1.0,Kigali City,11.0,Nyarugenge,1102.0,Kanyinya,kanyinya,Kanyinya,65.7,18.5,12.6,3.2,100,34608,Nyarugenge,15.8,8.883333333333333,5468.064,1107.4560000000001
1.0,Kigali City,11.0,Nyarugenge,1103.0,Kigali,kigali,Kigali,68.1,17.6,11.4,3.0,100,71619,Nyarugenge,14.4,8.233333333333334,10313.136,2148.57
1.0,Kigali City,11.0,Nyarugenge,1104.0,Kimisagara,kimisagara,Kimisagara,86.4,9.7,3.4,0.5,100,65713,Nyarugenge,3.9,3.0,2562.807,328.565
1.0,Kigali City,11.0,Nyarugenge,1105.0,Mageregere,mageregere,Mageregere,56.3,18.7,18.1,6.9,100,49847,Nyarugenge,25.0,12.600000000000001,12461.75,3439.4430000000007
1.0,Kigali City,11.0,Nyarugenge,1106.0,Muhima,muhima,Muhima,91.7,6.4,1.7,0.2,100,27195,Nyarugenge,1.9,1.7333333333333334,516.705,54.39
1.0,Kigali City,11.0,Nyarugenge,1107.0,Nyakabanda,nyakabanda,Nyakabanda,89.7,7.6,2.3,0.4,100,33924,Nyarugenge,2.6999999999999997,2.233333333333333,915.9479999999999,135.696
1.0,Kigali City,11.0,Nyarugenge,1108.0,Nyamirambo,nyamirambo,Nyamirambo,83.7,9.9,4.7,1.6,100,61987,Nyarugenge,6.300000000000001,4.016666666666667,3905.1810000000005,991.7920000000001
1.0,Kigali City,11.0,Nyarugenge,1109.0,Nyarugenge,nyarugenge,Nyarugenge,90.6,7.0,2.2,0.2,100,20673,Nyarugenge,2.4000000000000004,2.0,496.15200000000004,41.346000000000004
1.0,Kigali City,11.0,Nyarugenge,1109.0,Nyarugenge,nyarugenge,Nyarugenge,32.0,24.0,31.0,13.0,100,25347,Bugesera,44.0,20.833333333333332,11152.68,3295.11
1.0,Kigali City,11.0,Nyarugenge,1110.0,Rwezamenyo,rwezamenyo,Rwezamenyo,94.0,4.9,1.0,0.0,100,17286,Nyarugenge,1.0,1.1500000000000001,172.86,0.0
1.0,Kigali City,12.0,Gasabo,1201.0,Bumbogo,bumbogo,Bumbogo,71.3,14.4,10.9,3.4,100,123525,Gasabo,14.3,7.733333333333333,17664.075,4199.85
1.0,Kigali City,12.0,Gasabo,1202.0,Gatsata,gatsata,Gatsata,84.0,11.2,3.9,0.8,100,56768,Gasabo,4.7,3.5666666666666664,2668.0960000000005,454.144
1.0,Kigali City,12.0,Gasabo,1203.0,Gikomero,gikomero,Gikomero,38.6,25.0,28.7,7.8,100,19161,Gasabo,36.5,17.633333333333333,6993.765,1494.558
1.0,Kigali City,12.0,Gasabo,1204.0,Gisozi,gisozi,Gisozi,85.9,9.1,4.0,0.9,100,91564,Gasabo,4.9,3.2999999999999994,4486.636,824.076
1.0,Kigali City,12.0,Gasabo,1205.0,Jabana,jabana,Jabana,69.5,14.9,12.1,3.5,100,66461,Gasabo,15.6,8.266666666666667,10367.916,2326.135
1.0,Kigali City,12.0,Gasabo,1206.0,Jali,jali,Jali,60.2,17.7,17.0,5.0,100,43313,Gasabo,22.0,11.116666666666667,9528.86,2165.65
1.0,Kigali City,12.0,Gasabo,1207.0,Kacyiru,kacyiru,Kacyiru,93.0,5.4,1.4,0.1,100,35660,Gasabo,1.5,1.4166666666666667,534.9,35.66
1.0,Kigali City,12.0,Gasabo,1208.0,Kimihurura,kimihurura,Kimihurura,91.5,6.8,1.6,0.1,100,21401,Gasabo,1.7000000000000002,1.7166666666666668,363.81700000000006,21.401
1.0,Kigali City,12.0,Gasabo,1209.0,Kimironko,kimironko,Kimironko,91.7,6.0,1.9,0.3,100,70424,Gasabo,2.1999999999999997,1.7833333333333332,1549.328,211.27200000000002
1.0,Kigali City,12.0,Gasabo,1210.0,Kinyinya,kinyinya,Kinyinya,84.5,10.5,4.2,0.8,100,146389,Gasabo,5.0,3.5500000000000003,7319.45,1171.112
1.0,Kigali City,12.0,Gasabo,1211.0,Ndera,ndera,Ndera,73.0,13.7,9.9,3.4,100,113105,Gasabo,13.3,7.283333333333334,15042.965,3845.57
1.0,Kigali City,12.0,Gasabo,1212.0,Nduba,nduba,Nduba,62.5,16.6,16.0,4.9,100,71155,Gasabo,20.9,10.55,14871.395,3486.595
1.0,Kigali City,12.0,Gasabo,1213.0,Remera,remera,Remera,90.8,6.7,2.1,0.4,100,49371,Gasabo,2.5,2.016666666666667,1234.275,197.484
1.0,Kigali City,12.0,Gasabo,1213.0,Remera,remera,Remera,51.1,23.5,23.3,2.1,100,19805,Musanze,25.400000000000002,12.733333333333334,5030.47,415.905
1.0,Kigali City,12.0,Gasabo,1213.0,Remera,remera,Remera,35.4,23.3,30.7,10.7,100,32297,Gatsibo,41.4,19.466666666666665,13370.958,3455.7789999999995
1.0,Kigali City,12.0,Gasabo,1213.0,Remera,remera,Remera,48.1,20.0,24.4,7.5,100,33049,Ngoma,31.9,15.216666666666667,10542.631,2478.675
1.0,Kigali City,12.0,Gasabo,1214.0,Rusororo,rusororo,Rusororo,68.5,14.7,12.0,4.7,100,66577,Gasabo,16.7,8.799999999999999,11118.358999999999,3129.119
1.0,Kigali City,12.0,Gasabo,1215.0,Rutunga,rutunga,Rutunga,40.8,25.6,26.1,7.5,100,22460,Gasabo,33.6,16.71666666666667,7546.56,1684.5
1.0,Kigali City,13.0,Kicukiro,1301.0,Gahanga,gahanga,Gahanga,72.8,14.7,9.2,3.3,100,91500,Kicukiro,12.5,7.166666666666667,11437.5,3019.5
1.0,Kigali City,13.0,Kicukiro,1302.0,Gatenga,gatenga,Gatenga,85.4,9.2,4.2,1.2,100,76266,Kicukiro,5.4,3.533333333333333,4118.3640000000005,915.192
1.0,Kigali City,13.0,Kicukiro,1303.0,Gikondo,gikondo,Gikondo,91.8,5.9,1.9,0.3,100,18466,Kicukiro,2.1999999999999997,1.7666666666666666,406.25199999999995,55.398
1.0,Kigali City,13.0,Kicukiro,1304.0,Kagarama,kagarama,Kagarama,90.2,6.9,2.6,0.4,100,21609,Kicukiro,3.0,2.216666666666667,648.27,86.436
1.0,Kigali City,13.0,Kicukiro,1305.0,Kanombe,kanombe,Kanombe,83.7,9.9,5.1,1.3,100,79728,Kicukiro,6.3999999999999995,4.0,5102.592,1036.4640000000002
1.0,Kigali City,13.0,Kicukiro,1306.0,Kicukiro,kicukiro,Kicukiro,93.3,5.3,1.2,0.2,100,17982,Kicukiro,1.4,1.3833333333333335,251.748,35.964
1.0,Kigali City,13.0,Kicukiro,1307.0,Kigarama,kigarama,Kigarama,86.4,8.8,3.9,0.8,100,70740,Kicukiro,4.7,3.1666666666666665,3324.78,565.92
1.0,Kigali City,13.0,Kicukiro,1307.0,Kigarama,kigarama,Kigarama,34.7,24.3,32.6,8.4,100,37679,Kirehe,41.0,19.116666666666667,15448.39,3165.0360000000005
1.0,Kigali City,13.0,Kicukiro,1308.0,Masaka,masaka,Masaka,74.5,14.2,9.0,2.4,100,85335,Kicukiro,11.4,6.566666666666666,9728.19,2048.04
1.0,Kigali City,13.0,Kicukiro,1309.0,Niboye,niboye,Niboye,94.2,4.3,1.4,0.1,100,30306,Kicukiro,1.5,1.2333333333333332,454.59,30.306000000000004
1.0,Kigali City,13.0,Kicukiro,1310.0,Nyarugunga,nyarugunga,Nyarugunga,94.1,4.1,1.6,0.3,100,49735,Kicukiro,1.9000000000000001,1.3666666666666665,944.965,149.205
2.0,Southern Province,21.0,Nyanza,2101.0,Busasamana,busasamana,Busasamana,59.0,18.5,17.3,5.1,100,54321,Nyanza,22.4,11.4,12167.903999999999,2770.3709999999996
2.0,Southern Province,21.0,Nyanza,2101.0,Busasamana,busasamana,Busasamana,27.5,19.5,35.2,17.8,100,36619,Rubavu,53.0,23.883333333333336,19408.07,6518.182000000001
2.0,Southern Province,21.0,Nyanza,2102.0,Busoro,busoro,Busoro,33.7,21.0,29.7,15.6,100,40338,Nyanza,45.3,21.2,18273.113999999998,6292.727999999999
2.0,Southern Province,21.0,Nyanza,2103.0,Cyabakamyi,cyabakamyi,Cyabakamyi,30.6,29.0,32.5,7.9,100,24979,Nyanza,40.4,19.616666666666667,10091.516,1973.3410000000001
2.0,Southern Province,21.0,Nyanza,2104.0,Kibilizi,kibilizi,Kibilizi,27.1,22.7,32.1,18.1,100,41150,Nyanza,50.2,23.53333333333333,20657.300000000003,7448.1500000000015
2.0,Southern Province,21.0,Nyanza,2105.0,Kigoma,kigoma,Kigoma,36.3,22.5,30.2,10.9,100,42249,Nyanza,41.1,19.266666666666666,17364.339,4605.1410000000005
2.0,Southern Province,21.0,Nyanza,2105.0,Kigoma,kigoma,Kigoma,42.1,26.0,27.0,4.9,100,26579,Huye,31.9,15.783333333333333,8478.701,1302.371
2.0,Southern Province,21.0,Nyanza,2106.0,Mukingo,mukingo,Mukingo,42.9,24.3,25.8,7.0,100,40510,Nyanza,32.8,16.15,13287.28,2835.7
2.0,Southern Province,21.0,Nyanza,2107.0,Muyira,muyira,Muyira,30.3,24.8,31.5,13.4,100,43489,Nyanza,44.9,21.333333333333332,19526.560999999998,5827.526
2.0,Southern Province,21.0,Nyanza,2108.0,Ntyazo,ntyazo,Ntyazo,26.5,22.3,33.0,18.2,100,34064,Nyanza,51.2,23.816666666666666,17440.768,6199.647999999999
2.0,Southern Province,21.0,Nyanza,2109.0,Nyagisozi,nyagisozi,Nyagisozi,30.4,29.2,32.1,8.2,100,28846,Nyanza,40.3,19.666666666666668,11624.937999999998,2365.372
2.0,Southern Province,21.0,Nyanza,2109.0,Nyagisozi,nyagisozi,Nyagisozi,48.1,18.7,28.5,4.8,100,18554,Nyaruguru,33.3,15.016666666666667,6178.482,890.592
2.0,Southern Province,21.0,Nyanza,2110.0,Rwabicuma,rwabicuma,Rwabicuma,35.6,26.6,30.9,6.9,100,21952,Nyanza,37.8,18.183333333333334,8297.856,1514.688
2.0,Southern Province,22.0,Gisagara,2201.0,Gikonko,gikonko,Gikonko,32.2,21.9,34.5,11.5,100,28794,Gisagara,46.0,20.900000000000002,13245.24,3311.31
2.0,Southern Province,22.0,Gisagara,2202.0,Gishubi,gishubi,Gishubi,21.3,19.9,38.9,20.0,100,31209,Gisagara,58.9,26.283333333333335,18382.101,6241.8
2.0,Southern Province,22.0,Gisagara,2203.0,Kansi,kansi,Kansi,40.6,22.7,29.7,7.0,100,23524,Gisagara,36.7,17.183333333333334,8633.308,1646.68
2.0,Southern Province,22.0,Gisagara,2204.0,Kibirizi,kibirizi,Kibirizi,36.8,22.0,32.1,9.1,100,34480,Gisagara,41.2,18.916666666666668,14205.76,3137.68
2.0,Southern Province,22.0,Gisagara,2204.0,Kibirizi,kibirizi,Kibirizi,34.2,33.5,27.8,4.6,100,22044,Nyamagabe,32.4,17.150000000000002,7142.255999999999,1014.0239999999999
2.0,Southern Province,22.0,Gisagara,2205.0,Kigembe,kigembe,Kigembe,32.8,24.3,35.6,7.3,100,23360,Gisagara,42.9,19.566666666666666,10021.44,1705.28
2.0,Southern Province,22.0,Gisagara,2206.0,Mamba,mamba,Mamba,30.1,20.9,32.3,16.7,100,44880,Gisagara,49.0,22.599999999999998,21991.2,7494.96
2.0,Southern Province,22.0,Gisagara,2207.0,Muganza,muganza,Muganza,29.8,21.4,34.8,14.0,100,36715,Gisagara,48.8,22.166666666666668,17916.92,5140.1
2.0,Southern Province,22.0,Gisagara,2207.0,Muganza,muganza,Muganza,35.9,23.4,33.3,7.4,100,19277,Nyaruguru,40.699999999999996,18.7,7845.738999999999,1426.4980000000003
2.0,Southern Province,22.0,Gisagara,2207.0,Muganza,muganza,Muganza,48.4,18.3,25.4,8.0,100,29446,Rusizi,33.4,15.516666666666666,9834.964,2355.68
2.0,Southern Province,22.0,Gisagara,2208.0,Mugombwa,mugombwa,Mugombwa,41.2,21.5,29.7,7.6,100,34760,Gisagara,37.3,17.28333333333333,12965.48,2641.76
2.0,Southern Province,22.0,Gisagara,2209.0,Mukindo,mukindo,Mukindo,33.0,22.1,33.6,11.3,100,32209,Gisagara,44.900000000000006,20.533333333333335,14461.841,3639.617
2.0,Southern Province,22.0,Gisagara,2210.0,Musha,musha,Musha,30.7,21.5,34.4,13.4,100,29634,Gisagara,47.8,21.75,14165.052,3970.956
2.0,Southern Province,22.0,Gisagara,2210.0,Musha,musha,Musha,40.7,23.1,27.6,8.5,100,27614,Rwamagana,36.1,17.3,9968.654,2347.19
2.0,Southern Province,22.0,Gisagara,2211.0,Ndora,ndora,Ndora,30.7,22.7,33.1,13.5,100,31477,Gisagara,46.6,21.566666666666666,14668.282,4249.395
2.0,Southern Province,22.0,Gisagara,2212.0,Nyanza,nyanza,Nyanza,26.3,22.8,40.0,10.9,100,20225,Gisagara,50.9,22.583333333333332,10294.525,2204.525
2.0,Southern Province,22.0,Gisagara,2213.0,Save,save,Save,39.2,24.7,28.7,7.5,100,33173,Gisagara,36.2,17.433333333333334,12008.626,2487.975
2.0,Southern Province,23.0,Nyaruguru,2301.0,Busanze,busanze,Busanze,32.0,26.6,31.8,9.6,100,26955,Nyaruguru,41.4,19.833333333333332,11159.37,2587.68
2.0,Southern Province,23.0,Nyaruguru,2302.0,Cyahinda,cyahinda,Cyahinda,39.8,25.7,28.1,6.5,100,21972,Nyaruguru,34.6,16.900000000000002,7602.312000000001,1428.18
2.0,Southern Province,23.0,Nyaruguru,2303.0,Kibeho,kibeho,Kibeho,46.4,23.3,23.8,6.5,100,25307,Nyaruguru,30.3,15.066666666666665,7668.021,1644.955
2.0,Southern Province,23.0,Nyaruguru,2304.0,Kivu,kivu,Kivu,37.1,24.6,31.0,7.3,100,17606,Nyaruguru,38.3,18.083333333333332,6743.097999999999,1285.238
2.0,Southern Province,23.0,Nyaruguru,2305.0,Mata,mata,Mata,43.4,28.1,23.3,5.2,100,15687,Nyaruguru,28.5,15.050000000000002,4470.795,815.724
2.0,Southern Province,23.0,Nyaruguru,2306.0,Muganza,muganza,Muganza,29.8,21.4,34.8,14.0,100,36715,Gisagara,48.8,22.166666666666668,17916.92,5140.1
2.0,Southern Province,23.0,Nyaruguru,2306.0,Muganza,muganza,Muganza,35.9,23.4,33.3,7.4,100,19277,Nyaruguru,40.699999999999996,18.7,7845.738999999999,1426.4980000000003
2.0,Southern Province,23.0,Nyaruguru,2306.0,Muganza,muganza,Muganza,48.4,18.3,25.4,8.0,100,29446,Rusizi,33.4,15.516666666666666,9834.964,2355.68
2.0,Southern Province,23.0,Nyaruguru,2307.0,Munini,munini,Munini,37.5,29.2,27.5,5.8,100,17990,Nyaruguru,33.3,16.933333333333334,5990.67,1043.42
2.0,Southern Province,23.0,Nyaruguru,2308.0,Ngera,ngera,Ngera,35.9,23.0,33.0,8.1,100,24004,Nyaruguru,41.1,18.883333333333333,9865.644,1944.3239999999998
2.0,Southern Province,23.0,Nyaruguru,2309.0,Ngoma,ngoma,Ngoma,44.2,19.3,30.5,6.0,100,23800,Nyaruguru,36.5,16.383333333333333,8687.0,1428.0
2.0,Southern Province,23.0,Nyaruguru,2309.0,Ngoma,ngoma,Ngoma,79.4,10.5,8.3,1.8,100,22160,Huye,10.100000000000001,5.416666666666667,2238.1600000000003,398.88
2.0,Southern Province,23.0,Nyaruguru,2309.0,Ngoma,ngoma,Ngoma,42.9,29.6,24.3,3.2,100,12980,Rulindo,27.5,14.633333333333335,3569.5,415.36
2.0,Southern Province,23.0,Nyaruguru,2310.0,Nyabimata,nyabimata,Nyabimata,31.3,23.2,36.2,9.3,100,17166,Nyaruguru,45.5,20.583333333333336,7810.53,1596.438
2.0,Southern Province,23.0,Nyaruguru,2311.0,Nyagisozi,nyagisozi,Nyagisozi,30.4,29.2,32.1,8.2,100,28846,Nyanza,40.3,19.666666666666668,11624.937999999998,2365.372
2.0,Southern Province,23.0,Nyaruguru,2311.0,Nyagisozi,nyagisozi,Nyagisozi,48.1,18.7,28.5,4.8,100,18554,Nyaruguru,33.3,15.016666666666667,6178.482,890.592
2.0,Southern Province,23.0,Nyaruguru,2312.0,Ruheru,ruheru,Ruheru,33.0,24.0,32.7,10.3,100,24408,Nyaruguru,43.0,20.05,10495.44,2514.0240000000003
2.0,Southern Province,23.0,Nyaruguru,2313.0,Ruramba,ruramba,Ruramba,37.9,27.1,28.8,6.2,100,17294,Nyaruguru,35.0,17.21666666666667,6052.9,1072.228
2.0,Southern Province,23.0,Nyaruguru,2314.0,Rusenge,rusenge,Rusenge,27.9,28.8,33.3,10.0,100,25099,Nyaruguru,43.3,20.9,10867.867,2509.9
2.0,Southern Province,24.0,Huye,2401.0,Gishamvu,gishamvu,Gishamvu,40.8,22.9,29.3,7.1,100,14967,Huye,36.4,17.133333333333336,5447.987999999999,1062.657
2.0,Southern Province,24.0,Huye,2402.0,Huye,huye,Huye,48.8,22.0,22.0,7.2,100,29738,Huye,29.2,14.6,8683.496,2141.136
2.0,Southern Province,24.0,Huye,2403.0,Karama,karama,Karama,38.5,30.3,26.1,5.2,100,17802,Huye,31.3,16.35,5572.026,925.7040000000001
2.0,Southern Province,24.0,Huye,2403.0,Karama,karama,Karama,50.3,25.5,21.6,2.7,100,21261,Kamonyi,24.3,12.800000000000002,5166.423,574.047
2.0,Southern Province,24.0,Huye,2403.0,Karama,karama,Karama,34.2,26.6,31.1,8.1,100,33037,Nyagatare,39.2,18.849999999999998,12950.504,2675.9970000000003
2.0,Southern Province,24.0,Huye,2404.0,Kigoma,kigoma,Kigoma,36.3,22.5,30.2,10.9,100,42249,Nyanza,41.1,19.266666666666666,17364.339,4605.1410000000005
2.0,Southern Province,24.0,Huye,2404.0,Kigoma,kigoma,Kigoma,42.1,26.0,27.0,4.9,100,26579,Huye,31.9,15.783333333333333,8478.701,1302.371
2.0,Southern Province,24.0,Huye,2405.0,Kinazi,kinazi,Kinazi,38.5,23.3,28.9,9.2,100,34192,Huye,38.099999999999994,18.116666666666664,13027.151999999996,3145.6639999999998
2.0,Southern Province,24.0,Huye,2405.0,Kinazi,kinazi,Kinazi,31.7,23.8,31.2,13.4,100,52274,Ruhango,44.6,21.066666666666666,23314.203999999998,7004.715999999999
2.0,Southern Province,24.0,Huye,2406.0,Maraba,maraba,Maraba,40.6,26.9,26.5,6.1,100,27614,Huye,32.6,16.366666666666664,9002.164,1684.454
2.0,Southern Province,24.0,Huye,2407.0,Mbazi,mbazi,Mbazi,47.5,23.3,23.4,5.8,100,37487,Huye,29.2,14.58333333333333,10946.204,2174.246
2.0,Southern Province,24.0,Huye,2407.0,Mbazi,mbazi,Mbazi,47.7,23.5,25.4,3.5,100,13131,Nyamagabe,28.9,14.133333333333333,3794.8589999999995,459.585
2.0,Southern Province,24.0,Huye,2408.0,Mukura,mukura,Mukura,46.0,18.2,26.6,9.2,100,27958,Huye,35.8,16.5,10008.964,2572.136
2.0,Southern Province,24.0,Huye,2408.0,Mukura,mukura,Mukura,21.1,32.9,34.0,12.1,100,36563,Rutsiro,46.1,22.866666666666664,16855.543,4424.123
2.0,Southern Province,24.0,Huye,2409.0,Ngoma,ngoma,Ngoma,44.2,19.3,30.5,6.0,100,23800,Nyaruguru,36.5,16.383333333333333,8687.0,1428.0
2.0,Southern Province,24.0,Huye,2409.0,Ngoma,ngoma,Ngoma,79.4,10.5,8.3,1.8,100,22160,Huye,10.100000000000001,5.416666666666667,2238.1600000000003,398.88
2.0,Southern Province,24.0,Huye,2409.0,Ngoma,ngoma,Ngoma,42.9,29.6,24.3,3.2,100,12980,Rulindo,27.5,14.633333333333335,3569.5,415.36
2.0,Southern Province,24.0,Huye,2410.0,Ruhashya,ruhashya,Ruhashya,35.2,25.7,31.0,8.1,100,25967,Huye,39.1,18.666666666666668,10153.097000000002,2103.3269999999998
2.0,Southern Province,24.0,Huye,2411.0,Rusatira,rusatira,Rusatira,38.0,22.8,28.8,10.5,100,31725,Huye,39.3,18.65,12467.925,3331.125
2.0,Southern Province,24.0,Huye,2412.0,Rwaniro,rwaniro,Rwaniro,27.5,30.5,33.8,8.2,100,24136,Huye,42.0,20.45,10137.12,1979.1519999999998
2.0,Southern Province,24.0,Huye,2413.0,Simbi,simbi,Simbi,38.9,27.3,28.0,5.9,100,24196,Huye,33.9,16.833333333333332,8202.444,1427.5639999999999
2.0,Southern Province,24.0,Huye,2414.0,Tumba,tumba,Tumba,68.8,13.9,12.5,4.8,100,39494,Huye,17.3,8.883333333333333,6832.462,1895.7119999999998
2.0,Southern Province,24.0,Huye,2414.0,Tumba,tumba,Tumba,46.1,31.0,21.0,1.9,100,21093,Rulindo,22.9,13.116666666666667,4830.297,400.767
2.0,Southern Province,25.0,Nyamagabe,2501.0,Buruhukiro,buruhukiro,Buruhukiro,23.1,29.0,35.4,12.6,100,27259,Nyamagabe,48.0,22.933333333333334,13084.32,3434.6339999999996
2.0,Southern Province,25.0,Nyamagabe,2502.0,Cyanika,cyanika,Cyanika,40.6,27.7,27.3,4.5,100,27403,Nyamagabe,31.8,15.966666666666667,8714.154,1233.135
2.0,Southern Province,25.0,Nyamagabe,2502.0,Cyanika,cyanika,Cyanika,36.1,25.1,32.6,6.1,100,40938,Burera,38.7,18.099999999999998,15843.006000000001,2497.218
2.0,Southern Province,25.0,Nyamagabe,2503.0,Gasaka,gasaka,Gasaka,60.5,20.5,16.4,2.6,100,36379,Nyamagabe,19.0,10.183333333333332,6912.01,945.854
2.0,Southern Province,25.0,Nyamagabe,2504.0,Gatare,gatare,Gatare,24.0,28.8,36.1,11.1,100,17838,Nyamagabe,47.2,22.383333333333336,8419.536,1980.0179999999998
2.0,Southern Province,25.0,Nyamagabe,2505.0,Kaduha,kaduha,Kaduha,27.0,26.9,34.8,11.3,100,23844,Nyamagabe,46.099999999999994,21.733333333333334,10992.083999999999,2694.3720000000003
2.0,Southern Province,25.0,Nyamagabe,2506.0,Kamegeri,kamegeri,Kamegeri,28.4,32.1,31.7,7.9,100,14967,Nyamagabe,39.6,19.866666666666664,5926.932000000001,1182.393
2.0,Southern Province,25.0,Nyamagabe,2507.0,Kibirizi,kibirizi,Kibirizi,36.8,22.0,32.1,9.1,100,34480,Gisagara,41.2,18.916666666666668,14205.76,3137.68
2.0,Southern Province,25.0,Nyamagabe,2507.0,Kibirizi,kibirizi,Kibirizi,34.2,33.5,27.8,4.6,100,22044,Nyamagabe,32.4,17.150000000000002,7142.255999999999,1014.0239999999999
2.0,Southern Province,25.0,Nyamagabe,2508.0,Kibumbwe,kibumbwe,Kibumbwe,27.0,32.3,30.9,9.8,100,14131,Nyamagabe,40.7,20.583333333333332,5751.317000000001,1384.8380000000002
2.0,Southern Province,25.0,Nyamagabe,2509.0,Kitabi,kitabi,Kitabi,27.7,28.8,33.9,9.6,100,26391,Nyamagabe,43.5,20.9,11480.085,2533.5359999999996
2.0,Southern Province,25.0,Nyamagabe,2510.0,Mbazi,mbazi,Mbazi,47.5,23.3,23.4,5.8,100,37487,Huye,29.2,14.58333333333333,10946.204,2174.246
2.0,Southern Province,25.0,Nyamagabe,2510.0,Mbazi,mbazi,Mbazi,47.7,23.5,25.4,3.5,100,13131,Nyamagabe,28.9,14.133333333333333,3794.8589999999995,459.585
2.0,Southern Province,25.0,Nyamagabe,2511.0,Mugano,mugano,Mugano,24.4,28.6,35.8,11.2,100,20993,Nyamagabe,47.0,22.299999999999997,9866.71,2351.216
2.0,Southern Province,25.0,Nyamagabe,2512.0,Musange,musange,Musange,42.1,26.9,26.0,4.9,100,21261,Nyamagabe,30.9,15.6,6569.649,1041.789
2.0,Southern Province,25.0,Nyamagabe,2513.0,Musebeya,musebeya,Musebeya,25.4,30.7,33.7,10.1,100,20453,Nyamagabe,43.800000000000004,21.400000000000002,8958.414,2065.7529999999997
2.0,Southern Province,25.0,Nyamagabe,2514.0,Mushubi,mushubi,Mushubi,29.7,27.6,35.4,7.4,100,14279,Nyamagabe,42.8,20.099999999999998,6111.411999999999,1056.646
2.0,Southern Province,25.0,Nyamagabe,2515.0,Nkomane,nkomane,Nkomane,17.1,30.0,39.7,13.1,100,18174,Nyamagabe,52.800000000000004,24.78333333333333,9595.872000000001,2380.794
2.0,Southern Province,25.0,Nyamagabe,2516.0,Tare,tare,Tare,33.1,29.5,29.2,8.2,100,24364,Nyamagabe,37.4,18.75,9112.136,1997.848
2.0,Southern Province,25.0,Nyamagabe,2517.0,Uwinkingi,uwinkingi,Uwinkingi,27.5,30.7,33.7,8.1,100,25171,Nyamagabe,41.800000000000004,20.400000000000002,10521.478000000001,2038.8509999999997
2.0,Southern Province,26.0,Ruhango,2601.0,Bweramana,bweramana,Bweramana,41.2,25.7,25.7,7.4,100,33764,Ruhango,33.1,16.55,11175.884000000002,2498.536
2.0,Southern Province,26.0,Ruhango,2602.0,Byimana,byimana,Byimana,51.8,23.9,20.2,4.2,100,42413,Ruhango,24.4,12.816666666666668,10348.771999999999,1781.346
2.0,Southern Province,26.0,Ruhango,2603.0,Kabagali,kabagali,Kabagali,34.1,27.9,30.5,7.5,100,27203,Ruhango,38.0,18.566666666666666,10337.14,2040.225
2.0,Southern Province,26.0,Ruhango,2604.0,Kinazi,kinazi,Kinazi,38.5,23.3,28.9,9.2,100,34192,Huye,38.099999999999994,18.116666666666664,13027.151999999996,3145.6639999999998
2.0,Southern Province,26.0,Ruhango,2604.0,Kinazi,kinazi,Kinazi,31.7,23.8,31.2,13.4,100,52274,Ruhango,44.6,21.066666666666666,23314.203999999998,7004.715999999999
2.0,Southern Province,26.0,Ruhango,2605.0,Kinihira,kinihira,Kinihira,32.7,31.4,28.4,7.5,100,27966,Ruhango,35.9,18.45,10039.794,2097.45
2.0,Southern Province,26.0,Ruhango,2605.0,Kinihira,kinihira,Kinihira,44.4,29.9,23.2,2.5,100,17434,Rulindo,25.7,13.966666666666667,4480.538,435.85
2.0,Southern Province,26.0,Ruhango,2606.0,Mbuye,mbuye,Mbuye,31.6,25.0,31.0,12.4,100,47148,Ruhango,43.4,20.7,20462.232,5846.352000000001
2.0,Southern Province,26.0,Ruhango,2607.0,Mwendo,mwendo,Mwendo,40.8,27.1,27.5,4.6,100,26967,Ruhango,32.1,15.983333333333334,8656.407000000001,1240.482
2.0,Southern Province,26.0,Ruhango,2608.0,Ntongwe,ntongwe,Ntongwe,28.8,25.6,33.0,12.6,100,38339,Ruhango,45.6,21.566666666666666,17482.584000000003,4830.714
2.0,Southern Province,26.0,Ruhango,2609.0,Ruhango,ruhango,Ruhango,47.6,22.8,23.0,6.7,100,81828,Ruhango,29.7,14.816666666666665,24302.916,5482.476
2.0,Southern Province,26.0,Ruhango,2609.0,Ruhango,ruhango,Ruhango,28.4,31.4,29.8,10.4,100,28330,Rutsiro,40.2,20.36666666666667,11388.66,2946.32
2.0,Southern Province,27.0,Muhanga,2701.0,Cyeza,cyeza,Cyeza,51.3,23.5,22.3,2.9,100,35812,Muhanga,25.2,12.799999999999999,9024.624,1038.548
2.0,Southern Province,27.0,Muhanga,2702.0,Kabacuzi,kabacuzi,Kabacuzi,43.3,26.8,26.6,3.4,100,30553,Muhanga,30.0,15.033333333333333,9165.9,1038.802
2.0,Southern Province,27.0,Muhanga,2703.0,Kibangu,kibangu,Kibangu,41.0,26.1,28.5,4.4,100,21089,Muhanga,32.9,16.05,6938.281,927.916
2.0,Southern Province,27.0,Muhanga,2704.0,Kiyumba,kiyumba,Kiyumba,42.9,30.5,24.3,2.3,100,26827,Muhanga,26.6,14.333333333333334,7135.982000000001,617.021
2.0,Southern Province,27.0,Muhanga,2705.0,Muhanga,muhanga,Muhanga,49.2,25.0,22.9,2.9,100,29642,Muhanga,25.799999999999997,13.25,7647.635999999999,859.618
2.0,Southern Province,27.0,Muhanga,2706.0,Mushishiro,mushishiro,Mushishiro,45.1,26.0,25.5,3.4,100,21852,Muhanga,28.9,14.533333333333333,6315.227999999999,742.9680000000001
2.0,Southern Province,27.0,Muhanga,2707.0,Nyabinoni,nyabinoni,Nyabinoni,25.7,32.0,35.6,6.7,100,17322,Muhanga,42.300000000000004,20.55,7327.206000000001,1160.574
2.0,Southern Province,27.0,Muhanga,2708.0,Nyamabuye,nyamabuye,Nyamabuye,79.2,11.3,7.9,1.6,100,65673,Muhanga,9.5,5.316666666666667,6238.935,1050.768
2.0,Southern Province,27.0,Muhanga,2709.0,Nyarusange,nyarusange,Nyarusange,37.1,28.4,28.3,6.2,100,28838,Muhanga,34.5,17.266666666666666,9949.11,1787.9560000000001
2.0,Southern Province,27.0,Muhanga,2710.0,Rongi,rongi,Rongi,30.5,31.1,32.5,6.0,100,32037,Muhanga,38.5,19.016666666666666,12334.245,1922.22
2.0,Southern Province,27.0,Muhanga,2711.0,Rugendabari,rugendabari,Rugendabari,39.4,28.0,29.5,3.1,100,19081,Muhanga,32.6,16.05,6220.406,591.511
2.0,Southern Province,27.0,Muhanga,2712.0,Shyogwe,shyogwe,Shyogwe,61.4,17.2,17.2,4.2,100,44109,Muhanga,21.4,10.700000000000001,9439.326,1852.5780000000002
2.0,Southern Province,28.0,Kamonyi,2801.0,Gacurabwenge,gacurabwenge,Gacurabwenge,56.9,22.0,17.8,3.4,100,38135,Kamonyi,21.2,11.299999999999999,8084.62,1296.59
2.0,Southern Province,28.0,Kamonyi,2802.0,Karama,karama,Karama,38.5,30.3,26.1,5.2,100,17802,Huye,31.3,16.35,5572.026,925.7040000000001
2.0,Southern Province,28.0,Kamonyi,2802.0,Karama,karama,Karama,50.3,25.5,21.6,2.7,100,21261,Kamonyi,24.3,12.800000000000002,5166.423,574.047
2.0,Southern Province,28.0,Kamonyi,2802.0,Karama,karama,Karama,34.2,26.6,31.1,8.1,100,33037,Nyagatare,39.2,18.849999999999998,12950.504,2675.9970000000003
2.0,Southern Province,28.0,Kamonyi,2803.0,Kayenzi,kayenzi,Kayenzi,49.6,25.1,22.3,3.0,100,26339,Kamonyi,25.3,13.116666666666667,6663.767000000001,790.17
2.0,Southern Province,28.0,Kamonyi,2804.0,Kayumbu,kayumbu,Kayumbu,46.1,25.9,24.9,3.1,100,18290,Kamonyi,28.0,14.166666666666666,5121.2,566.99
2.0,Southern Province,28.0,Kamonyi,2805.0,Mugina,mugina,Mugina,33.5,27.4,30.2,9.0,100,47020,Kamonyi,39.2,19.133333333333336,18431.840000000004,4231.8
2.0,Southern Province,28.0,Kamonyi,2806.0,Musambira,musambira,Musambira,46.1,27.6,22.0,4.3,100,43589,Kamonyi,26.3,14.083333333333334,11463.907,1874.3269999999998
2.0,Southern Province,28.0,Kamonyi,2807.0,Ngamba,ngamba,Ngamba,41.4,29.2,25.9,3.4,100,17158,Kamonyi,29.299999999999997,15.200000000000001,5027.294,583.372
2.0,Southern Province,28.0,Kamonyi,2808.0,Nyamiyaga,nyamiyaga,Nyamiyaga,34.8,29.2,28.2,7.8,100,46360,Kamonyi,36.0,18.166666666666668,16689.6,3616.08
2.0,Southern Province,28.0,Kamonyi,2808.0,Nyamiyaga,nyamiyaga,Nyamiyaga,35.0,25.5,32.4,7.1,100,20217,Gicumbi,39.5,18.599999999999998,7985.715,1435.407
2.0,Southern Province,28.0,Kamonyi,2809.0,Nyarubaka,nyarubaka,Nyarubaka,42.1,27.1,26.3,4.6,100,29438,Kamonyi,30.9,15.583333333333334,9096.341999999999,1354.148
2.0,Southern Province,28.0,Kamonyi,2810.0,Rugarika,rugarika,Rugarika,51.6,22.3,20.6,5.4,100,62366,Kamonyi,26.0,13.283333333333333,16215.16,3367.764
2.0,Southern Province,28.0,Kamonyi,2811.0,Rukoma,rukoma,Rukoma,48.7,25.7,21.9,3.8,100,40850,Kamonyi,25.7,13.483333333333333,10498.45,1552.3
2.0,Southern Province,28.0,Kamonyi,2812.0,Runda,runda,Runda,69.4,15.2,11.9,3.5,100,74546,Kamonyi,15.4,8.25,11480.084,2609.11
3.0,Western Province,31.0,Karongi,3101.0,Bwishyura,bwishyura,Bwishyura,51.6,21.6,20.4,6.4,100,41162,Karongi,26.799999999999997,13.6,11031.416,2634.368
3.0,Western Province,31.0,Karongi,3102.0,Gashari,gashari,Gashari,36.5,32.1,27.3,4.0,100,20985,Karongi,31.3,16.45,6568.305,839.4
3.0,Western Province,31.0,Karongi,3103.0,Gishyita,gishyita,Gishyita,45.3,24.6,25.8,4.3,100,23716,Karongi,30.1,14.85,7138.516,1019.788
3.0,Western Province,31.0,Karongi,3104.0,Gitesi,gitesi,Gitesi,29.6,31.1,31.4,7.9,100,27199,Karongi,39.3,19.599999999999998,10689.207,2148.721
3.0,Western Province,31.0,Karongi,3105.0,Mubuga,mubuga,Mubuga,38.1,24.7,30.4,6.9,100,23284,Karongi,37.3,17.7,8684.931999999999,1606.596
3.0,Western Province,31.0,Karongi,3106.0,Murambi,murambi,Murambi,33.4,33.5,27.6,5.5,100,23012,Karongi,33.1,17.533333333333335,7616.972000000001,1265.66
3.0,Western Province,31.0,Karongi,3106.0,Murambi,murambi,Murambi,53.5,21.8,20.1,4.6,100,27315,Rulindo,24.700000000000003,12.633333333333333,6746.805000000001,1256.4899999999998
3.0,Western Province,31.0,Karongi,3106.0,Murambi,murambi,Murambi,34.5,28.0,29.5,8.0,100,36887,Gatsibo,37.5,18.5,13832.625,2950.96
3.0,Western Province,31.0,Karongi,3107.0,Murundi,murundi,Murundi,20.9,34.4,34.7,10.0,100,28174,Karongi,44.7,22.3,12593.778,2817.4
3.0,Western Province,31.0,Karongi,3107.0,Murundi,murundi,Murundi,29.2,25.7,32.5,12.6,100,56261,Kayonza,45.1,21.416666666666668,25373.711,7088.8859999999995
3.0,Western Province,31.0,Karongi,3108.0,Mutuntu,mutuntu,Mutuntu,21.3,39.2,31.3,8.2,100,24032,Karongi,39.5,21.066666666666666,9492.64,1970.624
3.0,Western Province,31.0,Karongi,3109.0,Rubengera,rubengera,Rubengera,50.6,23.6,21.1,4.7,100,41382,Karongi,25.8,13.316666666666668,10676.556,1944.954
3.0,Western Province,31.0,Karongi,3110.0,Rugabano,rugabano,Rugabano,33.5,27.8,31.9,6.8,100,33129,Karongi,38.699999999999996,18.666666666666664,12820.922999999999,2252.772
3.0,Western Province,31.0,Karongi,3111.0,Ruganda,ruganda,Ruganda,28.6,39.0,28.7,3.7,100,18821,Karongi,32.4,17.916666666666668,6098.004,696.377
3.0,Western Province,31.0,Karongi,3112.0,Rwankuba,rwankuba,Rwankuba,39.9,23.5,29.9,6.7,100,33584,Karongi,36.6,17.233333333333334,12291.744,2250.128
3.0,Western Province,31.0,Karongi,3113.0,Twumba,twumba,Twumba,31.1,32.5,30.2,6.2,100,27171,Karongi,36.4,18.583333333333332,9890.243999999999,1684.602
3.0,Western Province,32.0,Rutsiro,3201.0,Boneza,boneza,Boneza,40.8,32.3,22.6,4.3,100,23492,Rutsiro,26.900000000000002,15.066666666666668,6319.348000000001,1010.156
3.0,Western Province,32.0,Rutsiro,3202.0,Gihango,gihango,Gihango,42.1,30.5,23.5,3.9,100,26723,Rutsiro,27.4,14.866666666666667,7322.102,1042.197
3.0,Western Province,32.0,Rutsiro,3203.0,Kigeyo,kigeyo,Kigeyo,34.5,26.1,32.2,7.1,100,23356,Rutsiro,39.300000000000004,18.633333333333336,9178.908000000001,1658.276
3.0,Western Province,32.0,Rutsiro,3204.0,Kivumu,kivumu,Kivumu,38.5,21.2,31.4,8.9,100,32601,Rutsiro,40.3,18.45,13138.202999999998,2901.489
3.0,Western Province,32.0,Rutsiro,3205.0,Manihira,manihira,Manihira,26.4,33.5,31.9,8.2,100,18806,Rutsiro,40.099999999999994,20.316666666666666,7541.205999999998,1542.0919999999999
3.0,Western Province,32.0,Rutsiro,3206.0,Mukura,mukura,Mukura,46.0,18.2,26.6,9.2,100,27958,Huye,35.8,16.5,10008.964,2572.136
3.0,Western Province,32.0,Rutsiro,3206.0,Mukura,mukura,Mukura,21.1,32.9,34.0,12.1,100,36563,Rutsiro,46.1,22.866666666666664,16855.543,4424.123
3.0,Western Province,32.0,Rutsiro,3207.0,Murunda,murunda,Murunda,28.3,29.9,27.4,14.4,100,21884,Rutsiro,41.8,21.316666666666666,9147.511999999999,3151.2960000000003
3.0,Western Province,32.0,Rutsiro,3208.0,Musasa,musasa,Musasa,35.8,29.0,29.5,5.8,100,25523,Rutsiro,35.3,17.566666666666666,9009.618999999999,1480.3339999999998
3.0,Western Province,32.0,Rutsiro,3209.0,Mushonyi,mushonyi,Mushonyi,37.8,27.3,29.9,5.0,100,23696,Rutsiro,34.9,17.016666666666666,8269.904,1184.8
3.0,Western Province,32.0,Rutsiro,3210.0,Mushubati,mushubati,Mushubati,38.2,28.4,27.0,6.4,100,30485,Rutsiro,33.4,16.933333333333334,10181.99,1951.04
3.0,Western Province,32.0,Rutsiro,3211.0,Nyabirasi,nyabirasi,Nyabirasi,23.9,22.8,35.2,18.2,100,29698,Rutsiro,53.400000000000006,24.633333333333336,15858.732000000002,5405.036
3.0,Western Province,32.0,Rutsiro,3212.0,Ruhango,ruhango,Ruhango,47.6,22.8,23.0,6.7,100,81828,Ruhango,29.7,14.816666666666665,24302.916,5482.476
3.0,Western Province,32.0,Rutsiro,3212.0,Ruhango,ruhango,Ruhango,28.4,31.4,29.8,10.4,100,28330,Rutsiro,40.2,20.36666666666667,11388.66,2946.32
3.0,Western Province,32.0,Rutsiro,3213.0,Rusebeya,rusebeya,Rusebeya,16.3,32.1,36.5,15.0,100,25931,Rutsiro,51.5,25.016666666666666,13354.465,3889.65
3.0,Western Province,33.0,Rubavu,3301.0,Bugeshi,bugeshi,Bugeshi,33.6,24.0,31.0,11.4,100,31401,Rubavu,42.4,20.033333333333335,13314.024,3579.7140000000004
3.0,Western Province,33.0,Rubavu,3302.0,Busasamana,busasamana,Busasamana,59.0,18.5,17.3,5.1,100,54321,Nyanza,22.4,11.4,12167.903999999999,2770.3709999999996
3.0,Western Province,33.0,Rubavu,3302.0,Busasamana,busasamana,Busasamana,27.5,19.5,35.2,17.8,100,36619,Rubavu,53.0,23.883333333333336,19408.07,6518.182000000001
3.0,Western Province,33.0,Rubavu,3303.0,Cyanzarwe,cyanzarwe,Cyanzarwe,29.4,18.0,34.5,18.2,100,34008,Rubavu,52.7,23.599999999999998,17922.216,6189.456
3.0,Western Province,33.0,Rubavu,3304.0,Gisenyi,gisenyi,Gisenyi,88.9,7.5,2.9,0.7,100,52898,Rubavu,3.5999999999999996,2.5666666666666664,1904.328,370.286
3.0,Western Province,33.0,Rubavu,3305.0,Kanama,kanama,Kanama,37.2,17.8,27.6,17.4,100,33972,Rubavu,45.0,20.866666666666667,15287.4,5911.128
3.0,Western Province,33.0,Rubavu,3306.0,Kanzenze,kanzenze,Kanzenze,43.1,20.8,24.5,11.5,100,21189,Rubavu,36.0,17.383333333333333,7628.04,2436.735
3.0,Western Province,33.0,Rubavu,3307.0,Mudende,mudende,Mudende,27.8,24.0,34.3,13.8,100,29830,Rubavu,48.099999999999994,22.333333333333332,14348.229999999998,4116.54
3.0,Western Province,33.0,Rubavu,3308.0,Nyakiriba,nyakiriba,Nyakiriba,56.9,16.0,18.1,9.0,100,38087,Rubavu,27.1,13.200000000000001,10321.577000000001,3427.83
3.0,Western Province,33.0,Rubavu,3309.0,Nyamyumba,nyamyumba,Nyamyumba,45.6,18.2,25.1,11.0,100,43553,Rubavu,36.1,16.900000000000002,15722.633,4790.83
3.0,Western Province,33.0,Rubavu,3310.0,Nyundo,nyundo,Nyundo,37.9,24.3,26.4,11.4,100,37859,Rubavu,37.8,18.55,14310.702,4315.926
3.0,Western Province,33.0,Rubavu,3311.0,Rubavu,rubavu,Rubavu,59.5,16.6,15.8,8.1,100,73918,Rubavu,23.9,12.083333333333334,17666.402,5987.357999999999
3.0,Western Province,33.0,Rubavu,3312.0,Rugerero,rugerero,Rugerero,57.9,17.6,17.4,7.2,100,62814,Rubavu,24.599999999999998,12.333333333333334,15452.243999999999,4522.608
3.0,Western Province,34.0,Nyabihu,3401.0,Bigogwe,bigogwe,Bigogwe,48.1,21.9,21.6,8.4,100,31177,Nyabihu,30.0,15.050000000000002,9353.1,2618.8680000000004
3.0,Western Province,34.0,Nyabihu,3402.0,Jenda,jenda,Jenda,41.7,26.4,24.2,7.6,100,41394,Nyabihu,31.799999999999997,16.266666666666666,13163.292,3145.9439999999995
3.0,Western Province,34.0,Nyabihu,3403.0,Jomba,jomba,Jomba,25.1,36.7,32.4,5.8,100,21057,Nyabihu,38.199999999999996,19.816666666666666,8043.773999999999,1221.3059999999998
3.0,Western Province,34.0,Nyabihu,3404.0,Kabatwa,kabatwa,Kabatwa,49.5,24.4,21.8,4.3,100,20177,Nyabihu,26.1,13.483333333333334,5266.197000000001,867.6109999999999
3.0,Western Province,34.0,Nyabihu,3405.0,Karago,karago,Karago,25.0,33.9,33.1,8.0,100,25139,Nyabihu,41.1,20.683333333333334,10332.129,2011.12
3.0,Western Province,34.0,Nyabihu,3406.0,Kintobo,kintobo,Kintobo,25.2,39.1,30.4,5.3,100,14683,Nyabihu,35.699999999999996,19.299999999999997,5241.830999999999,778.199
3.0,Western Province,34.0,Nyabihu,3407.0,Mukamira,mukamira,Mukamira,49.6,25.9,20.4,4.1,100,31777,Nyabihu,24.5,13.166666666666666,7785.365,1302.8569999999997
3.0,Western Province,34.0,Nyabihu,3408.0,Muringa,muringa,Muringa,20.5,29.5,37.9,12.1,100,21365,Nyabihu,50.0,23.599999999999998,10682.5,2585.165
3.0,Western Province,34.0,Nyabihu,3409.0,Rambura,rambura,Rambura,29.9,31.1,31.9,7.2,100,27806,Nyabihu,39.1,19.416666666666668,10872.146,2002.0320000000002
3.0,Western Province,34.0,Nyabihu,3410.0,Rugera,rugera,Rugera,34.0,31.1,30.1,4.7,100,25479,Nyabihu,34.800000000000004,17.566666666666666,8866.692000000001,1197.513
3.0,Western Province,34.0,Nyabihu,3411.0,Rurembo,rurembo,Rurembo,24.7,32.9,36.2,6.2,100,23260,Nyabihu,42.400000000000006,20.650000000000002,9862.240000000002,1442.12
3.0,Western Province,34.0,Nyabihu,3412.0,Shyira,shyira,Shyira,36.0,31.9,27.7,4.5,100,22144,Nyabihu,32.2,16.8,7130.368,996.48
3.0,Western Province,35.0,Ngororero,3501.0,Bwira,bwira,Bwira,30.9,31.9,32.6,4.6,100,20477,Ngororero,37.2,18.483333333333334,7617.444,941.942
3.0,Western Province,35.0,Ngororero,3502.0,Gatumba,gatumba,Gatumba,42.3,29.0,25.7,3.0,100,26279,Ngororero,28.7,14.9,7542.072999999999,788.37
3.0,Western Province,35.0,Ngororero,3503.0,Hindiro,hindiro,Hindiro,33.8,31.9,29.2,5.1,100,25911,Ngororero,34.3,17.599999999999998,8887.473,1321.4609999999998
3.0,Western Province,35.0,Ngororero,3504.0,Kabaya,kabaya,Kabaya,37.2,31.9,26.6,4.3,100,34944,Ngororero,30.900000000000002,16.333333333333332,10797.696000000002,1502.5919999999999
3.0,Iburengerazuba,35.0,Ngororero,3505.0,Kageyo,kageyo,Kageyo,35.0,31.4,28.9,4.7,100,26231,Ngororero,33.6,17.21666666666667,8813.616000000002,1232.8570000000002
3.0,Iburengerazuba,35.0,Ngororero,3505.0,Kageyo,kageyo,Kageyo,39.9,28.4,27.4,4.3,100,19969,Gicumbi,31.7,16.016666666666666,6330.172999999999,858.6669999999999
3.0,Iburengerazuba,35.0,Ngororero,3505.0,Kageyo,kageyo,Kageyo,31.2,26.4,32.0,10.5,100,25167,Gatsibo,42.5,20.316666666666666,10695.975,2642.535
3.0,Western Province,35.0,Ngororero,3506.0,Kavumu,kavumu,Kavumu,21.4,32.8,34.1,11.8,100,32141,Ngororero,45.900000000000006,22.733333333333334,14752.719000000001,3792.6380000000004
3.0,Western Province,35.0,Ngororero,3507.0,Matyazo,matyazo,Matyazo,22.0,35.9,34.3,7.9,100,27471,Ngororero,42.199999999999996,21.366666666666664,11592.761999999999,2170.2090000000003
3.0,Western Province,35.0,Ngororero,3508.0,Muhanda,muhanda,Muhanda,14.5,23.5,40.5,21.5,100,30793,Ngororero,62.0,28.166666666666668,19091.66,6620.495
3.0,Western Province,35.0,Ngororero,3509.0,Muhororo,muhororo,Muhororo,40.7,29.2,26.9,3.2,100,23020,Ngororero,30.099999999999998,15.433333333333332,6929.02,736.64
3.0,Western Province,35.0,Ngororero,3510.0,Ndaro,ndaro,Ndaro,29.0,32.0,33.8,5.3,100,25395,Ngororero,39.099999999999994,19.25,9929.445,1345.935
3.0,Iburengerazuba,35.0,Ngororero,3511.0,Ngororero,ngororero,Ngororero,40.3,29.4,26.4,3.9,100,41062,Ngororero,30.299999999999997,15.65,12441.785999999998,1601.418
3.0,Western Province,35.0,Ngororero,3512.0,Nyange,nyange,Nyange,32.3,34.1,28.8,4.8,100,25927,Ngororero,33.6,17.683333333333334,8711.472000000002,1244.4959999999999
3.0,Western Province,35.0,Ngororero,3512.0,Nyange,nyange,Nyange,40.0,25.2,28.6,6.2,100,32685,Musanze,34.800000000000004,16.833333333333336,11374.380000000003,2026.47
3.0,Western Province,35.0,Ngororero,3513.0,Sovu,sovu,Sovu,13.8,35.6,37.0,13.6,100,30713,Ngororero,50.6,25.066666666666666,15540.778,4176.968
3.0,Western Province,36.0,Rusizi,3601.0,Bugarama,bugarama,Bugarama,41.8,20.2,26.1,11.9,100,36595,Rusizi,38.0,18.01666666666667,13906.1,4354.805
3.0,Western Province,36.0,Rusizi,3602.0,Butare,butare,Butare,17.8,32.6,34.5,15.1,100,21932,Rusizi,49.6,24.483333333333334,10878.271999999999,3311.732
3.0,Western Province,36.0,Rusizi,3603.0,Bweyeye,bweyeye,Bweyeye,25.3,28.3,33.6,12.8,100,14403,Rusizi,46.400000000000006,22.316666666666666,6682.992000000001,1843.5840000000003
3.0,Western Province,36.0,Rusizi,3604.0,Gashonga,gashonga,Gashonga,42.4,22.1,28.6,6.8,100,24755,Rusizi,35.4,16.616666666666664,8763.27,1683.34
3.0,Western Province,36.0,Rusizi,3605.0,Giheke,giheke,Giheke,43.5,25.6,26.3,4.7,100,18782,Rusizi,31.0,15.383333333333335,5822.42,882.7540000000001
3.0,Western Province,36.0,Rusizi,3606.0,Gihundwe,gihundwe,Gihundwe,65.2,17.3,13.9,3.5,100,35496,Rusizi,17.4,9.266666666666666,6176.303999999999,1242.36
3.0,Western Province,36.0,Rusizi,3607.0,Gikundamvura,gikundamvura,Gikundamvura,30.5,21.8,35.2,12.5,100,19285,Rusizi,47.7,21.61666666666667,9198.945,2410.625
3.0,Western Province,36.0,Rusizi,3608.0,Gitambi,gitambi,Gitambi,38.6,27.7,28.4,5.2,100,21772,Rusizi,33.6,16.683333333333334,7315.392000000001,1132.144
3.0,Western Province,36.0,Rusizi,3609.0,Kamembe,kamembe,Kamembe,74.5,14.6,9.0,1.8,100,30657,Rusizi,10.8,6.333333333333333,3310.956,551.826
3.0,Western Province,36.0,Rusizi,3610.0,Muganza,muganza,Muganza,29.8,21.4,34.8,14.0,100,36715,Gisagara,48.8,22.166666666666668,17916.92,5140.1
3.0,Western Province,36.0,Rusizi,3610.0,Muganza,muganza,Muganza,35.9,23.4,33.3,7.4,100,19277,Nyaruguru,40.699999999999996,18.7,7845.738999999999,1426.4980000000003
3.0,Western Province,36.0,Rusizi,3610.0,Muganza,muganza,Muganza,48.4,18.3,25.4,8.0,100,29446,Rusizi,33.4,15.516666666666666,9834.964,2355.68
3.0,Western Province,36.0,Rusizi,3611.0,Mururu,mururu,Mururu,48.3,22.9,22.7,6.0,100,26055,Rusizi,28.7,14.383333333333333,7477.785,1563.3
3.0,Western Province,36.0,Rusizi,3612.0,Nkanka,nkanka,Nkanka,36.0,28.1,30.1,5.8,100,16586,Rusizi,35.9,17.616666666666664,5954.374,961.988
3.0,Western Province,36.0,Rusizi,3613.0,Nkombo,nkombo,Nkombo,16.8,27.8,36.9,18.6,100,13627,Rusizi,55.5,26.233333333333334,7562.985,2534.6220000000003
3.0,Western Province,36.0,Rusizi,3614.0,Nkungu,nkungu,Nkungu,37.2,26.2,31.2,5.4,100,19797,Rusizi,36.6,17.466666666666665,7245.702000000001,1069.038
3.0,Western Province,36.0,Rusizi,3615.0,Nyakabuye,nyakabuye,Nyakabuye,38.7,24.4,29.5,7.3,100,29518,Rusizi,36.8,17.55,10862.624,2154.814
3.0,Western Province,36.0,Rusizi,3616.0,Nyakarenzo,nyakarenzo,Nyakarenzo,42.9,24.1,27.6,5.4,100,16482,Rusizi,33.0,15.916666666666666,5439.06,890.028
3.0,Western Province,36.0,Rusizi,3617.0,Nzahaha,nzahaha,Nzahaha,38.5,21.7,31.4,8.4,100,25703,Rusizi,39.8,18.283333333333335,10229.794,2159.052
3.0,Western Province,36.0,Rusizi,3618.0,Rwimbogo,rwimbogo,Rwimbogo,46.1,21.8,26.8,5.3,100,18710,Rusizi,32.1,15.216666666666667,6005.91,991.63
3.0,Western Province,36.0,Rusizi,3618.0,Rwimbogo,rwimbogo,Rwimbogo,30.8,29.7,30.1,9.4,100,47136,Gatsibo,39.5,19.683333333333334,18618.72,4430.784000000001
3.0,Western Province,37.0,Nyamasheke,3701.0,Bushekeri,bushekeri,Bushekeri,36.1,25.5,30.1,8.4,100,25151,Nyamasheke,38.5,18.483333333333334,9683.135,2112.684
3.0,Western Province,37.0,Nyamasheke,3702.0,Bushenge,bushenge,Bushenge,52.9,23.3,21.3,2.5,100,19441,Nyamasheke,23.8,12.233333333333334,4626.958,486.025
3.0,Western Province,37.0,Nyamasheke,3703.0,Cyato,cyato,Cyato,32.1,27.0,34.1,6.8,100,23640,Nyamasheke,40.9,19.266666666666666,9668.76,1607.52
3.0,Western Province,37.0,Nyamasheke,3704.0,Gihombo,gihombo,Gihombo,30.6,30.9,29.7,8.9,100,26995,Nyamasheke,38.6,19.5,10420.07,2402.555
3.0,Western Province,37.0,Nyamasheke,3705.0,Kagano,kagano,Kagano,40.8,24.7,27.9,6.6,100,35272,Nyamasheke,34.5,16.716666666666665,12168.84,2327.9519999999998
3.0,Western Province,37.0,Nyamasheke,3706.0,Kanjongo,kanjongo,Kanjongo,44.3,24.5,25.1,6.2,100,36335,Nyamasheke,31.3,15.550000000000002,11372.855,2252.77
3.0,Western Province,37.0,Nyamasheke,3707.0,Karambi,karambi,Karambi,41.7,27.7,27.1,3.5,100,26999,Nyamasheke,30.6,15.4,8261.694,944.965
3.0,Western Province,37.0,Nyamasheke,3708.0,Karengera,karengera,Karengera,42.8,26.1,27.1,4.0,100,27842,Nyamasheke,31.1,15.383333333333335,8658.862000000001,1113.68
3.0,Western Province,37.0,Nyamasheke,3709.0,Kirimbi,kirimbi,Kirimbi,36.6,29.3,29.2,4.8,100,22628,Nyamasheke,34.0,17.016666666666666,7693.52,1086.144
3.0,Western Province,37.0,Nyamasheke,3710.0,Macuba,macuba,Macuba,42.6,28.6,23.9,4.9,100,29370,Nyamasheke,28.799999999999997,15.183333333333332,8458.56,1439.13
3.0,Western Province,37.0,Nyamasheke,3711.0,Mahembe,mahembe,Mahembe,38.0,28.2,28.6,5.2,100,18893,Nyamasheke,33.800000000000004,16.833333333333336,6385.834,982.436
3.0,Western Province,37.0,Nyamasheke,3712.0,Nyabitekeri,nyabitekeri,Nyabitekeri,43.5,27.1,25.3,4.1,100,24855,Nyamasheke,29.4,15.0,7307.37,1019.0549999999998
3.0,Western Province,37.0,Nyamasheke,3713.0,Rangiro,rangiro,Rangiro,39.6,29.0,27.2,4.2,100,15863,Nyamasheke,31.4,16.0,4980.982,666.2460000000001
3.0,Western Province,37.0,Nyamasheke,3714.0,Ruharambuga,ruharambuga,Ruharambuga,49.2,25.4,21.9,3.5,100,24076,Nyamasheke,25.4,13.283333333333331,6115.304,842.66
3.0,Western Province,37.0,Nyamasheke,3715.0,Shangi,shangi,Shangi,47.2,23.4,24.4,5.1,100,23424,Nyamasheke,29.5,14.583333333333334,6910.08,1194.624
4.0,Northern Province,41.0,Rulindo,4101.0,Base,base,Base,48.5,27.1,22.3,2.2,100,20937,Rulindo,24.5,13.050000000000002,5129.565,460.61400000000003
4.0,Northern Province,41.0,Rulindo,4102.0,Burega,burega,Burega,44.4,24.4,26.2,5.0,100,14883,Rulindo,31.2,15.300000000000002,4643.496,744.15
4.0,Northern Province,41.0,Rulindo,4103.0,Bushoki,bushoki,Bushoki,58.9,23.7,16.0,1.3,100,23720,Rulindo,17.3,9.933333333333332,4103.56,308.36
4.0,Northern Province,41.0,Rulindo,4104.0,Buyoga,buyoga,Buyoga,43.5,27.9,24.8,3.8,100,25351,Rulindo,28.6,14.816666666666668,7250.386000000001,963.3379999999999
4.0,Northern Province,41.0,Rulindo,4105.0,Cyinzuzi,cyinzuzi,Cyinzuzi,39.6,27.0,29.0,4.4,100,15990,Rulindo,33.4,16.366666666666667,5340.66,703.56
4.0,Northern Province,41.0,Rulindo,4106.0,Cyungo,cyungo,Cyungo,38.7,27.4,29.2,4.7,100,15167,Rulindo,33.9,16.650000000000002,5141.613,712.849
4.0,Northern Province,41.0,Rulindo,4107.0,Kinihira,kinihira,Kinihira,32.7,31.4,28.4,7.5,100,27966,Ruhango,35.9,18.45,10039.794,2097.45
4.0,Northern Province,41.0,Rulindo,4107.0,Kinihira,kinihira,Kinihira,44.4,29.9,23.2,2.5,100,17434,Rulindo,25.7,13.966666666666667,4480.538,435.85
4.0,Northern Province,41.0,Rulindo,4108.0,Kisaro,kisaro,Kisaro,36.1,31.2,28.1,4.5,100,23376,Rulindo,32.6,16.816666666666666,7620.576,1051.92
4.0,Northern Province,41.0,Rulindo,4109.0,Masoro,masoro,Masoro,50.4,22.0,22.5,5.2,100,27678,Rulindo,27.7,13.766666666666666,7666.806,1439.256
4.0,Northern Province,41.0,Rulindo,4110.0,Mbogo,mbogo,Mbogo,51.1,26.5,20.4,2.0,100,19465,Rulindo,22.4,12.216666666666667,4360.16,389.3
4.0,Northern Province,41.0,Rulindo,4111.0,Murambi,murambi,Murambi,33.4,33.5,27.6,5.5,100,23012,Karongi,33.1,17.533333333333335,7616.972000000001,1265.66
4.0,Northern Province,41.0,Rulindo,4111.0,Murambi,murambi,Murambi,53.5,21.8,20.1,4.6,100,27315,Rulindo,24.700000000000003,12.633333333333333,6746.805000000001,1256.4899999999998
4.0,Northern Province,41.0,Rulindo,4111.0,Murambi,murambi,Murambi,34.5,28.0,29.5,8.0,100,36887,Gatsibo,37.5,18.5,13832.625,2950.96
4.0,Northern Province,41.0,Rulindo,4112.0,Ngoma,ngoma,Ngoma,44.2,19.3,30.5,6.0,100,23800,Nyaruguru,36.5,16.383333333333333,8687.0,1428.0
4.0,Northern Province,41.0,Rulindo,4112.0,Ngoma,ngoma,Ngoma,79.4,10.5,8.3,1.8,100,22160,Huye,10.100000000000001,5.416666666666667,2238.1600000000003,398.88
4.0,Northern Province,41.0,Rulindo,4112.0,Ngoma,ngoma,Ngoma,42.9,29.6,24.3,3.2,100,12980,Rulindo,27.5,14.633333333333335,3569.5,415.36
4.0,Northern Province,41.0,Rulindo,4113.0,Ntarabana,ntarabana,Ntarabana,47.8,22.6,24.3,5.3,100,25455,Rulindo,29.6,14.516666666666666,7534.68,1349.115
4.0,Northern Province,41.0,Rulindo,4114.0,Rukozo,rukozo,Rukozo,40.6,29.1,26.2,4.1,100,17066,Rulindo,30.299999999999997,15.633333333333335,5170.998,699.7059999999999
4.0,Northern Province,41.0,Rulindo,4115.0,Rusiga,rusiga,Rusiga,48.4,27.6,22.4,1.6,100,13835,Rulindo,24.0,12.866666666666665,3320.4,221.36
4.0,Northern Province,41.0,Rulindo,4117.0,Tumba,tumba,Tumba,68.8,13.9,12.5,4.8,100,39494,Huye,17.3,8.883333333333333,6832.462,1895.7119999999998
4.0,Northern Province,41.0,Rulindo,4117.0,Tumba,tumba,Tumba,46.1,31.0,21.0,1.9,100,21093,Rulindo,22.9,13.116666666666667,4830.297,400.767
4.0,Northern Province,42.0,Gakenke,4201.0,Busengo,busengo,Busengo,37.8,32.7,26.7,2.7,100,21365,Gakende,29.4,15.700000000000001,6281.31,576.855
4.0,Northern Province,42.0,Gakenke,4202.0,Coko,coko,Coko,49.0,28.3,21.1,1.6,100,18386,Gakende,22.700000000000003,12.549999999999999,4173.622,294.17600000000004
4.0,Northern Province,42.0,Gakenke,4203.0,Cyabingo,cyabingo,Cyabingo,38.6,28.4,30.0,2.9,100,19289,Gakende,32.9,16.183333333333334,6346.081,559.381
4.0,Northern Province,42.0,Gakenke,4204.0,Gakenke,gakenke,Gakenke,43.6,29.4,24.2,2.7,100,25527,Gakende,26.9,14.316666666666668,6866.762999999999,689.229
4.0,Northern Province,42.0,Gakenke,4205.0,Gashenyi,gashenyi,Gashenyi,40.1,28.3,28.9,2.7,100,23528,Gakende,31.599999999999998,15.700000000000001,7434.847999999999,635.2560000000001
4.0,Northern Province,42.0,Gakenke,4206.0,Janja,janja,Janja,29.6,38.2,28.2,4.0,100,15743,Gakende,32.2,17.76666666666667,5069.246,629.72
4.0,Northern Province,42.0,Gakenke,4207.0,Kamubuga,kamubuga,Kamubuga,32.6,27.1,32.8,7.5,100,22768,Gakende,40.3,19.2,9175.503999999999,1707.6
4.0,Northern Province,42.0,Gakenke,4208.0,Karambo,karambo,Karambo,37.3,28.4,31.1,3.3,100,14483,Gakende,34.4,16.75,4982.151999999999,477.93899999999996
4.0,Northern Province,42.0,Gakenke,4209.0,Kivuruga,kivuruga,Kivuruga,48.4,23.8,25.3,2.5,100,19357,Gakende,27.8,13.65,5381.246,483.925
4.0,Northern Province,42.0,Gakenke,4210.0,Mataba,mataba,Mataba,22.3,32.8,37.7,7.2,100,16334,Gakende,44.900000000000006,21.633333333333336,7333.966000000001,1176.048
4.0,Northern Province,42.0,Gakenke,4211.0,Minazi,minazi,Minazi,38.5,30.9,27.6,3.0,100,14455,Gakende,30.6,15.85,4423.23,433.65
4.0,Northern Province,42.0,Gakenke,4212.0,Mugunga,mugunga,Mugunga,36.8,32.4,25.5,5.4,100,20833,Gakende,30.9,16.599999999999998,6437.397,1124.9820000000002
4.0,Northern Province,42.0,Gakenke,4213.0,Muhondo,muhondo,Muhondo,59.8,22.0,17.2,1.0,100,22312,Gakende,18.2,9.9,4060.7839999999997,223.12
4.0,Northern Province,42.0,Gakenke,4214.0,Muyongwe,muyongwe,Muyongwe,41.1,30.0,26.6,2.4,100,16754,Gakende,29.0,15.066666666666668,4858.66,402.096
4.0,Northern Province,42.0,Gakenke,4215.0,Muzo,muzo,Muzo,22.7,38.3,33.4,5.7,100,22140,Gakende,39.1,20.366666666666667,8656.74,1261.98
4.0,Northern Province,42.0,Gakenke,4216.0,Nemba,nemba,Nemba,37.7,32.0,27.3,3.0,100,17454,Gakende,30.3,15.933333333333332,5288.562000000001,523.62
4.0,Northern Province,42.0,Gakenke,4216.0,Nemba,nemba,Nemba,39.0,27.3,29.1,4.5,100,21077,Burera,33.6,16.5,7081.872,948.465
4.0,Northern Province,42.0,Gakenke,4217.0,Ruli,ruli,Ruli,63.9,21.4,12.9,1.8,100,24995,Gakende,14.700000000000001,8.766666666666667,3674.265,449.91
4.0,Northern Province,42.0,Gakenke,4218.0,Rusasa,rusasa,Rusasa,28.9,34.9,32.1,4.1,100,18945,Gakende,36.2,18.566666666666666,6858.09,776.745
4.0,Northern Province,42.0,Gakenke,4219.0,Rushashi,rushashi,Rushashi,49.2,28.6,20.9,1.3,100,19637,Gakende,22.2,12.383333333333333,4359.414,255.28100000000003
4.0,Northern Province,43.0,Musanze,4301.0,Busogo,busogo,Busogo,59.9,17.8,19.0,3.3,100,27750,Musanze,22.3,10.950000000000001,6188.25,915.75
4.0,Northern Province,43.0,Musanze,4302.0,Cyuve,cyuve,Cyuve,60.7,16.5,18.2,4.6,100,61755,Musanze,22.799999999999997,11.116666666666665,14080.139999999998,2840.73
4.0,Northern Province,43.0,Musanze,4303.0,Gacaca,gacaca,Gacaca,39.7,22.3,30.7,7.3,100,29526,Musanze,38.0,17.599999999999998,11219.88,2155.3979999999997
4.0,Northern Province,43.0,Musanze,4304.0,Gashaki,gashaki,Gashaki,51.7,22.9,23.2,2.2,100,13835,Musanze,25.4,12.65,3514.09,304.37000000000006
4.0,Northern Province,43.0,Musanze,4305.0,Gataraga,gataraga,Gataraga,31.8,32.7,28.5,7.0,100,25323,Musanze,35.5,18.45,8989.665,1772.61
4.0,Northern Province,43.0,Musanze,4306.0,Kimonyi,kimonyi,Kimonyi,41.3,21.8,27.5,9.3,100,22508,Musanze,36.8,17.45,8282.944,2093.244
4.0,Northern Province,43.0,Musanze,4307.0,Kinigi,kinigi,Kinigi,43.2,26.0,26.4,4.4,100,32793,Musanze,30.799999999999997,15.333333333333334,10100.243999999999,1442.892
4.0,Northern Province,43.0,Musanze,4308.0,Muhoza,muhoza,Muhoza,78.9,10.8,8.7,1.7,100,67577,Musanze,10.399999999999999,5.55,7028.007999999999,1148.809
4.0,Northern Province,43.0,Musanze,4309.0,Muko,muko,Muko,45.6,22.5,25.7,6.2,100,27738,Musanze,31.9,15.416666666666666,8848.421999999999,1719.756
4.0,Northern Province,43.0,Musanze,4309.0,Muko,muko,Muko,42.4,26.3,25.8,5.5,100,20209,Gicumbi,31.3,15.733333333333333,6325.417,1111.495
4.0,Northern Province,43.0,Musanze,4310.0,Musanze,musanze,Musanze,43.6,24.8,25.0,6.5,100,49323,Musanze,31.5,15.716666666666667,15536.745,3205.995
4.0,Northern Province,43.0,Musanze,4311.0,Nkotsi,nkotsi,Nkotsi,43.3,27.8,25.5,3.4,100,18218,Musanze,28.9,14.833333333333334,5265.0019999999995,619.4119999999999
4.0,Northern Province,43.0,Musanze,4312.0,Nyange,nyange,Nyange,32.3,34.1,28.8,4.8,100,25927,Ngororero,33.6,17.683333333333334,8711.472000000002,1244.4959999999999
4.0,Northern Province,43.0,Musanze,4312.0,Nyange,nyange,Nyange,40.0,25.2,28.6,6.2,100,32685,Musanze,34.800000000000004,16.833333333333336,11374.380000000003,2026.47
4.0,Northern Province,43.0,Musanze,4313.0,Remera,remera,Remera,90.8,6.7,2.1,0.4,100,49371,Gasabo,2.5,2.016666666666667,1234.275,197.484
4.0,Northern Province,43.0,Musanze,4313.0,Remera,remera,Remera,51.1,23.5,23.3,2.1,100,19805,Musanze,25.400000000000002,12.733333333333334,5030.47,415.905
4.0,Northern Province,43.0,Musanze,4313.0,Remera,remera,Remera,35.4,23.3,30.7,10.7,100,32297,Gatsibo,41.4,19.466666666666665,13370.958,3455.7789999999995
4.0,Northern Province,43.0,Musanze,4313.0,Remera,remera,Remera,48.1,20.0,24.4,7.5,100,33049,Ngoma,31.9,15.216666666666667,10542.631,2478.675
4.0,Northern Province,43.0,Musanze,4314.0,Rwaza,rwaza,Rwaza,39.8,26.7,28.8,4.8,100,24168,Musanze,33.6,16.45,8120.448,1160.0639999999999
4.0,Northern Province,43.0,Musanze,4315.0,Shingiro,shingiro,Shingiro,24.7,31.1,33.6,10.6,100,24380,Musanze,44.2,21.683333333333334,10775.96,2584.28
4.0,Northern Province,44.0,Burera,4401.0,Bungwe,bungwe,Bungwe,38.9,27.4,30.3,3.3,100,15819,Burera,33.6,16.316666666666666,5315.184,522.0269999999999
4.0,Northern Province,44.0,Burera,4402.0,Butaro,butaro,Butaro,42.2,25.5,27.9,4.4,100,34896,Burera,32.3,15.75,11271.407999999998,1535.4240000000002
4.0,Northern Province,44.0,Burera,4403.0,Cyanika,cyanika,Cyanika,40.6,27.7,27.3,4.5,100,27403,Nyamagabe,31.8,15.966666666666667,8714.154,1233.135
4.0,Northern Province,44.0,Burera,4403.0,Cyanika,cyanika,Cyanika,36.1,25.1,32.6,6.1,100,40938,Burera,38.7,18.099999999999998,15843.006000000001,2497.218
4.0,Northern Province,44.0,Burera,4404.0,Cyeru,cyeru,Cyeru,41.6,26.9,27.5,4.0,100,14231,Burera,31.5,15.65,4482.765,569.24
4.0,Northern Province,44.0,Burera,4405.0,Gahunga,gahunga,Gahunga,34.4,28.0,31.5,6.1,100,26599,Burera,37.6,18.216666666666665,10001.224,1622.539
4.0,Northern Province,44.0,Burera,4406.0,Gatebe,gatebe,Gatebe,31.1,28.7,33.5,6.6,100,18694,Burera,40.1,19.25,7496.294,1233.8039999999999
4.0,Northern Province,44.0,Burera,4407.0,Gitovu,gitovu,Gitovu,36.2,32.9,27.1,3.8,100,11000,Burera,30.900000000000002,16.416666666666668,3399.0,418.0
4.0,Northern Province,44.0,Burera,4408.0,Kagogo,kagogo,Kagogo,33.1,28.2,32.3,6.4,100,21153,Burera,38.699999999999996,18.666666666666668,8186.210999999998,1353.7920000000001
4.0,Northern Province,44.0,Burera,4409.0,Kinoni,kinoni,Kinoni,43.0,26.6,26.5,3.8,100,18606,Burera,30.3,15.166666666666666,5637.618,707.028
4.0,Northern Province,44.0,Burera,4410.0,Kinyababa,kinyababa,Kinyababa,37.2,28.8,28.5,5.6,100,21804,Burera,34.1,17.099999999999998,7435.164000000001,1221.024
4.0,Northern Province,44.0,Burera,4411.0,Kivuye,kivuye,Kivuye,46.7,21.4,27.7,4.2,100,16462,Burera,31.9,14.9,5251.378,691.4040000000001
4.0,Northern Province,44.0,Burera,4412.0,Nemba,nemba,Nemba,37.7,32.0,27.3,3.0,100,17454,Gakende,30.3,15.933333333333332,5288.562000000001,523.62
4.0,Northern Province,44.0,Burera,4412.0,Nemba,nemba,Nemba,39.0,27.3,29.1,4.5,100,21077,Burera,33.6,16.5,7081.872,948.465
4.0,Northern Province,44.0,Burera,4413.0,Rugarama,rugarama,Rugarama,38.0,29.9,28.5,3.6,100,25451,Burera,32.1,16.28333333333333,8169.771000000001,916.2360000000001
4.0,Northern Province,44.0,Burera,4413.0,Rugarama,rugarama,Rugarama,37.7,26.1,27.9,8.3,100,49927,Gatsibo,36.2,17.8,18073.574,4143.941000000001
4.0,Northern Province,44.0,Burera,4414.0,Rugengabari,rugengabari,Rugengabari,32.3,32.3,31.6,3.8,100,20121,Burera,35.4,17.816666666666666,7122.834,764.5980000000001
4.0,Northern Province,44.0,Burera,4415.0,Ruhunde,ruhunde,Ruhunde,35.3,31.6,28.7,4.4,100,20297,Burera,33.1,17.03333333333333,6718.307000000001,893.068
4.0,Northern Province,44.0,Burera,4416.0,Rusarabuye,rusarabuye,Rusarabuye,44.4,26.0,26.2,3.4,100,19473,Burera,29.599999999999998,14.766666666666666,5764.007999999999,662.082
4.0,Northern Province,44.0,Burera,4417.0,Rwerere,rwerere,Rwerere,41.3,26.6,27.5,4.6,100,20397,Burera,32.1,15.9,6547.437000000001,938.262
4.0,Northern Province,45.0,Gicumbi,4501.0,Bukure,bukure,Bukure,43.1,23.6,26.9,6.5,100,19089,Gicumbi,33.4,16.150000000000002,6375.726,1240.785
4.0,Northern Province,45.0,Gicumbi,4502.0,Bwisige,bwisige,Bwisige,36.6,32.3,27.5,3.6,100,17306,Gicumbi,31.1,16.349999999999998,5382.166,623.016
4.0,Northern Province,45.0,Gicumbi,4503.0,Byumba,byumba,Byumba,57.0,21.7,18.0,3.3,100,43033,Gicumbi,21.3,11.266666666666666,9166.029,1420.089
4.0,Northern Province,45.0,Gicumbi,4504.0,Cyumba,cyumba,Cyumba,43.1,25.0,28.0,3.9,100,16806,Gicumbi,31.9,15.450000000000001,5361.1140000000005,655.434
4.0,Northern Province,45.0,Gicumbi,4505.0,Giti,giti,Giti,35.0,25.0,30.5,9.5,100,16650,Gicumbi,40.0,19.083333333333332,6660.0,1581.75
4.0,Northern Province,45.0,Gicumbi,4506.0,Kageyo,kageyo,Kageyo,35.0,31.4,28.9,4.7,100,26231,Ngororero,33.6,17.21666666666667,8813.616000000002,1232.8570000000002
4.0,Northern Province,45.0,Gicumbi,4506.0,Kageyo,kageyo,Kageyo,39.9,28.4,27.4,4.3,100,19969,Gicumbi,31.7,16.016666666666666,6330.172999999999,858.6669999999999
4.0,Northern Province,45.0,Gicumbi,4506.0,Kageyo,kageyo,Kageyo,31.2,26.4,32.0,10.5,100,25167,Gatsibo,42.5,20.316666666666666,10695.975,2642.535
4.0,Northern Province,45.0,Gicumbi,4507.0,Kaniga,kaniga,Kaniga,48.3,23.0,24.7,4.0,100,16006,Gicumbi,28.7,14.066666666666668,4593.722,640.24
4.0,Northern Province,45.0,Gicumbi,4508.0,Manyagiro,manyagiro,Manyagiro,37.1,26.3,31.3,5.2,100,21908,Gicumbi,36.5,17.416666666666668,7996.42,1139.2160000000001
4.0,Northern Province,45.0,Gicumbi,4509.0,Miyove,miyove,Miyove,33.1,27.6,33.0,6.4,100,20545,Gicumbi,39.4,18.8,8094.73,1314.88
4.0,Northern Province,45.0,Gicumbi,4510.0,Mukarange,mukarange,Mukarange,40.7,29.6,26.2,3.5,100,17718,Gicumbi,29.7,15.416666666666666,5262.246,620.13
4.0,Northern Province,45.0,Gicumbi,4510.0,Mukarange,mukarange,Mukarange,61.9,16.5,16.1,5.5,100,58656,Kayonza,21.6,10.866666666666667,12669.696000000002,3226.08
4.0,Northern Province,45.0,Gicumbi,4511.0,Muko,muko,Muko,45.6,22.5,25.7,6.2,100,27738,Musanze,31.9,15.416666666666666,8848.421999999999,1719.756
4.0,Northern Province,45.0,Gicumbi,4511.0,Muko,muko,Muko,42.4,26.3,25.8,5.5,100,20209,Gicumbi,31.3,15.733333333333333,6325.417,1111.495
4.0,Northern Province,45.0,Gicumbi,4512.0,Mutete,mutete,Mutete,43.5,26.6,24.8,5.1,100,27950,Gicumbi,29.9,15.25,8357.05,1425.45
4.0,Northern Province,45.0,Gicumbi,4513.0,Nyamiyaga,nyamiyaga,Nyamiyaga,34.8,29.2,28.2,7.8,100,46360,Kamonyi,36.0,18.166666666666668,16689.6,3616.08
4.0,Northern Province,45.0,Gicumbi,4513.0,Nyamiyaga,nyamiyaga,Nyamiyaga,35.0,25.5,32.4,7.1,100,20217,Gicumbi,39.5,18.599999999999998,7985.715,1435.407
4.0,Northern Province,45.0,Gicumbi,4514.0,Nyankenke,nyankenke,Nyankenke,38.5,28.3,30.1,3.2,100,23376,Gicumbi,33.300000000000004,16.35,7784.2080000000005,748.0319999999999
4.0,Northern Province,45.0,Gicumbi,4515.0,Rubaya,rubaya,Rubaya,36.6,24.8,31.7,6.9,100,11812,Gicumbi,38.6,18.15,4559.432,815.028
4.0,Northern Province,45.0,Gicumbi,4516.0,Rukomo,rukomo,Rukomo,38.1,31.8,25.3,4.8,100,27674,Gicumbi,30.1,16.133333333333333,8329.874,1328.3519999999999
4.0,Northern Province,45.0,Gicumbi,4516.0,Rukomo,rukomo,Rukomo,47.7,22.2,24.8,5.4,100,43649,Nyagatare,30.200000000000003,14.66666666666667,13181.998,2357.0460000000003
4.0,Northern Province,45.0,Gicumbi,4517.0,Rushaki,rushaki,Rushaki,43.5,27.0,26.0,3.5,100,14571,Gicumbi,29.5,14.916666666666666,4298.445,509.985
4.0,Northern Province,45.0,Gicumbi,4518.0,Rutare,rutare,Rutare,42.0,27.2,25.7,5.0,100,27606,Gicumbi,30.7,15.600000000000001,8475.042,1380.3
4.0,Northern Province,45.0,Gicumbi,4519.0,Ruvune,ruvune,Ruvune,36.2,27.4,29.6,6.8,100,22324,Gicumbi,36.4,17.833333333333332,8125.936,1518.032
4.0,Northern Province,45.0,Gicumbi,4520.0,Rwamiko,rwamiko,Rwamiko,46.0,25.6,24.6,3.8,100,14487,Gicumbi,28.400000000000002,14.366666666666667,4114.308000000001,550.506
4.0,Northern Province,45.0,Gicumbi,4521.0,Shangasha,shangasha,Shangasha,40.7,31.5,25.3,2.5,100,18082,Gicumbi,27.8,14.933333333333332,5026.796,452.05
5.0,Eastern Province,51.0,Rwamagana,5101.0,Fumbwe,fumbwe,Fumbwe,51.2,19.5,21.2,8.1,100,33544,Rwamagana,29.299999999999997,14.366666666666665,9828.392,2717.064
5.0,Eastern Province,51.0,Rwamagana,5102.0,Gahengeri,gahengeri,Gahengeri,43.4,21.9,25.7,8.9,100,36463,Rwamagana,34.6,16.666666666666668,12616.198,3245.2070000000003
5.0,Eastern Province,51.0,Rwamagana,5103.0,Gishali,gishali,Gishali,52.8,20.3,20.7,6.3,100,35720,Rwamagana,27.0,13.433333333333332,9644.4,2250.36
5.0,Eastern Province,51.0,Rwamagana,5104.0,Karenge,karenge,Karenge,55.0,21.0,20.7,3.3,100,30062,Rwamagana,24.0,12.049999999999999,7214.88,992.0459999999999
5.0,Eastern Province,51.0,Rwamagana,5105.0,Kigabiro,kigabiro,Kigabiro,67.0,15.4,13.6,4.0,100,52218,Rwamagana,17.6,9.1,9190.368,2088.72
5.0,Eastern Province,51.0,Rwamagana,5106.0,Muhazi,muhazi,Muhazi,60.7,18.6,16.5,4.2,100,35984,Rwamagana,20.7,10.700000000000001,7448.687999999999,1511.3280000000002
5.0,Eastern Province,51.0,Rwamagana,5107.0,Munyaga,munyaga,Munyaga,37.6,22.1,32.0,8.2,100,22272,Rwamagana,40.2,18.45,8953.344000000001,1826.3039999999999
5.0,Eastern Province,51.0,Rwamagana,5108.0,Munyiginya,munyiginya,Munyiginya,48.1,22.9,22.4,6.5,100,25043,Rwamagana,28.9,14.533333333333331,7237.427,1627.795
5.0,Eastern Province,51.0,Rwamagana,5109.0,Musha,musha,Musha,30.7,21.5,34.4,13.4,100,29634,Gisagara,47.8,21.75,14165.052,3970.956
5.0,Eastern Province,51.0,Rwamagana,5109.0,Musha,musha,Musha,40.7,23.1,27.6,8.5,100,27614,Rwamagana,36.1,17.3,9968.654,2347.19
5.0,Eastern Province,51.0,Rwamagana,5110.0,Muyumbu,muyumbu,Muyumbu,63.3,18.5,14.5,3.6,100,60059,Rwamagana,18.1,9.716666666666667,10870.679000000002,2162.124
5.0,Eastern Province,51.0,Rwamagana,5111.0,Mwulire,mwulire,Mwulire,52.8,20.5,20.5,6.3,100,34788,Rwamagana,26.8,13.4,9323.184000000001,2191.644
5.0,Eastern Province,51.0,Rwamagana,5112.0,Nyakaliro,nyakaliro,Nyakaliro,62.1,19.1,15.7,3.2,100,38695,Rwamagana,18.9,10.016666666666667,7313.355,1238.24
5.0,Eastern Province,51.0,Rwamagana,5113.0,Nzige,nzige,Nzige,42.6,23.7,26.7,6.9,100,20125,Rwamagana,33.6,16.3,6762.0,1388.625
5.0,Eastern Province,51.0,Rwamagana,5114.0,Rubona,rubona,Rubona,38.4,24.0,28.1,9.5,100,31449,Rwamagana,37.6,18.116666666666667,11824.824,2987.655
5.0,Eastern Province,52.0,Nyagatare,5201.0,Gatunda,gatunda,Gatunda,39.7,23.6,29.1,7.5,100,36547,Nyagatare,36.6,17.383333333333336,13376.202,2741.025
5.0,Eastern Province,52.0,Nyagatare,5202.0,Karama,karama,Karama,38.5,30.3,26.1,5.2,100,17802,Huye,31.3,16.35,5572.026,925.7040000000001
5.0,Eastern Province,52.0,Nyagatare,5202.0,Karama,karama,Karama,50.3,25.5,21.6,2.7,100,21261,Kamonyi,24.3,12.800000000000002,5166.423,574.047
5.0,Eastern Province,52.0,Nyagatare,5202.0,Karama,karama,Karama,34.2,26.6,31.1,8.1,100,33037,Nyagatare,39.2,18.849999999999998,12950.504,2675.9970000000003
5.0,Eastern Province,52.0,Nyagatare,5203.0,Karangazi,karangazi,Karangazi,34.7,23.6,27.9,13.8,100,92748,Nyagatare,41.7,20.133333333333336,38675.916,12799.224000000002
5.0,Eastern Province,52.0,Nyagatare,5204.0,Katabagemu,katabagemu,Katabagemu,38.2,25.0,28.5,8.3,100,43261,Nyagatare,36.8,17.816666666666666,15920.047999999999,3590.6630000000005
5.0,Eastern Province,52.0,Nyagatare,5205.0,Kiyombe,kiyombe,Kiyombe,35.0,27.6,31.9,5.5,100,19273,Nyagatare,37.4,17.983333333333334,7208.102,1060.015
5.0,Eastern Province,52.0,Nyagatare,5206.0,Matimba,matimba,Matimba,45.9,22.0,25.0,7.0,100,28442,Nyagatare,32.0,15.5,9101.44,1990.94
5.0,Eastern Province,52.0,Nyagatare,5207.0,Mimuri,mimuri,Mimuri,36.5,24.7,29.2,9.6,100,36771,Nyagatare,38.8,18.65,14267.147999999997,3530.0159999999996
5.0,Eastern Province,52.0,Nyagatare,5208.0,Mukama,mukama,Mukama,30.9,28.1,32.2,8.9,100,26827,Nyagatare,41.1,19.86666666666667,11025.896999999999,2387.603
5.0,Eastern Province,52.0,Nyagatare,5209.0,Musheri,musheri,Musheri,29.9,25.2,32.3,12.6,100,34116,Nyagatare,44.9,21.266666666666666,15318.083999999999,4298.616
5.0,Eastern Province,52.0,Nyagatare,5210.0,Nyagatare,nyagatare,Nyagatare,52.8,19.2,20.8,7.2,100,82927,Nyagatare,28.0,13.733333333333334,23219.56,5970.744000000001
5.0,Eastern Province,52.0,Nyagatare,5211.0,Rukomo,rukomo,Rukomo,38.1,31.8,25.3,4.8,100,27674,Gicumbi,30.1,16.133333333333333,8329.874,1328.3519999999999
5.0,Eastern Province,52.0,Nyagatare,5211.0,Rukomo,rukomo,Rukomo,47.7,22.2,24.8,5.4,100,43649,Nyagatare,30.200000000000003,14.66666666666667,13181.998,2357.0460000000003
5.0,Eastern Province,52.0,Nyagatare,5212.0,Rwempasha,rwempasha,Rwempasha,37.6,25.0,25.4,11.9,100,36543,Nyagatare,37.3,18.583333333333332,13630.538999999999,4348.617
5.0,Eastern Province,52.0,Nyagatare,5213.0,Rwimiyaga,rwimiyaga,Rwimiyaga,33.0,25.1,28.7,13.2,100,77017,Nyagatare,41.9,20.349999999999998,32270.123,10166.243999999999
5.0,Eastern Province,52.0,Nyagatare,5214.0,Tabagwe,tabagwe,Tabagwe,32.3,29.7,28.6,9.5,100,50359,Nyagatare,38.1,19.233333333333334,19186.779000000002,4784.105
5.0,Eastern Province,53.0,Gatsibo,5301.0,Gasange,gasange,Gasange,30.3,25.3,30.9,13.5,100,19365,Gatsibo,44.4,21.266666666666666,8598.06,2614.275
5.0,Eastern Province,53.0,Gatsibo,5302.0,Gatsibo,gatsibo,Gatsibo,44.4,24.9,23.9,6.8,100,38071,Gatsibo,30.7,15.516666666666666,11687.796999999999,2588.828
5.0,Eastern Province,53.0,Gatsibo,5303.0,Gitoki,gitoki,Gitoki,38.7,24.3,28.3,8.6,100,43369,Gatsibo,36.9,17.783333333333335,16003.160999999998,3729.7339999999995
5.0,Eastern Province,53.0,Gatsibo,5304.0,Kabarore,kabarore,Kabarore,42.9,22.9,24.6,9.7,100,69312,Gatsibo,34.3,16.866666666666664,23774.015999999996,6723.263999999999
5.0,Eastern Province,53.0,Gatsibo,5305.0,Kageyo,kageyo,Kageyo,35.0,31.4,28.9,4.7,100,26231,Ngororero,33.6,17.21666666666667,8813.616000000002,1232.8570000000002
5.0,Eastern Province,53.0,Gatsibo,5305.0,Kageyo,kageyo,Kageyo,39.9,28.4,27.4,4.3,100,19969,Gicumbi,31.7,16.016666666666666,6330.172999999999,858.6669999999999
5.0,Eastern Province,53.0,Gatsibo,5305.0,Kageyo,kageyo,Kageyo,31.2,26.4,32.0,10.5,100,25167,Gatsibo,42.5,20.316666666666666,10695.975,2642.535
5.0,Eastern Province,53.0,Gatsibo,5306.0,Kiramuruzi,kiramuruzi,Kiramuruzi,37.2,27.2,26.7,8.9,100,40762,Gatsibo,35.6,17.883333333333333,14511.271999999999,3627.8179999999998
5.0,Eastern Province,53.0,Gatsibo,5307.0,Kiziguro,kiziguro,Kiziguro,45.6,23.1,24.0,7.3,100,39958,Gatsibo,31.3,15.5,12506.854000000001,2916.9339999999997
5.0,Eastern Province,53.0,Gatsibo,5308.0,Muhura,muhura,Muhura,36.9,22.9,29.6,10.6,100,33436,Gatsibo,40.2,18.983333333333334,13441.272000000003,3544.216
5.0,Eastern Province,53.0,Gatsibo,5309.0,Murambi,murambi,Murambi,33.4,33.5,27.6,5.5,100,23012,Karongi,33.1,17.533333333333335,7616.972000000001,1265.66
5.0,Eastern Province,53.0,Gatsibo,5309.0,Murambi,murambi,Murambi,53.5,21.8,20.1,4.6,100,27315,Rulindo,24.700000000000003,12.633333333333333,6746.805000000001,1256.4899999999998
5.0,Eastern Province,53.0,Gatsibo,5309.0,Murambi,murambi,Murambi,34.5,28.0,29.5,8.0,100,36887,Gatsibo,37.5,18.5,13832.625,2950.96
5.0,Eastern Province,53.0,Gatsibo,5310.0,Ngarama,ngarama,Ngarama,35.0,24.9,29.9,10.2,100,38843,Gatsibo,40.099999999999994,19.216666666666665,15576.042999999998,3961.986
5.0,Eastern Province,53.0,Gatsibo,5311.0,Nyagihanga,nyagihanga,Nyagihanga,32.8,24.6,33.8,8.7,100,30114,Gatsibo,42.5,19.716666666666665,12798.45,2619.9179999999997
5.0,Eastern Province,53.0,Gatsibo,5312.0,Remera,remera,Remera,90.8,6.7,2.1,0.4,100,49371,Gasabo,2.5,2.016666666666667,1234.275,197.484
5.0,Eastern Province,53.0,Gatsibo,5312.0,Remera,remera,Remera,51.1,23.5,23.3,2.1,100,19805,Musanze,25.400000000000002,12.733333333333334,5030.47,415.905
5.0,Eastern Province,53.0,Gatsibo,5312.0,Remera,remera,Remera,35.4,23.3,30.7,10.7,100,32297,Gatsibo,41.4,19.466666666666665,13370.958,3455.7789999999995
5.0,Eastern Province,53.0,Gatsibo,5312.0,Remera,remera,Remera,48.1,20.0,24.4,7.5,100,33049,Ngoma,31.9,15.216666666666667,10542.631,2478.675
5.0,Eastern Province,53.0,Gatsibo,5313.0,Rugarama,rugarama,Rugarama,38.0,29.9,28.5,3.6,100,25451,Burera,32.1,16.28333333333333,8169.771000000001,916.2360000000001
5.0,Eastern Province,53.0,Gatsibo,5313.0,Rugarama,rugarama,Rugarama,37.7,26.1,27.9,8.3,100,49927,Gatsibo,36.2,17.8,18073.574,4143.941000000001
5.0,Eastern Province,53.0,Gatsibo,5314.0,Rwimbogo,rwimbogo,Rwimbogo,46.1,21.8,26.8,5.3,100,18710,Rusizi,32.1,15.216666666666667,6005.91,991.63
5.0,Eastern Province,53.0,Gatsibo,5314.0,Rwimbogo,rwimbogo,Rwimbogo,30.8,29.7,30.1,9.4,100,47136,Gatsibo,39.5,19.683333333333334,18618.72,4430.784000000001
5.0,Eastern Province,54.0,Kayonza,5401.0,Gahini,gahini,Gahini,38.6,23.3,27.2,10.9,100,44585,Kayonza,38.1,18.4,16986.885,4859.765
5.0,Eastern Province,54.0,Kayonza,5402.0,Kabare,kabare,Kabare,33.1,25.4,31.6,9.8,100,40334,Kayonza,41.400000000000006,19.666666666666668,16698.276,3952.732
5.0,Eastern Province,54.0,Kayonza,5403.0,Kabarondo,kabarondo,Kabarondo,49.9,21.1,22.1,6.9,100,39019,Kayonza,29.0,14.333333333333334,11315.51,2692.311
5.0,Eastern Province,54.0,Kayonza,5404.0,Mukarange,mukarange,Mukarange,40.7,29.6,26.2,3.5,100,17718,Gicumbi,29.7,15.416666666666666,5262.246,620.13
5.0,Eastern Province,54.0,Kayonza,5404.0,Mukarange,mukarange,Mukarange,61.9,16.5,16.1,5.5,100,58656,Kayonza,21.6,10.866666666666667,12669.696000000002,3226.08
5.0,Eastern Province,54.0,Kayonza,5405.0,Murama,murama,Murama,43.9,24.4,26.3,5.4,100,23624,Kayonza,31.700000000000003,15.533333333333337,7488.808000000001,1275.6960000000001
5.0,Eastern Province,54.0,Kayonza,5405.0,Murama,murama,Murama,46.1,22.7,25.6,5.6,100,27846,Ngoma,31.200000000000003,15.116666666666667,8687.952000000001,1559.3759999999997
5.0,Eastern Province,54.0,Kayonza,5406.0,Murundi,murundi,Murundi,20.9,34.4,34.7,10.0,100,28174,Karongi,44.7,22.3,12593.778,2817.4
5.0,Eastern Province,54.0,Kayonza,5406.0,Murundi,murundi,Murundi,29.2,25.7,32.5,12.6,100,56261,Kayonza,45.1,21.416666666666668,25373.711,7088.8859999999995
5.0,Eastern Province,54.0,Kayonza,5407.0,Mwiri,mwiri,Mwiri,38.9,23.2,28.0,9.8,100,35228,Kayonza,37.8,18.1,13316.184,3452.344
5.0,Eastern Province,54.0,Kayonza,5408.0,Ndego,ndego,Ndego,27.7,29.9,32.6,9.9,100,23848,Kayonza,42.5,20.8,10135.4,2360.952
5.0,Eastern Province,54.0,Kayonza,5409.0,Nyamirama,nyamirama,Nyamirama,44.2,22.1,25.6,8.1,100,38763,Kayonza,33.7,16.266666666666666,13063.131000000001,3139.803
5.0,Eastern Province,54.0,Kayonza,5410.0,Rukara,rukara,Rukara,45.8,25.3,22.2,6.7,100,37323,Kayonza,28.9,14.966666666666667,10786.347,2500.641
5.0,Eastern Province,54.0,Kayonza,5411.0,Ruramira,ruramira,Ruramira,32.0,24.5,33.1,10.4,100,21972,Kayonza,43.5,20.316666666666666,9557.82,2285.088
5.0,Eastern Province,54.0,Kayonza,5412.0,Rwinkwavu,rwinkwavu,Rwinkwavu,38.4,25.2,27.7,8.7,100,36975,Kayonza,36.4,17.783333333333335,13458.9,3216.825
5.0,Eastern Province,55.0,Kirehe,5501.0,Gahara,gahara,Gahara,35.0,20.1,34.9,10.0,100,44137,Kirehe,44.9,19.983333333333334,19817.513,4413.7
5.0,Eastern Province,55.0,Kirehe,5502.0,Gatore,gatore,Gatore,42.6,23.1,26.2,8.2,100,31413,Kirehe,34.4,16.683333333333334,10806.072,2575.866
5.0,Eastern Province,55.0,Kirehe,5503.0,Kigarama,kigarama,Kigarama,86.4,8.8,3.9,0.8,100,70740,Kicukiro,4.7,3.1666666666666665,3324.78,565.92
5.0,Eastern Province,55.0,Kirehe,5503.0,Kigarama,kigarama,Kigarama,34.7,24.3,32.6,8.4,100,37679,Kirehe,41.0,19.116666666666667,15448.39,3165.0360000000005
5.0,Eastern Province,55.0,Kirehe,5504.0,Kigina,kigina,Kigina,45.7,23.3,24.4,6.6,100,35632,Kirehe,31.0,15.316666666666665,11045.92,2351.712
5.0,Eastern Province,55.0,Kirehe,5505.0,Kirehe,kirehe,Kirehe,48.6,24.2,21.8,5.3,100,30473,Kirehe,27.1,13.950000000000001,8258.183,1615.069
5.0,Eastern Province,55.0,Kirehe,5506.0,Mahama,mahama,Mahama,64.1,12.1,20.6,3.2,100,75542,Kirehe,23.8,10.483333333333334,17978.996,2417.344
5.0,Eastern Province,55.0,Kirehe,5507.0,Mpanga,mpanga,Mpanga,33.9,25.4,32.0,8.6,100,39346,Kirehe,40.6,19.2,15974.476,3383.756
5.0,Eastern Province,55.0,Kirehe,5508.0,Musaza,musaza,Musaza,38.4,23.3,29.8,8.5,100,30401,Kirehe,38.3,18.066666666666666,11643.582999999999,2584.085
5.0,Eastern Province,55.0,Kirehe,5509.0,Mushikiri,mushikiri,Mushikiri,40.4,25.4,27.7,6.5,100,32965,Kirehe,34.2,16.71666666666667,11274.03,2142.725
5.0,Eastern Province,55.0,Kirehe,5510.0,Nasho,nasho,Nasho,39.6,26.3,27.0,7.2,100,33588,Kirehe,34.2,16.98333333333333,11487.096000000001,2418.3360000000002
5.0,Eastern Province,55.0,Kirehe,5511.0,Nyamugari,nyamugari,Nyamugari,35.7,24.5,30.4,9.4,100,42145,Kirehe,39.8,18.916666666666668,16773.71,3961.63
5.0,Eastern Province,55.0,Kirehe,5512.0,Nyarubuye,nyarubuye,Nyarubuye,37.5,24.5,30.0,8.0,100,22064,Kirehe,38.0,18.083333333333332,8384.32,1765.12
5.0,Eastern Province,56.0,Ngoma,5601.0,Gashanda,gashanda,Gashanda,39.8,23.1,29.1,8.0,100,20233,Ngoma,37.1,17.55,7506.443,1618.64
5.0,Eastern Province,56.0,Ngoma,5602.0,Jarama,jarama,Jarama,24.9,22.7,34.9,17.5,100,31001,Ngoma,52.4,24.166666666666668,16244.524,5425.175
5.0,Eastern Province,56.0,Ngoma,5603.0,Karembo,karembo,Karembo,40.5,23.1,26.8,9.5,100,17918,Ngoma,36.3,17.53333333333333,6504.2339999999995,1702.21
5.0,Eastern Province,56.0,Ngoma,5604.0,Kazo,kazo,Kazo,40.8,23.4,27.1,8.7,100,33073,Ngoma,35.8,17.28333333333333,11840.133999999998,2877.3509999999997
5.0,Eastern Province,56.0,Ngoma,5605.0,Kibungo,kibungo,Kibungo,63.9,16.2,16.1,3.8,100,30989,Ngoma,19.900000000000002,9.966666666666667,6166.811000000001,1177.5819999999999
5.0,Eastern Province,56.0,Ngoma,5606.0,Mugesera,mugesera,Mugesera,36.9,24.6,30.4,8.2,100,29814,Ngoma,38.599999999999994,18.333333333333332,11508.204,2444.748
5.0,Eastern Province,56.0,Ngoma,5607.0,Murama,murama,Murama,43.9,24.4,26.3,5.4,100,23624,Kayonza,31.700000000000003,15.533333333333337,7488.808000000001,1275.6960000000001
5.0,Eastern Province,56.0,Ngoma,5607.0,Murama,murama,Murama,46.1,22.7,25.6,5.6,100,27846,Ngoma,31.200000000000003,15.116666666666667,8687.952000000001,1559.3759999999997
5.0,Eastern Province,56.0,Ngoma,5608.0,Mutenderi,mutenderi,Mutenderi,42.3,23.9,26.7,7.0,100,25739,Ngoma,33.7,16.383333333333336,8674.043,1801.73
5.0,Eastern Province,56.0,Ngoma,5609.0,Remera,remera,Remera,90.8,6.7,2.1,0.4,100,49371,Gasabo,2.5,2.016666666666667,1234.275,197.484
5.0,Eastern Province,56.0,Ngoma,5609.0,Remera,remera,Remera,51.1,23.5,23.3,2.1,100,19805,Musanze,25.400000000000002,12.733333333333334,5030.47,415.905
5.0,Eastern Province,56.0,Ngoma,5609.0,Remera,remera,Remera,35.4,23.3,30.7,10.7,100,32297,Gatsibo,41.4,19.466666666666665,13370.958,3455.7789999999995
5.0,Eastern Province,56.0,Ngoma,5609.0,Remera,remera,Remera,48.1,20.0,24.4,7.5,100,33049,Ngoma,31.9,15.216666666666667,10542.631,2478.675
5.0,Eastern Province,56.0,Ngoma,5610.0,Rukira,rukira,Rukira,49.7,22.0,23.7,4.6,100,29946,Ngoma,28.299999999999997,13.866666666666665,8474.717999999999,1377.5159999999998
5.0,Eastern Province,56.0,Ngoma,5611.0,Rukumberi,rukumberi,Rukumberi,27.1,21.4,31.5,20.0,100,39946,Ngoma,51.5,24.066666666666666,20572.19,7989.2
5.0,Eastern Province,56.0,Ngoma,5612.0,Rurenge,rurenge,Rurenge,37.4,25.9,29.4,7.3,100,33876,Ngoma,36.699999999999996,17.766666666666666,12432.492,2472.948
5.0,Eastern Province,56.0,Ngoma,5613.0,Sake,sake,Sake,33.9,22.1,30.1,13.9,100,28710,Ngoma,44.0,20.666666666666668,12632.4,3990.69
5.0,Eastern Province,56.0,Ngoma,5614.0,Zaza,zaza,Zaza,38.9,23.8,26.9,10.3,100,28074,Ngoma,37.2,18.083333333333332,10443.528,2891.6220000000003
5.0,Eastern Province,57.0,Bugesera,5701.0,Gashora,gashora,Gashora,51.5,21.5,20.2,6.8,100,33560,Bugesera,27.0,13.716666666666667,9061.2,2282.08
5.0,Eastern Province,57.0,Bugesera,5702.0,Juru,juru,Juru,31.2,27.6,30.3,10.9,100,34020,Bugesera,41.2,20.150000000000002,14016.24,3708.18
5.0,Eastern Province,57.0,Bugesera,5703.0,Kamabuye,kamabuye,Kamabuye,31.4,26.9,30.5,11.2,100,23660,Bugesera,41.7,20.25,9866.220000000001,2649.92
5.0,Eastern Province,57.0,Bugesera,5704.0,Mareba,mareba,Mareba,29.9,21.7,32.9,15.4,100,28866,Bugesera,48.3,22.28333333333333,13942.277999999998,4445.3640000000005
5.0,Eastern Province,57.0,Bugesera,5705.0,Mayange,mayange,Mayange,63.1,18.3,15.0,3.6,100,53266,Bugesera,18.6,9.85,9907.476,1917.576
5.0,Eastern Province,57.0,Bugesera,5706.0,Musenyi,musenyi,Musenyi,32.7,23.8,31.5,12.0,100,39886,Bugesera,43.5,20.466666666666665,17350.41,4786.32
5.0,Eastern Province,57.0,Bugesera,5707.0,Mwogo,mwogo,Mwogo,30.6,27.0,30.4,12.0,100,31373,Bugesera,42.4,20.633333333333333,13302.152,3764.76
5.0,Eastern Province,57.0,Bugesera,5708.0,Ngeruka,ngeruka,Ngeruka,28.5,23.0,33.4,15.1,100,35192,Bugesera,48.5,22.516666666666666,17068.12,5313.991999999999
5.0,Eastern Province,57.0,Bugesera,5709.0,Ntarama,ntarama,Ntarama,54.2,17.9,18.2,9.7,100,50127,Bugesera,27.9,13.9,13985.432999999997,4862.3189999999995
5.0,Eastern Province,57.0,Bugesera,5710.0,Nyamata,nyamata,Nyamata,67.9,15.7,12.5,3.9,100,85982,Bugesera,16.4,8.733333333333334,14101.047999999999,3353.298
5.0,Eastern Province,57.0,Bugesera,5711.0,Nyarugenge,nyarugenge,Nyarugenge,90.6,7.0,2.2,0.2,100,20673,Nyarugenge,2.4000000000000004,2.0,496.15200000000004,41.346000000000004
5.0,Eastern Province,57.0,Bugesera,5711.0,Nyarugenge,nyarugenge,Nyarugenge,32.0,24.0,31.0,13.0,100,25347,Bugesera,44.0,20.833333333333332,11152.68,3295.11
5.0,Eastern Province,57.0,Bugesera,5712.0,Rilima,rilima,Rilima,58.0,21.1,16.8,4.1,100,28818,Bugesera,20.9,11.166666666666666,6022.9619999999995,1181.5379999999998
5.0,Eastern Province,57.0,Bugesera,5713.0,Ruhuha,ruhuha,Ruhuha,44.2,21.4,24.8,9.5,100,28654,Bugesera,34.3,16.583333333333332,9828.322,2722.13
5.0,Eastern Province,57.0,Bugesera,5714.0,Rweru,rweru,Rweru,32.0,23.3,29.1,15.6,100,35800,Bugesera,44.7,21.383333333333336,16002.6,5584.8
5.0,Eastern Province,57.0,Bugesera,5715.0,Shyara,shyara,Shyara,25.6,23.9,34.1,16.4,100,16366,Bugesera,50.5,23.55,8264.83,2684.0239999999994
